0 verbose cli /usr/bin/node /usr/bin/npm
1 info using npm@10.9.9
2 info using node@v22.23.3
3 silly config load:file:/usr/lib/node_modules/npm/npmrc
4 silly config load:file:/root/catalogo-oficial/.npmrc
5 silly config load:file:/root/.npmrc
6 silly config load:file:/usr/etc/npmrc
7 verbose title npm install astro @astrojs/tailwind tailwindcss
8 verbose argv "install" "astro" "@astrojs/tailwind" "tailwindcss"
9 verbose logfile logs-max:10 dir:/root/.npm/_logs/2026-10-01T01_50_34_587Z-
10 verbose logfile /root/.npm/_logs/2026-10-01T01_50_34_587Z-debug-0.log
11 silly logfile start cleaning logs, removing 1 files
12 silly logfile done cleaning log files
13 silly packumentCache heap:2197815296 maxSize:549453824 maxEntrySize:274726912
14 silly idealTree buildDeps
15 silly fetch manifest astro@*
16 silly packumentCache full:https://registry.npmjs.org/astro cache-miss
17 http fetch GET 200 https://registry.npmjs.org/astro 165ms (cache revalidated)
18 silly packumentCache full:https://registry.npmjs.org/astro set size:9521149 disposed:false
19 silly fetch manifest @astrojs/markdown-remark@^7.3.0
20 silly packumentCache full:https://registry.npmjs.org/@astrojs%2fmarkdown-remark cache-miss
21 http fetch GET 200 https://registry.npmjs.org/@astrojs%2fmarkdown-remark 288ms (cache revalidated)
22 silly packumentCache full:https://registry.npmjs.org/@astrojs%2fmarkdown-remark set size:615385 disposed:false
23 silly fetch manifest @astrojs/tailwind@*
24 silly packumentCache full:https://registry.npmjs.org/@astrojs%2ftailwind cache-miss
25 http fetch GET 200 https://registry.npmjs.org/@astrojs%2ftailwind 561ms (cache miss)
26 silly packumentCache full:https://registry.npmjs.org/@astrojs%2ftailwind set size:undefined disposed:false
27 silly fetch manifest astro@^3.0.0 || ^4.0.0 || ^5.0.0
28 silly packumentCache full:https://registry.npmjs.org/astro cache-miss
29 http cache https://registry.npmjs.org/astro 53ms (cache hit)
30 silly packumentCache full:https://registry.npmjs.org/astro set size:9521149 disposed:false
31 silly fetch manifest tailwindcss@*
32 silly packumentCache full:https://registry.npmjs.org/tailwindcss cache-miss
33 http fetch GET 200 https://registry.npmjs.org/tailwindcss 102ms (cache revalidated)
34 silly packumentCache full:https://registry.npmjs.org/tailwindcss set size:10893093 disposed:false
35 silly fetch manifest tailwindcss@^3.0.24
36 silly packumentCache full:https://registry.npmjs.org/tailwindcss cache-miss
37 http cache https://registry.npmjs.org/tailwindcss 63ms (cache hit)
38 silly packumentCache full:https://registry.npmjs.org/tailwindcss set size:10893093 disposed:false
39 silly placeDep ROOT @astrojs/tailwind@6.0.2 OK for: catalogo-oficial@1.0.0 want: *
40 silly placeDep ROOT astro@5.18.2 OK for: @astrojs/tailwind@6.0.2 want: ^3.0.0 || ^4.0.0 || ^5.0.0
41 silly placeDep ROOT tailwindcss@3.4.19 OK for: @astrojs/tailwind@6.0.2 want: ^3.0.24
42 silly placeDep ROOT astro@7.3.5 REPLACE for: catalogo-oficial@1.0.0 want: *
43 warn ERESOLVE overriding peer dependency {
43 warn ERESOLVE   code: 'ERESOLVE',
43 warn ERESOLVE   edge: {
43 warn ERESOLVE     type: 'peer',
43 warn ERESOLVE     name: 'astro',
43 warn ERESOLVE     spec: '^3.0.0 || ^4.0.0 || ^5.0.0',
43 warn ERESOLVE     from: {
43 warn ERESOLVE       name: '@astrojs/tailwind',
43 warn ERESOLVE       version: '6.0.2',
43 warn ERESOLVE       location: 'node_modules/@astrojs/tailwind',
43 warn ERESOLVE       isWorkspace: false,
43 warn ERESOLVE       dependents: [Array]
43 warn ERESOLVE     }
43 warn ERESOLVE   },
43 warn ERESOLVE   dep: {
43 warn ERESOLVE     name: 'astro',
43 warn ERESOLVE     version: '7.3.5',
43 warn ERESOLVE     whileInstalling: {
43 warn ERESOLVE       name: 'catalogo-oficial',
43 warn ERESOLVE       version: '1.0.0',
43 warn ERESOLVE       path: '/root/catalogo-oficial'
43 warn ERESOLVE     },
43 warn ERESOLVE     location: 'node_modules/astro',
43 warn ERESOLVE     isWorkspace: false,
43 warn ERESOLVE     dependents: [ [Object] ]
43 warn ERESOLVE   },
43 warn ERESOLVE   force: false,
43 warn ERESOLVE   isMine: true,
43 warn ERESOLVE   strictPeerDeps: false,
43 warn ERESOLVE   current: {
43 warn ERESOLVE     name: 'astro',
43 warn ERESOLVE     version: '5.18.2',
43 warn ERESOLVE     location: 'node_modules/astro',
43 warn ERESOLVE     isWorkspace: false,
43 warn ERESOLVE     dependents: [ [Object], [Object] ]
43 warn ERESOLVE   }
43 warn ERESOLVE }
44 silly placeDep ROOT tailwindcss@3.4.19 REPLACE for: catalogo-oficial@1.0.0 want: *
45 silly fetch manifest postcss@^8.5.3
46 silly packumentCache full:https://registry.npmjs.org/postcss cache-miss
47 silly fetch manifest autoprefixer@^10.4.21
48 silly packumentCache full:https://registry.npmjs.org/autoprefixer cache-miss
49 silly fetch manifest postcss-load-config@^4.0.2
50 silly packumentCache full:https://registry.npmjs.org/postcss-load-config cache-miss
51 http fetch GET 200 https://registry.npmjs.org/autoprefixer 41ms (cache revalidated)
52 silly packumentCache full:https://registry.npmjs.org/autoprefixer set size:1414323 disposed:false
53 silly fetch manifest arg@^5.0.2
54 silly packumentCache full:https://registry.npmjs.org/arg cache-miss
55 http fetch GET 200 https://registry.npmjs.org/postcss-load-config 68ms (cache revalidated)
56 silly packumentCache full:https://registry.npmjs.org/postcss-load-config set size:86425 disposed:false
57 silly fetch manifest dlv@^1.1.3
58 silly packumentCache full:https://registry.npmjs.org/dlv cache-miss
59 http fetch GET 200 https://registry.npmjs.org/postcss 74ms (cache revalidated)
60 silly packumentCache full:https://registry.npmjs.org/postcss set size:766699 disposed:false
61 silly fetch manifest jiti@^1.21.7
62 silly packumentCache full:https://registry.npmjs.org/jiti cache-miss
63 http fetch GET 200 https://registry.npmjs.org/arg 44ms (cache revalidated)
64 silly packumentCache full:https://registry.npmjs.org/arg set size:67036 disposed:false
65 silly fetch manifest is-glob@^4.0.3
66 silly packumentCache full:https://registry.npmjs.org/is-glob cache-miss
67 http fetch GET 200 https://registry.npmjs.org/jiti 37ms (cache revalidated)
68 silly packumentCache full:https://registry.npmjs.org/jiti set size:387989 disposed:false
69 silly fetch manifest postcss@^8.4.47
70 silly packumentCache full:https://registry.npmjs.org/postcss cache-hit
71 silly fetch manifest resolve@^1.22.8
72 silly packumentCache full:https://registry.npmjs.org/resolve cache-miss
73 http fetch GET 200 https://registry.npmjs.org/is-glob 25ms (cache revalidated)
74 silly packumentCache full:https://registry.npmjs.org/is-glob set size:40530 disposed:false
75 silly fetch manifest sucrase@^3.35.0
76 silly packumentCache full:https://registry.npmjs.org/sucrase cache-miss
77 http fetch GET 200 https://registry.npmjs.org/resolve 27ms (cache revalidated)
78 silly packumentCache full:https://registry.npmjs.org/resolve set size:244568 disposed:false
79 silly fetch manifest chokidar@^3.6.0
80 silly packumentCache full:https://registry.npmjs.org/chokidar cache-miss
81 http fetch GET 200 https://registry.npmjs.org/sucrase 30ms (cache revalidated)
82 silly packumentCache full:https://registry.npmjs.org/sucrase set size:449399 disposed:false
83 silly fetch manifest fast-glob@^3.3.2
84 silly packumentCache full:https://registry.npmjs.org/fast-glob cache-miss
85 http fetch GET 200 https://registry.npmjs.org/chokidar 56ms (cache revalidated)
86 silly packumentCache full:https://registry.npmjs.org/chokidar set size:255902 disposed:false
87 silly fetch manifest lilconfig@^3.1.3
88 silly packumentCache full:https://registry.npmjs.org/lilconfig cache-miss
89 http fetch GET 200 https://registry.npmjs.org/fast-glob 56ms (cache revalidated)
90 silly packumentCache full:https://registry.npmjs.org/fast-glob set size:220556 disposed:false
91 silly fetch manifest didyoumean@^1.2.2
92 silly packumentCache full:https://registry.npmjs.org/didyoumean cache-miss
93 http fetch GET 200 https://registry.npmjs.org/didyoumean 25ms (cache revalidated)
94 silly packumentCache full:https://registry.npmjs.org/didyoumean set size:11446 disposed:false
95 silly fetch manifest micromatch@^4.0.8
96 silly packumentCache full:https://registry.npmjs.org/micromatch cache-miss
97 http fetch GET 200 https://registry.npmjs.org/lilconfig 36ms (cache revalidated)
98 silly packumentCache full:https://registry.npmjs.org/lilconfig set size:45636 disposed:false
99 silly fetch manifest picocolors@^1.1.1
100 silly packumentCache full:https://registry.npmjs.org/picocolors cache-miss
101 http fetch GET 200 https://registry.npmjs.org/dlv 218ms (cache revalidated)
102 silly packumentCache full:https://registry.npmjs.org/dlv set size:16709 disposed:false
103 silly fetch manifest postcss-js@^4.0.1
104 silly packumentCache full:https://registry.npmjs.org/postcss-js cache-miss
105 http fetch GET 200 https://registry.npmjs.org/micromatch 26ms (cache revalidated)
106 silly packumentCache full:https://registry.npmjs.org/micromatch set size:240630 disposed:false
107 silly fetch manifest glob-parent@^6.0.2
108 silly packumentCache full:https://registry.npmjs.org/glob-parent cache-miss
109 http fetch GET 200 https://registry.npmjs.org/picocolors 31ms (cache revalidated)
110 silly packumentCache full:https://registry.npmjs.org/picocolors set size:16648 disposed:false
111 silly fetch manifest object-hash@^3.0.0
112 silly packumentCache full:https://registry.npmjs.org/object-hash cache-miss
113 http fetch GET 200 https://registry.npmjs.org/glob-parent 30ms (cache revalidated)
114 silly packumentCache full:https://registry.npmjs.org/glob-parent set size:42445 disposed:false
115 silly fetch manifest normalize-path@^3.0.0
116 silly packumentCache full:https://registry.npmjs.org/normalize-path cache-miss
117 http fetch GET 200 https://registry.npmjs.org/postcss-js 40ms (cache revalidated)
118 silly packumentCache full:https://registry.npmjs.org/postcss-js set size:51308 disposed:false
119 silly fetch manifest postcss-import@^15.1.0
120 silly packumentCache full:https://registry.npmjs.org/postcss-import cache-miss
121 http fetch GET 200 https://registry.npmjs.org/object-hash 36ms (cache revalidated)
122 silly packumentCache full:https://registry.npmjs.org/object-hash set size:100564 disposed:false
123 silly fetch manifest postcss-nested@^6.2.0
124 silly packumentCache full:https://registry.npmjs.org/postcss-nested cache-miss
125 http fetch GET 200 https://registry.npmjs.org/normalize-path 42ms (cache revalidated)
126 silly packumentCache full:https://registry.npmjs.org/normalize-path set size:28713 disposed:false
127 silly fetch manifest @alloc/quick-lru@^5.2.0
128 silly packumentCache full:https://registry.npmjs.org/@alloc%2fquick-lru cache-miss
129 http fetch GET 200 https://registry.npmjs.org/postcss-nested 35ms (cache revalidated)
130 silly packumentCache full:https://registry.npmjs.org/postcss-nested set size:83321 disposed:false
131 silly fetch manifest postcss-load-config@^4.0.2 || ^5.0 || ^6.0
132 silly packumentCache full:https://registry.npmjs.org/postcss-load-config cache-hit
133 silly fetch manifest postcss-selector-parser@^6.1.2
134 silly packumentCache full:https://registry.npmjs.org/postcss-selector-parser cache-miss
135 http fetch GET 200 https://registry.npmjs.org/postcss-selector-parser 29ms (cache revalidated)
136 silly packumentCache full:https://registry.npmjs.org/postcss-selector-parser set size:199901 disposed:false
137 silly fetch manifest zod@^3.25.76
138 silly packumentCache full:https://registry.npmjs.org/zod cache-miss
139 http fetch GET 200 https://registry.npmjs.org/@alloc%2fquick-lru 47ms (cache revalidated)
140 silly packumentCache full:https://registry.npmjs.org/@alloc%2fquick-lru set size:10833 disposed:false
141 silly fetch manifest clsx@^2.1.1
142 silly packumentCache full:https://registry.npmjs.org/clsx cache-miss
143 http fetch GET 200 https://registry.npmjs.org/clsx 24ms (cache revalidated)
144 silly packumentCache full:https://registry.npmjs.org/clsx set size:42531 disposed:false
145 silly fetch manifest diff@^8.0.3
146 silly packumentCache full:https://registry.npmjs.org/diff cache-miss
147 http fetch GET 200 https://registry.npmjs.org/zod 43ms (cache revalidated)
148 silly packumentCache full:https://registry.npmjs.org/zod set size:4166672 disposed:false
149 silly fetch manifest dset@^3.1.4
150 silly packumentCache full:https://registry.npmjs.org/dset cache-miss
151 http fetch GET 200 https://registry.npmjs.org/diff 83ms (cache revalidated)
152 silly packumentCache full:https://registry.npmjs.org/diff set size:154400 disposed:false
153 silly fetch manifest svgo@^4.0.0
154 silly packumentCache full:https://registry.npmjs.org/svgo cache-miss
155 http fetch GET 200 https://registry.npmjs.org/postcss-import 212ms (cache revalidated)
156 silly packumentCache full:https://registry.npmjs.org/postcss-import set size:125042 disposed:false
157 silly fetch manifest vite@^6.4.1
158 silly packumentCache full:https://registry.npmjs.org/vite cache-miss
159 http fetch GET 200 https://registry.npmjs.org/svgo 45ms (cache revalidated)
160 silly packumentCache full:https://registry.npmjs.org/svgo set size:329744 disposed:false
161 silly fetch manifest acorn@^8.15.0
162 silly packumentCache full:https://registry.npmjs.org/acorn cache-miss
163 http fetch GET 200 https://registry.npmjs.org/acorn 47ms (cache miss)
164 silly packumentCache full:https://registry.npmjs.org/acorn set size:undefined disposed:false
165 silly fetch manifest boxen@8.0.1
166 silly packumentCache full:https://registry.npmjs.org/boxen cache-miss
167 http fetch GET 200 https://registry.npmjs.org/vite 189ms (cache revalidated)
168 silly packumentCache full:https://registry.npmjs.org/vite set size:38950704 disposed:false
169 silly fetch manifest debug@^4.4.3
170 silly packumentCache full:https://registry.npmjs.org/debug cache-miss
171 http fetch GET 200 https://registry.npmjs.org/boxen 679ms (cache revalidated)
172 silly packumentCache full:https://registry.npmjs.org/boxen set size:101678 disposed:false
173 silly fetch manifest shiki@^3.21.0
174 silly packumentCache full:https://registry.npmjs.org/shiki cache-miss
175 http fetch GET 200 https://registry.npmjs.org/dset 837ms (cache revalidated)
176 silly packumentCache full:https://registry.npmjs.org/dset set size:33440 disposed:false
177 silly fetch manifest vfile@^6.0.3
178 silly packumentCache full:https://registry.npmjs.org/vfile cache-miss
179 http fetch GET 200 https://registry.npmjs.org/debug 25ms (cache revalidated)
180 silly packumentCache full:https://registry.npmjs.org/debug set size:195840 disposed:false
181 silly fetch manifest cookie@^1.1.1
182 silly packumentCache full:https://registry.npmjs.org/cookie cache-miss
183 http fetch GET 200 https://registry.npmjs.org/vfile 26ms (cache revalidated)
184 silly packumentCache full:https://registry.npmjs.org/vfile set size:172678 disposed:false
185 silly fetch manifest cssesc@^3.0.0
186 silly packumentCache full:https://registry.npmjs.org/cssesc cache-miss
187 http fetch GET 200 https://registry.npmjs.org/cookie 27ms (cache revalidated)
188 silly packumentCache full:https://registry.npmjs.org/cookie set size:78274 disposed:false
189 silly fetch manifest mrmime@^2.0.1
190 silly packumentCache full:https://registry.npmjs.org/mrmime cache-miss
191 http fetch GET 200 https://registry.npmjs.org/cssesc 31ms (cache revalidated)
192 silly packumentCache full:https://registry.npmjs.org/cssesc set size:18815 disposed:false
193 silly fetch manifest rehype@^13.0.2
194 silly packumentCache full:https://registry.npmjs.org/rehype cache-miss
195 http fetch GET 200 https://registry.npmjs.org/mrmime 32ms (cache revalidated)
196 silly packumentCache full:https://registry.npmjs.org/mrmime set size:17044 disposed:false
197 silly fetch manifest semver@^7.7.3
198 silly packumentCache full:https://registry.npmjs.org/semver cache-miss
199 http fetch GET 200 https://registry.npmjs.org/semver 25ms (cache revalidated)
200 silly packumentCache full:https://registry.npmjs.org/semver set size:246128 disposed:false
201 silly fetch manifest vitefu@^1.1.1
202 silly packumentCache full:https://registry.npmjs.org/vitefu cache-miss
203 http fetch GET 200 https://registry.npmjs.org/vitefu 29ms (cache revalidated)
204 silly packumentCache full:https://registry.npmjs.org/vitefu set size:46970 disposed:false
205 silly fetch manifest ci-info@^4.3.1
206 silly packumentCache full:https://registry.npmjs.org/ci-info cache-miss
207 http fetch GET 200 https://registry.npmjs.org/ci-info 23ms (cache revalidated)
208 silly packumentCache full:https://registry.npmjs.org/ci-info set size:91363 disposed:false
209 silly fetch manifest devalue@^5.6.2
210 silly packumentCache full:https://registry.npmjs.org/devalue cache-miss
211 http fetch GET 200 https://registry.npmjs.org/shiki 196ms (cache revalidated)
212 silly packumentCache full:https://registry.npmjs.org/shiki set size:632790 disposed:false
213 silly fetch manifest esbuild@^0.27.3
214 silly packumentCache full:https://registry.npmjs.org/esbuild cache-miss
215 http fetch GET 200 https://registry.npmjs.org/esbuild 31ms (cache revalidated)
216 silly packumentCache full:https://registry.npmjs.org/esbuild set size:1264676 disposed:false
217 silly fetch manifest flattie@^1.1.1
218 silly packumentCache full:https://registry.npmjs.org/flattie cache-miss
219 http fetch GET 200 https://registry.npmjs.org/rehype 215ms (cache miss)
220 silly packumentCache full:https://registry.npmjs.org/rehype set size:undefined disposed:false
221 silly fetch manifest fontace@~0.4.0
222 silly packumentCache full:https://registry.npmjs.org/fontace cache-miss
223 http fetch GET 200 https://registry.npmjs.org/flattie 38ms (cache revalidated)
224 silly packumentCache full:https://registry.npmjs.org/flattie set size:13792 disposed:false
225 silly fetch manifest js-yaml@^4.1.1
226 silly packumentCache full:https://registry.npmjs.org/js-yaml cache-miss
227 http fetch GET 200 https://registry.npmjs.org/fontace 21ms (cache revalidated)
228 silly packumentCache full:https://registry.npmjs.org/fontace set size:23186 disposed:false
229 silly fetch manifest p-limit@^6.2.0
230 silly packumentCache full:https://registry.npmjs.org/p-limit cache-miss
231 http fetch GET 200 https://registry.npmjs.org/js-yaml 30ms (cache revalidated)
232 silly packumentCache full:https://registry.npmjs.org/js-yaml set size:198692 disposed:false
233 silly fetch manifest p-queue@^8.1.1
234 silly packumentCache full:https://registry.npmjs.org/p-queue cache-miss
235 http fetch GET 200 https://registry.npmjs.org/p-limit 33ms (cache revalidated)
236 silly packumentCache full:https://registry.npmjs.org/p-limit set size:68604 disposed:false
237 silly fetch manifest prompts@^2.4.2
238 silly packumentCache full:https://registry.npmjs.org/prompts cache-miss
239 http fetch GET 200 https://registry.npmjs.org/devalue 205ms (cache revalidated)
240 silly packumentCache full:https://registry.npmjs.org/devalue set size:138949 disposed:false
241 silly fetch manifest unifont@~0.7.3
242 silly packumentCache full:https://registry.npmjs.org/unifont cache-miss
243 http fetch GET 200 https://registry.npmjs.org/prompts 55ms (cache miss)
244 silly packumentCache full:https://registry.npmjs.org/prompts set size:undefined disposed:false
245 silly fetch manifest magicast@^0.5.1
246 silly packumentCache full:https://registry.npmjs.org/magicast cache-miss
247 http fetch GET 200 https://registry.npmjs.org/unifont 31ms (cache revalidated)
248 silly packumentCache full:https://registry.npmjs.org/unifont set size:77164 disposed:false
249 silly fetch manifest tinyexec@^1.0.2
250 silly packumentCache full:https://registry.npmjs.org/tinyexec cache-miss
251 http fetch GET 200 https://registry.npmjs.org/magicast 28ms (cache revalidated)
252 silly packumentCache full:https://registry.npmjs.org/magicast set size:90121 disposed:false
253 silly fetch manifest tsconfck@^3.1.6
254 silly packumentCache full:https://registry.npmjs.org/tsconfck cache-miss
255 http fetch GET 200 https://registry.npmjs.org/tinyexec 24ms (cache revalidated)
256 silly packumentCache full:https://registry.npmjs.org/tinyexec set size:68252 disposed:false
257 silly fetch manifest piccolore@^0.1.3
258 silly packumentCache full:https://registry.npmjs.org/piccolore cache-miss
259 http fetch GET 200 https://registry.npmjs.org/p-queue 209ms (cache revalidated)
260 silly packumentCache full:https://registry.npmjs.org/p-queue set size:187782 disposed:false
261 silly fetch manifest picomatch@^4.0.3
262 silly packumentCache full:https://registry.npmjs.org/picomatch cache-miss
263 http fetch GET 200 https://registry.npmjs.org/picomatch 24ms (cache revalidated)
264 silly packumentCache full:https://registry.npmjs.org/picomatch set size:134451 disposed:false
265 silly fetch manifest smol-toml@^1.6.0
266 silly packumentCache full:https://registry.npmjs.org/smol-toml cache-miss
267 http fetch GET 200 https://registry.npmjs.org/smol-toml 33ms (cache revalidated)
268 silly packumentCache full:https://registry.npmjs.org/smol-toml set size:104544 disposed:false
269 silly fetch manifest ultrahtml@^1.6.0
270 silly packumentCache full:https://registry.npmjs.org/ultrahtml cache-miss
271 http fetch GET 200 https://registry.npmjs.org/ultrahtml 22ms (cache revalidated)
272 silly packumentCache full:https://registry.npmjs.org/ultrahtml set size:122052 disposed:false
273 silly fetch manifest unstorage@^1.17.4
274 silly packumentCache full:https://registry.npmjs.org/unstorage cache-miss
275 http fetch GET 200 https://registry.npmjs.org/tsconfck 207ms (cache miss)
276 silly packumentCache full:https://registry.npmjs.org/tsconfck set size:undefined disposed:false
277 silly fetch manifest zod-to-ts@^1.2.0
278 silly packumentCache full:https://registry.npmjs.org/zod-to-ts cache-miss
279 http fetch GET 200 https://registry.npmjs.org/piccolore 204ms (cache revalidated)
280 silly packumentCache full:https://registry.npmjs.org/piccolore set size:8640 disposed:false
281 silly fetch manifest aria-query@^5.3.2
282 silly packumentCache full:https://registry.npmjs.org/aria-query cache-miss
283 http fetch GET 200 https://registry.npmjs.org/unstorage 26ms (cache revalidated)
284 silly packumentCache full:https://registry.npmjs.org/unstorage set size:362113 disposed:false
285 silly fetch manifest tinyglobby@^0.2.15
286 silly packumentCache full:https://registry.npmjs.org/tinyglobby cache-miss
287 http fetch GET 200 https://registry.npmjs.org/aria-query 24ms (cache revalidated)
288 silly packumentCache full:https://registry.npmjs.org/aria-query set size:98864 disposed:false
289 silly fetch manifest neotraverse@^0.6.18
290 silly packumentCache full:https://registry.npmjs.org/neotraverse cache-miss
291 http fetch GET 200 https://registry.npmjs.org/tinyglobby 18ms (cache revalidated)
292 silly packumentCache full:https://registry.npmjs.org/tinyglobby set size:54291 disposed:false
293 silly fetch manifest xxhash-wasm@^1.1.0
294 silly packumentCache full:https://registry.npmjs.org/xxhash-wasm cache-miss
295 http fetch GET 200 https://registry.npmjs.org/neotraverse 24ms (cache revalidated)
296 silly packumentCache full:https://registry.npmjs.org/neotraverse set size:63175 disposed:false
297 silly fetch manifest html-escaper@3.0.3
298 silly packumentCache full:https://registry.npmjs.org/html-escaper cache-miss
299 http fetch GET 200 https://registry.npmjs.org/html-escaper 26ms (cache revalidated)
300 silly packumentCache full:https://registry.npmjs.org/html-escaper set size:29853 disposed:false
301 silly fetch manifest magic-string@^0.30.21
302 silly packumentCache full:https://registry.npmjs.org/magic-string cache-miss
303 http fetch GET 200 https://registry.npmjs.org/magic-string 33ms (cache revalidated)
304 silly packumentCache full:https://registry.npmjs.org/magic-string set size:368756 disposed:false
305 silly fetch manifest yargs-parser@^21.1.1
306 silly packumentCache full:https://registry.npmjs.org/yargs-parser cache-miss
307 http fetch GET 200 https://registry.npmjs.org/yargs-parser 31ms (cache revalidated)
308 silly packumentCache full:https://registry.npmjs.org/yargs-parser set size:238681 disposed:false
309 silly fetch manifest estree-walker@^3.0.3
310 silly packumentCache full:https://registry.npmjs.org/estree-walker cache-miss
311 http fetch GET 200 https://registry.npmjs.org/estree-walker 28ms (cache miss)
312 silly packumentCache full:https://registry.npmjs.org/estree-walker set size:undefined disposed:false
313 silly fetch manifest yocto-spinner@^0.2.3
314 silly packumentCache full:https://registry.npmjs.org/yocto-spinner cache-miss
315 http fetch GET 200 https://registry.npmjs.org/xxhash-wasm 193ms (cache revalidated)
316 silly packumentCache full:https://registry.npmjs.org/xxhash-wasm set size:49853 disposed:false
317 silly fetch manifest axobject-query@^4.1.0
318 silly packumentCache full:https://registry.npmjs.org/axobject-query cache-miss
319 http fetch GET 200 https://registry.npmjs.org/zod-to-ts 249ms (cache miss)
320 silly packumentCache full:https://registry.npmjs.org/zod-to-ts set size:undefined disposed:false
321 silly fetch manifest github-slugger@^2.0.0
322 silly packumentCache full:https://registry.npmjs.org/github-slugger cache-miss
323 http fetch GET 200 https://registry.npmjs.org/axobject-query 32ms (cache revalidated)
324 silly packumentCache full:https://registry.npmjs.org/axobject-query set size:75032 disposed:false
325 silly fetch manifest es-module-lexer@^1.7.0
326 silly packumentCache full:https://registry.npmjs.org/es-module-lexer cache-miss
327 http fetch GET 200 https://registry.npmjs.org/es-module-lexer 30ms (cache revalidated)
328 silly packumentCache full:https://registry.npmjs.org/es-module-lexer set size:230033 disposed:false
329 silly fetch manifest @oslojs/encoding@^1.1.0
330 silly packumentCache full:https://registry.npmjs.org/@oslojs%2fencoding cache-miss
331 http fetch GET 200 https://registry.npmjs.org/yocto-spinner 196ms (cache miss)
332 silly packumentCache full:https://registry.npmjs.org/yocto-spinner set size:undefined disposed:false
333 silly fetch manifest unist-util-visit@^5.0.0
334 silly packumentCache full:https://registry.npmjs.org/unist-util-visit cache-miss
335 http fetch GET 200 https://registry.npmjs.org/unist-util-visit 24ms (cache revalidated)
336 silly packumentCache full:https://registry.npmjs.org/unist-util-visit set size:90557 disposed:false
337 silly fetch manifest @astrojs/compiler@^2.13.0
338 silly packumentCache full:https://registry.npmjs.org/@astrojs%2fcompiler cache-miss
339 http fetch GET 200 https://registry.npmjs.org/github-slugger 188ms (cache revalidated)
340 silly packumentCache full:https://registry.npmjs.org/github-slugger set size:31752 disposed:false
341 silly fetch manifest @astrojs/telemetry@3.3.0
342 silly packumentCache full:https://registry.npmjs.org/@astrojs%2ftelemetry cache-miss
343 http fetch GET 200 https://registry.npmjs.org/@oslojs%2fencoding 416ms (cache revalidated)
344 silly packumentCache full:https://registry.npmjs.org/@oslojs%2fencoding set size:16136 disposed:false
345 silly fetch manifest @capsizecss/unpack@^4.0.0
346 silly packumentCache full:https://registry.npmjs.org/@capsizecss%2funpack cache-miss
347 http fetch GET 200 https://registry.npmjs.org/@capsizecss%2funpack 36ms (cache revalidated)
348 silly packumentCache full:https://registry.npmjs.org/@capsizecss%2funpack set size:113289 disposed:false
349 silly fetch manifest zod-to-json-schema@^3.25.1
350 silly packumentCache full:https://registry.npmjs.org/zod-to-json-schema cache-miss
351 http fetch GET 200 https://registry.npmjs.org/zod-to-json-schema 44ms (cache miss)
352 silly packumentCache full:https://registry.npmjs.org/zod-to-json-schema set size:undefined disposed:false
353 silly fetch manifest @rollup/pluginutils@^5.3.0
354 silly packumentCache full:https://registry.npmjs.org/@rollup%2fpluginutils cache-miss
355 http fetch GET 200 https://registry.npmjs.org/@astrojs%2ftelemetry 426ms (cache revalidated)
356 silly packumentCache full:https://registry.npmjs.org/@astrojs%2ftelemetry set size:141001 disposed:false
357 silly fetch manifest import-meta-resolve@^4.2.0
358 silly packumentCache full:https://registry.npmjs.org/import-meta-resolve cache-miss
359 http fetch GET 200 https://registry.npmjs.org/@rollup%2fpluginutils 52ms (cache miss)
360 silly packumentCache full:https://registry.npmjs.org/@rollup%2fpluginutils set size:undefined disposed:false
361 silly fetch manifest common-ancestor-path@^1.0.1
362 silly packumentCache full:https://registry.npmjs.org/common-ancestor-path cache-miss
363 http fetch GET 200 https://registry.npmjs.org/@astrojs%2fcompiler 458ms (cache miss)
364 silly packumentCache full:https://registry.npmjs.org/@astrojs%2fcompiler set size:undefined disposed:false
365 silly fetch manifest http-cache-semantics@^4.2.0
366 silly packumentCache full:https://registry.npmjs.org/http-cache-semantics cache-miss
367 http fetch GET 200 https://registry.npmjs.org/http-cache-semantics 27ms (cache revalidated)
368 silly packumentCache full:https://registry.npmjs.org/http-cache-semantics set size:66288 disposed:false
369 silly fetch manifest @astrojs/markdown-remark@6.3.11
370 silly packumentCache full:https://registry.npmjs.org/@astrojs%2fmarkdown-remark cache-hit
371 silly fetch manifest package-manager-detector@^1.6.0
372 silly packumentCache full:https://registry.npmjs.org/package-manager-detector cache-miss
373 http fetch GET 200 https://registry.npmjs.org/package-manager-detector 22ms (cache revalidated)
374 silly packumentCache full:https://registry.npmjs.org/package-manager-detector set size:71217 disposed:false
375 silly fetch manifest @astrojs/internal-helpers@0.7.6
376 silly packumentCache full:https://registry.npmjs.org/@astrojs%2finternal-helpers cache-miss
377 http fetch GET 200 https://registry.npmjs.org/common-ancestor-path 208ms (cache revalidated)
378 silly packumentCache full:https://registry.npmjs.org/common-ancestor-path set size:8954 disposed:false
379 silly fetch manifest deterministic-object-hash@^2.0.2
380 silly packumentCache full:https://registry.npmjs.org/deterministic-object-hash cache-miss
381 http fetch GET 200 https://registry.npmjs.org/import-meta-resolve 222ms (cache miss)
382 silly packumentCache full:https://registry.npmjs.org/import-meta-resolve set size:undefined disposed:false
383 silly fetch manifest sharp@^0.34.0
384 silly packumentCache full:https://registry.npmjs.org/sharp cache-miss
385 http fetch GET 200 https://registry.npmjs.org/sharp 35ms (cache revalidated)
386 silly packumentCache full:https://registry.npmjs.org/sharp set size:1250806 disposed:false
387 silly fetch manifest zod@^4.5.4
388 silly packumentCache full:https://registry.npmjs.org/zod cache-miss
389 http cache https://registry.npmjs.org/zod 23ms (cache hit)
390 silly packumentCache full:https://registry.npmjs.org/zod set size:4166672 disposed:false
391 silly fetch manifest diff@^9.0.0
392 silly packumentCache full:https://registry.npmjs.org/diff cache-hit
393 silly fetch manifest obug@^3.0.0
394 silly packumentCache full:https://registry.npmjs.org/obug cache-miss
395 http fetch GET 200 https://registry.npmjs.org/obug 32ms (cache revalidated)
396 silly packumentCache full:https://registry.npmjs.org/obug set size:59677 disposed:false
397 silly fetch manifest svgo@^4.1.0
398 silly packumentCache full:https://registry.npmjs.org/svgo cache-hit
399 silly fetch manifest vite@^8.0.13
400 silly packumentCache full:https://registry.npmjs.org/vite cache-miss
401 http fetch GET 200 https://registry.npmjs.org/deterministic-object-hash 196ms (cache miss)
402 silly packumentCache full:https://registry.npmjs.org/deterministic-object-hash set size:undefined disposed:false
403 silly fetch manifest shiki@^4.0.2
404 silly packumentCache full:https://registry.npmjs.org/shiki cache-hit
405 silly fetch manifest cookie@^2.0.1
406 silly packumentCache full:https://registry.npmjs.org/cookie cache-hit
407 silly fetch manifest verkit@^0.4.0
408 silly packumentCache full:https://registry.npmjs.org/verkit cache-miss
409 http fetch GET 200 https://registry.npmjs.org/verkit 20ms (cache revalidated)
410 silly packumentCache full:https://registry.npmjs.org/verkit set size:37460 disposed:false
411 silly fetch manifest vitefu@^1.1.2
412 silly packumentCache full:https://registry.npmjs.org/vitefu cache-hit
413 silly fetch manifest ci-info@^4.4.0
414 silly packumentCache full:https://registry.npmjs.org/ci-info cache-hit
415 silly fetch manifest devalue@^5.8.1
416 silly packumentCache full:https://registry.npmjs.org/devalue cache-hit
417 silly fetch manifest esbuild@^0.28.0
418 silly packumentCache full:https://registry.npmjs.org/esbuild cache-miss
419 http cache https://registry.npmjs.org/vite 151ms (cache hit)
420 silly packumentCache full:https://registry.npmjs.org/vite set size:38950704 disposed:false
421 silly fetch manifest fontace@~0.4.1
422 silly packumentCache full:https://registry.npmjs.org/fontace cache-hit
423 silly fetch manifest js-yaml@^4.3.2
424 silly packumentCache full:https://registry.npmjs.org/js-yaml cache-hit
425 silly fetch manifest p-limit@^7.3.0
426 silly packumentCache full:https://registry.npmjs.org/p-limit cache-hit
427 silly fetch manifest p-queue@^9.1.0
428 silly packumentCache full:https://registry.npmjs.org/p-queue cache-hit
429 silly fetch manifest unifont@~0.7.5
430 silly packumentCache full:https://registry.npmjs.org/unifont cache-hit
431 silly fetch manifest magicast@^0.5.2
432 silly packumentCache full:https://registry.npmjs.org/magicast cache-hit
433 silly fetch manifest tinyclip@^1.0.1
434 silly packumentCache full:https://registry.npmjs.org/tinyclip cache-miss
435 http fetch GET 200 https://registry.npmjs.org/@astrojs%2finternal-helpers 1038ms (cache revalidated)
436 silly packumentCache full:https://registry.npmjs.org/@astrojs%2finternal-helpers set size:97382 disposed:false
437 silly fetch manifest tinyexec@^1.0.4
438 silly packumentCache full:https://registry.npmjs.org/tinyexec cache-hit
439 silly fetch manifest find-proc@0.2.0
440 silly packumentCache full:https://registry.npmjs.org/find-proc cache-miss
441 http cache https://registry.npmjs.org/esbuild 697ms (cache hit)
442 silly packumentCache full:https://registry.npmjs.org/esbuild set size:1264676 disposed:false
443 silly fetch manifest picomatch@^4.0.4
444 silly packumentCache full:https://registry.npmjs.org/picomatch cache-hit
445 silly fetch manifest smol-toml@^1.8.0
446 silly packumentCache full:https://registry.npmjs.org/smol-toml cache-hit
447 silly fetch manifest unstorage@^1.17.5
448 silly packumentCache full:https://registry.npmjs.org/unstorage cache-hit
449 silly fetch manifest am-i-vibing@^0.4.0
450 silly packumentCache full:https://registry.npmjs.org/am-i-vibing cache-miss
451 http fetch GET 200 https://registry.npmjs.org/tinyclip 32ms (cache revalidated)
452 silly packumentCache full:https://registry.npmjs.org/tinyclip set size:29429 disposed:false
453 silly fetch manifest neotraverse@^1.0.1
454 silly packumentCache full:https://registry.npmjs.org/neotraverse cache-hit
455 silly fetch manifest get-tsconfig@5.0.0-beta.4
456 silly packumentCache full:https://registry.npmjs.org/get-tsconfig cache-miss
457 http fetch GET 200 https://registry.npmjs.org/get-tsconfig 31ms (cache revalidated)
458 silly packumentCache full:https://registry.npmjs.org/get-tsconfig set size:146232 disposed:false
459 silly fetch manifest jsonc-parser@^3.3.1
460 silly packumentCache full:https://registry.npmjs.org/jsonc-parser cache-miss
461 http fetch GET 200 https://registry.npmjs.org/jsonc-parser 31ms (cache revalidated)
462 silly packumentCache full:https://registry.npmjs.org/jsonc-parser set size:102715 disposed:false
463 silly fetch manifest magic-string@^1.0.0
464 silly packumentCache full:https://registry.npmjs.org/magic-string cache-hit
465 silly fetch manifest yargs-parser@^22.0.0
466 silly packumentCache full:https://registry.npmjs.org/yargs-parser cache-hit
467 silly fetch manifest @clack/prompts@^1.1.0
468 silly packumentCache full:https://registry.npmjs.org/@clack%2fprompts cache-miss
469 http fetch GET 200 https://registry.npmjs.org/@clack%2fprompts 43ms (cache revalidated)
470 silly packumentCache full:https://registry.npmjs.org/@clack%2fprompts set size:182253 disposed:false
471 silly fetch manifest es-module-lexer@^2.0.0
472 silly packumentCache full:https://registry.npmjs.org/es-module-lexer cache-hit
473 silly fetch manifest @astrojs/telemetry@3.3.3
474 silly packumentCache full:https://registry.npmjs.org/@astrojs%2ftelemetry cache-hit
475 silly fetch manifest @astrojs/compiler-rs@^0.5.0
476 silly packumentCache full:https://registry.npmjs.org/@astrojs%2fcompiler-rs cache-miss
477 http fetch GET 200 https://registry.npmjs.org/find-proc 200ms (cache revalidated)
478 silly packumentCache full:https://registry.npmjs.org/find-proc set size:8150 disposed:false
479 silly fetch manifest common-ancestor-path@^2.0.0
480 silly packumentCache full:https://registry.npmjs.org/common-ancestor-path cache-hit
481 silly fetch manifest @astrojs/internal-helpers@0.11.0
482 silly packumentCache full:https://registry.npmjs.org/@astrojs%2finternal-helpers cache-hit
483 silly fetch manifest @astrojs/markdown-satteri@0.4.2
484 silly packumentCache full:https://registry.npmjs.org/@astrojs%2fmarkdown-satteri cache-miss
485 http fetch GET 200 https://registry.npmjs.org/am-i-vibing 191ms (cache revalidated)
486 silly packumentCache full:https://registry.npmjs.org/am-i-vibing set size:32244 disposed:false
487 silly fetch manifest sharp@^0.35.4
488 silly packumentCache full:https://registry.npmjs.org/sharp cache-miss
489 http cache https://registry.npmjs.org/sharp 9ms (cache hit)
490 silly packumentCache full:https://registry.npmjs.org/sharp set size:1250806 disposed:false
491 http fetch GET 200 https://registry.npmjs.org/@astrojs%2fcompiler-rs 243ms (cache revalidated)
492 silly packumentCache full:https://registry.npmjs.org/@astrojs%2fcompiler-rs set size:60996 disposed:false
493 http fetch GET 200 https://registry.npmjs.org/@astrojs%2fmarkdown-satteri 424ms (cache revalidated)
494 silly packumentCache full:https://registry.npmjs.org/@astrojs%2fmarkdown-satteri set size:41028 disposed:false
495 silly fetch manifest ts-node@>=9.0.0
496 silly packumentCache full:https://registry.npmjs.org/ts-node cache-miss
497 http fetch GET 200 https://registry.npmjs.org/ts-node 48ms (cache miss)
498 silly packumentCache full:https://registry.npmjs.org/ts-node set size:undefined disposed:false
499 silly fetch manifest @swc/core@>=1.2.50
500 silly packumentCache full:https://registry.npmjs.org/@swc%2fcore cache-miss
501 http fetch GET 200 https://registry.npmjs.org/@swc%2fcore 149ms (cache updated)
502 silly packumentCache full:https://registry.npmjs.org/@swc%2fcore set size:undefined disposed:false
503 silly fetch manifest @swc/helpers@>=0.5.17
504 silly packumentCache full:https://registry.npmjs.org/@swc%2fhelpers cache-miss
505 http fetch GET 200 https://registry.npmjs.org/@swc%2fhelpers 220ms (cache revalidated)
506 silly packumentCache full:https://registry.npmjs.org/@swc%2fhelpers set size:775458 disposed:false
507 silly fetch manifest @swc/wasm@>=1.2.50
508 silly packumentCache full:https://registry.npmjs.org/@swc%2fwasm cache-miss
509 http fetch GET 200 https://registry.npmjs.org/@swc%2fwasm 96ms (cache miss)
510 silly packumentCache full:https://registry.npmjs.org/@swc%2fwasm set size:undefined disposed:false
511 silly fetch manifest @types/node@*
512 silly packumentCache full:https://registry.npmjs.org/@types%2fnode cache-miss
513 http fetch GET 200 https://registry.npmjs.org/@types%2fnode 84ms (cache revalidated)
514 silly packumentCache full:https://registry.npmjs.org/@types%2fnode set size:11157642 disposed:false
515 silly fetch manifest typescript@>=2.7
516 silly packumentCache full:https://registry.npmjs.org/typescript cache-miss
517 http fetch GET 200 https://registry.npmjs.org/typescript 353ms (cache updated)
518 silly packumentCache full:https://registry.npmjs.org/typescript set size:undefined disposed:false
519 silly placeDep ROOT autoprefixer@10.6.1 OK for: @astrojs/tailwind@6.0.2 want: ^10.4.21
520 silly placeDep ROOT postcss@8.5.28 OK for: autoprefixer@10.6.1 want: ^8.1.0
521 silly placeDep ROOT postcss-load-config@4.0.2 OK for: @astrojs/tailwind@6.0.2 want: ^4.0.2
522 silly fetch manifest fraction.js@^5.3.4
523 silly packumentCache full:https://registry.npmjs.org/fraction.js cache-miss
524 silly fetch manifest browserslist@^4.28.9
525 silly packumentCache full:https://registry.npmjs.org/browserslist cache-miss
526 silly fetch manifest caniuse-lite@^1.0.30001810
527 silly packumentCache full:https://registry.npmjs.org/caniuse-lite cache-miss
528 http fetch GET 200 https://registry.npmjs.org/browserslist 28ms (cache revalidated)
529 silly packumentCache full:https://registry.npmjs.org/browserslist set size:530436 disposed:false
530 silly fetch manifest postcss-value-parser@^4.2.0
531 silly packumentCache full:https://registry.npmjs.org/postcss-value-parser cache-miss
532 http fetch GET 200 https://registry.npmjs.org/fraction.js 44ms (cache revalidated)
533 silly packumentCache full:https://registry.npmjs.org/fraction.js set size:149386 disposed:false
534 silly fetch manifest nanoid@^3.3.18
535 silly packumentCache full:https://registry.npmjs.org/nanoid cache-miss
536 http fetch GET 200 https://registry.npmjs.org/postcss-value-parser 40ms (cache revalidated)
537 silly packumentCache full:https://registry.npmjs.org/postcss-value-parser set size:73526 disposed:false
538 silly fetch manifest source-map-js@^1.2.1
539 silly packumentCache full:https://registry.npmjs.org/source-map-js cache-miss
540 http fetch GET 200 https://registry.npmjs.org/nanoid 42ms (cache revalidated)
541 silly packumentCache full:https://registry.npmjs.org/nanoid set size:345858 disposed:false
542 silly fetch manifest yaml@^2.3.4
543 silly packumentCache full:https://registry.npmjs.org/yaml cache-miss
544 http fetch GET 200 https://registry.npmjs.org/source-map-js 32ms (cache revalidated)
545 silly packumentCache full:https://registry.npmjs.org/source-map-js set size:66688 disposed:false
546 silly fetch manifest lilconfig@^3.0.0
547 silly packumentCache full:https://registry.npmjs.org/lilconfig cache-hit
548 http fetch GET 200 https://registry.npmjs.org/yaml 29ms (cache revalidated)
549 silly packumentCache full:https://registry.npmjs.org/yaml set size:386415 disposed:false
550 http fetch GET 200 https://registry.npmjs.org/caniuse-lite 151ms (cache updated)
551 silly packumentCache full:https://registry.npmjs.org/caniuse-lite set size:undefined disposed:false
552 silly fetch manifest @types/node@^20.19.0 || >=22.12.0
553 silly packumentCache full:https://registry.npmjs.org/@types%2fnode cache-miss
554 http cache https://registry.npmjs.org/@types%2fnode 52ms (cache hit)
555 silly packumentCache full:https://registry.npmjs.org/@types%2fnode set size:11157642 disposed:false
556 silly fetch manifest @vitejs/devtools@^0.7.1
557 silly packumentCache full:https://registry.npmjs.org/@vitejs%2fdevtools cache-miss
558 http fetch GET 200 https://registry.npmjs.org/@vitejs%2fdevtools 242ms (cache revalidated)
559 silly packumentCache full:https://registry.npmjs.org/@vitejs%2fdevtools set size:328242 disposed:false
560 silly fetch manifest @vitejs/devtools-oxc@^0.7.6
561 silly packumentCache full:https://registry.npmjs.org/@vitejs%2fdevtools-oxc cache-miss
562 http fetch GET 200 https://registry.npmjs.org/@vitejs%2fdevtools-oxc 71ms (cache revalidated)
563 silly packumentCache full:https://registry.npmjs.org/@vitejs%2fdevtools-oxc set size:80408 disposed:false
564 silly fetch manifest @vitejs/devtools-rolldown@^0.7.6
565 silly packumentCache full:https://registry.npmjs.org/@vitejs%2fdevtools-rolldown cache-miss
566 http fetch GET 200 https://registry.npmjs.org/@vitejs%2fdevtools-rolldown 40ms (cache revalidated)
567 silly packumentCache full:https://registry.npmjs.org/@vitejs%2fdevtools-rolldown set size:237827 disposed:false
568 silly fetch manifest @vitejs/devtools-vite@^0.7.6
569 silly packumentCache full:https://registry.npmjs.org/@vitejs%2fdevtools-vite cache-miss
570 http fetch GET 200 https://registry.npmjs.org/@vitejs%2fdevtools-vite 38ms (cache revalidated)
571 silly packumentCache full:https://registry.npmjs.org/@vitejs%2fdevtools-vite set size:166521 disposed:false
572 silly fetch manifest @vitejs/devtools-vitest@^0.7.6
573 silly packumentCache full:https://registry.npmjs.org/@vitejs%2fdevtools-vitest cache-miss
574 http fetch GET 200 https://registry.npmjs.org/@vitejs%2fdevtools-vitest 68ms (cache revalidated)
575 silly packumentCache full:https://registry.npmjs.org/@vitejs%2fdevtools-vitest set size:57045 disposed:false
576 silly fetch manifest vitest@*
577 silly packumentCache full:https://registry.npmjs.org/vitest cache-miss
578 http fetch GET 200 https://registry.npmjs.org/vitest 37ms (cache revalidated)
579 silly packumentCache full:https://registry.npmjs.org/vitest set size:2275010 disposed:false
580 silly fetch manifest @edge-runtime/vm@*
581 silly packumentCache full:https://registry.npmjs.org/@edge-runtime%2fvm cache-miss
582 http fetch GET 200 https://registry.npmjs.org/@edge-runtime%2fvm 46ms (cache revalidated)
583 silly packumentCache full:https://registry.npmjs.org/@edge-runtime%2fvm set size:269934 disposed:false
584 silly fetch manifest @opentelemetry/api@^1.9.0
585 silly packumentCache full:https://registry.npmjs.org/@opentelemetry%2fapi cache-miss
586 http fetch GET 200 https://registry.npmjs.org/@opentelemetry%2fapi 26ms (cache revalidated)
587 silly packumentCache full:https://registry.npmjs.org/@opentelemetry%2fapi set size:272967 disposed:false
588 silly fetch manifest @vitest/browser-playwright@5.0.3
589 silly packumentCache full:https://registry.npmjs.org/@vitest%2fbrowser-playwright cache-miss
590 http fetch GET 200 https://registry.npmjs.org/@vitest%2fbrowser-playwright 204ms (cache revalidated)
591 silly packumentCache full:https://registry.npmjs.org/@vitest%2fbrowser-playwright set size:162880 disposed:false
592 silly fetch manifest playwright@*
593 silly packumentCache full:https://registry.npmjs.org/playwright cache-miss
594 http fetch GET 200 https://registry.npmjs.org/playwright 90ms (cache revalidated)
595 silly packumentCache full:https://registry.npmjs.org/playwright set size:16810037 disposed:false
596 silly fetch manifest @vitest/browser-preview@5.0.3
597 silly packumentCache full:https://registry.npmjs.org/@vitest%2fbrowser-preview cache-miss
598 http fetch GET 200 https://registry.npmjs.org/@vitest%2fbrowser-preview 202ms (cache revalidated)
599 silly packumentCache full:https://registry.npmjs.org/@vitest%2fbrowser-preview set size:156316 disposed:false
600 silly fetch manifest @vitest/browser-webdriverio@^5.0.0-beta.5 || >=5.0.0
601 silly packumentCache full:https://registry.npmjs.org/@vitest%2fbrowser-webdriverio cache-miss
602 http fetch GET 200 https://registry.npmjs.org/@vitest%2fbrowser-webdriverio 34ms (cache revalidated)
603 silly packumentCache full:https://registry.npmjs.org/@vitest%2fbrowser-webdriverio set size:144024 disposed:false
604 silly fetch manifest webdriverio@*
605 silly packumentCache full:https://registry.npmjs.org/webdriverio cache-miss
606 http fetch GET 200 https://registry.npmjs.org/webdriverio 52ms (cache revalidated)
607 silly packumentCache full:https://registry.npmjs.org/webdriverio set size:3204730 disposed:false
608 silly fetch manifest puppeteer-core@>=22.x <=24.x
609 silly packumentCache full:https://registry.npmjs.org/puppeteer-core cache-miss
610 http fetch GET 200 https://registry.npmjs.org/puppeteer-core 28ms (cache revalidated)
611 silly packumentCache full:https://registry.npmjs.org/puppeteer-core set size:1589664 disposed:false
612 silly fetch manifest @vitest/coverage-istanbul@5.0.3
613 silly packumentCache full:https://registry.npmjs.org/@vitest%2fcoverage-istanbul cache-miss
614 http fetch GET 200 https://registry.npmjs.org/@vitest%2fcoverage-istanbul 220ms (cache revalidated)
615 silly packumentCache full:https://registry.npmjs.org/@vitest%2fcoverage-istanbul set size:718242 disposed:false
616 silly fetch manifest @vitest/coverage-v8@5.0.3
617 silly packumentCache full:https://registry.npmjs.org/@vitest%2fcoverage-v8 cache-miss
618 http fetch GET 200 https://registry.npmjs.org/@vitest%2fcoverage-v8 203ms (cache revalidated)
619 silly packumentCache full:https://registry.npmjs.org/@vitest%2fcoverage-v8 set size:554644 disposed:false
620 silly fetch manifest @vitest/browser@5.0.3
621 silly packumentCache full:https://registry.npmjs.org/@vitest%2fbrowser cache-miss
622 http fetch GET 200 https://registry.npmjs.org/@vitest%2fbrowser 196ms (cache revalidated)
623 silly packumentCache full:https://registry.npmjs.org/@vitest%2fbrowser set size:819647 disposed:false
624 silly fetch manifest @vitest/ui@5.0.3
625 silly packumentCache full:https://registry.npmjs.org/@vitest%2fui cache-miss
626 http fetch GET 200 https://registry.npmjs.org/@vitest%2fui 225ms (cache revalidated)
627 silly packumentCache full:https://registry.npmjs.org/@vitest%2fui set size:1305983 disposed:false
628 silly fetch manifest happy-dom@*
629 silly packumentCache full:https://registry.npmjs.org/happy-dom cache-miss
630 http fetch GET 200 https://registry.npmjs.org/happy-dom 48ms (cache revalidated)
631 silly packumentCache full:https://registry.npmjs.org/happy-dom set size:2551937 disposed:false
632 silly fetch manifest jsdom@*
633 silly packumentCache full:https://registry.npmjs.org/jsdom cache-miss
634 http fetch GET 200 https://registry.npmjs.org/jsdom 39ms (cache revalidated)
635 silly packumentCache full:https://registry.npmjs.org/jsdom set size:1083886 disposed:false
636 silly fetch manifest canvas@^3.2.3
637 silly packumentCache full:https://registry.npmjs.org/canvas cache-miss
638 http fetch GET 200 https://registry.npmjs.org/canvas 25ms (cache revalidated)
639 silly packumentCache full:https://registry.npmjs.org/canvas set size:353371 disposed:false
640 silly fetch manifest jiti@>=1.21.0
641 silly packumentCache full:https://registry.npmjs.org/jiti cache-hit
642 silly fetch manifest less@^4.0.0
643 silly packumentCache full:https://registry.npmjs.org/less cache-miss
644 http fetch GET 200 https://registry.npmjs.org/less 29ms (cache revalidated)
645 silly packumentCache full:https://registry.npmjs.org/less set size:561097 disposed:false
646 silly fetch manifest sass@^1.70.0
647 silly packumentCache full:https://registry.npmjs.org/sass cache-miss
648 http fetch GET 200 https://registry.npmjs.org/sass 22ms (cache revalidated)
649 silly packumentCache full:https://registry.npmjs.org/sass set size:756819 disposed:false
650 silly fetch manifest sass-embedded@^1.70.0
651 silly packumentCache full:https://registry.npmjs.org/sass-embedded cache-miss
652 http fetch GET 200 https://registry.npmjs.org/sass-embedded 28ms (cache revalidated)
653 silly packumentCache full:https://registry.npmjs.org/sass-embedded set size:445832 disposed:false
654 silly fetch manifest stylus@>=0.54.8
655 silly packumentCache full:https://registry.npmjs.org/stylus cache-miss
656 http fetch GET 200 https://registry.npmjs.org/stylus 53ms (cache revalidated)
657 silly packumentCache full:https://registry.npmjs.org/stylus set size:286766 disposed:false
658 silly fetch manifest sugarss@^5.0.0
659 silly packumentCache full:https://registry.npmjs.org/sugarss cache-miss
660 http fetch GET 200 https://registry.npmjs.org/sugarss 22ms (cache revalidated)
661 silly packumentCache full:https://registry.npmjs.org/sugarss set size:44975 disposed:false
662 silly fetch manifest postcss@^8.3.3
663 silly packumentCache full:https://registry.npmjs.org/postcss cache-hit
664 silly fetch manifest terser@^5.16.0
665 silly packumentCache full:https://registry.npmjs.org/terser cache-miss
666 http fetch GET 200 https://registry.npmjs.org/terser 46ms (cache revalidated)
667 silly packumentCache full:https://registry.npmjs.org/terser set size:827672 disposed:false
668 silly fetch manifest tsx@^4.8.1
669 silly packumentCache full:https://registry.npmjs.org/tsx cache-miss
670 http fetch GET 200 https://registry.npmjs.org/tsx 145ms (cache revalidated)
671 silly packumentCache full:https://registry.npmjs.org/tsx set size:349770 disposed:false
672 silly fetch manifest yaml@^2.4.2
673 silly packumentCache full:https://registry.npmjs.org/yaml cache-hit
674 silly fetch manifest @azure/app-configuration@^1.8.0
675 silly packumentCache full:https://registry.npmjs.org/@azure%2fapp-configuration cache-miss
676 http fetch GET 200 https://registry.npmjs.org/@azure%2fapp-configuration 466ms (cache revalidated)
677 silly packumentCache full:https://registry.npmjs.org/@azure%2fapp-configuration set size:4289588 disposed:false
678 silly fetch manifest @azure/cosmos@^4.2.0
679 silly packumentCache full:https://registry.npmjs.org/@azure%2fcosmos cache-miss
680 http fetch GET 200 https://registry.npmjs.org/@azure%2fcosmos 518ms (cache revalidated)
681 silly packumentCache full:https://registry.npmjs.org/@azure%2fcosmos set size:6956705 disposed:false
682 silly fetch manifest @azure/data-tables@^13.3.0
683 silly packumentCache full:https://registry.npmjs.org/@azure%2fdata-tables cache-miss
684 http fetch GET 200 https://registry.npmjs.org/@azure%2fdata-tables 440ms (cache revalidated)
685 silly packumentCache full:https://registry.npmjs.org/@azure%2fdata-tables set size:3655328 disposed:false
686 silly fetch manifest @azure/identity@^4.6.0
687 silly packumentCache full:https://registry.npmjs.org/@azure%2fidentity cache-miss
688 http fetch GET 200 https://registry.npmjs.org/@azure%2fidentity 438ms (cache revalidated)
689 silly packumentCache full:https://registry.npmjs.org/@azure%2fidentity set size:6103443 disposed:false
690 silly fetch manifest @azure/keyvault-secrets@^4.9.0
691 silly packumentCache full:https://registry.npmjs.org/@azure%2fkeyvault-secrets cache-miss
692 http fetch GET 200 https://registry.npmjs.org/@azure%2fkeyvault-secrets 425ms (cache revalidated)
693 silly packumentCache full:https://registry.npmjs.org/@azure%2fkeyvault-secrets set size:4226133 disposed:false
694 silly fetch manifest @azure/storage-blob@^12.26.0
695 silly packumentCache full:https://registry.npmjs.org/@azure%2fstorage-blob cache-miss
696 http fetch GET 200 https://registry.npmjs.org/@azure%2fstorage-blob 72ms (cache revalidated)
697 silly packumentCache full:https://registry.npmjs.org/@azure%2fstorage-blob set size:4759459 disposed:false
698 silly fetch manifest @capacitor/preferences@^6 || ^7 || ^8
699 silly packumentCache full:https://registry.npmjs.org/@capacitor%2fpreferences cache-miss
700 http fetch GET 200 https://registry.npmjs.org/@capacitor%2fpreferences 566ms (cache updated)
701 silly packumentCache full:https://registry.npmjs.org/@capacitor%2fpreferences set size:undefined disposed:false
702 silly fetch manifest @capacitor/core@>=8.0.0
703 silly packumentCache full:https://registry.npmjs.org/@capacitor%2fcore cache-miss
704 http fetch GET 200 https://registry.npmjs.org/@capacitor%2fcore 166ms (cache updated)
705 silly packumentCache full:https://registry.npmjs.org/@capacitor%2fcore set size:undefined disposed:false
706 silly fetch manifest @deno/kv@>=0.9.0
707 silly packumentCache full:https://registry.npmjs.org/@deno%2fkv cache-miss
708 http fetch GET 200 https://registry.npmjs.org/@deno%2fkv 419ms (cache revalidated)
709 silly packumentCache full:https://registry.npmjs.org/@deno%2fkv set size:37246 disposed:false
710 silly fetch manifest @netlify/blobs@^6.5.0 || ^7.0.0 || ^8.1.0 || ^9.0.0 || ^10.0.0
711 silly packumentCache full:https://registry.npmjs.org/@netlify%2fblobs cache-miss
712 http fetch GET 200 https://registry.npmjs.org/@netlify%2fblobs 458ms (cache revalidated)
713 silly packumentCache full:https://registry.npmjs.org/@netlify%2fblobs set size:453392 disposed:false
714 silly fetch manifest @planetscale/database@^1.19.0
715 silly packumentCache full:https://registry.npmjs.org/@planetscale%2fdatabase cache-miss
716 http fetch GET 200 https://registry.npmjs.org/@planetscale%2fdatabase 428ms (cache revalidated)
717 silly packumentCache full:https://registry.npmjs.org/@planetscale%2fdatabase set size:138457 disposed:false
718 silly fetch manifest @upstash/redis@^1.34.3
719 silly packumentCache full:https://registry.npmjs.org/@upstash%2fredis cache-miss
720 http fetch GET 200 https://registry.npmjs.org/@upstash%2fredis 426ms (cache revalidated)
721 silly packumentCache full:https://registry.npmjs.org/@upstash%2fredis set size:4085369 disposed:false
722 silly fetch manifest @vercel/blob@>=0.27.1
723 silly packumentCache full:https://registry.npmjs.org/@vercel%2fblob cache-miss
724 http fetch GET 200 https://registry.npmjs.org/@vercel%2fblob 40ms (cache revalidated)
725 silly packumentCache full:https://registry.npmjs.org/@vercel%2fblob set size:1054009 disposed:false
726 silly fetch manifest @vercel/functions@^2.2.12 || ^3.0.0
727 silly packumentCache full:https://registry.npmjs.org/@vercel%2ffunctions cache-miss
728 http fetch GET 200 https://registry.npmjs.org/@vercel%2ffunctions 219ms (cache revalidated)
729 silly packumentCache full:https://registry.npmjs.org/@vercel%2ffunctions set size:258574 disposed:false
730 silly fetch manifest @aws-sdk/credential-provider-web-identity@*
731 silly packumentCache full:https://registry.npmjs.org/@aws-sdk%2fcredential-provider-web-identity cache-miss
732 http fetch GET 200 https://registry.npmjs.org/@aws-sdk%2fcredential-provider-web-identity 222ms (cache revalidated)
733 silly packumentCache full:https://registry.npmjs.org/@aws-sdk%2fcredential-provider-web-identity set size:1064867 disposed:false
734 silly fetch manifest ws@>=8
735 silly packumentCache full:https://registry.npmjs.org/ws cache-miss
736 http fetch GET 200 https://registry.npmjs.org/ws 20ms (cache revalidated)
737 silly packumentCache full:https://registry.npmjs.org/ws set size:450180 disposed:false
738 silly fetch manifest bufferutil@^4.0.1
739 silly packumentCache full:https://registry.npmjs.org/bufferutil cache-miss
740 http fetch GET 200 https://registry.npmjs.org/bufferutil 21ms (cache revalidated)
741 silly packumentCache full:https://registry.npmjs.org/bufferutil set size:52668 disposed:false
742 silly fetch manifest utf-8-validate@>=5.0.2
743 silly packumentCache full:https://registry.npmjs.org/utf-8-validate cache-miss
744 http fetch GET 200 https://registry.npmjs.org/utf-8-validate 25ms (cache revalidated)
745 silly packumentCache full:https://registry.npmjs.org/utf-8-validate set size:77012 disposed:false
746 silly fetch manifest @vercel/kv@^1 || ^2 || ^3
747 silly packumentCache full:https://registry.npmjs.org/@vercel%2fkv cache-miss
748 http fetch GET 200 https://registry.npmjs.org/@vercel%2fkv 388ms (cache revalidated)
749 silly packumentCache full:https://registry.npmjs.org/@vercel%2fkv set size:112611 disposed:false
750 silly fetch manifest aws4fetch@^1.0.20
751 silly packumentCache full:https://registry.npmjs.org/aws4fetch cache-miss
752 http fetch GET 200 https://registry.npmjs.org/aws4fetch 200ms (cache revalidated)
753 silly packumentCache full:https://registry.npmjs.org/aws4fetch set size:75112 disposed:false
754 silly fetch manifest db0@>=0.2.1
755 silly packumentCache full:https://registry.npmjs.org/db0 cache-miss
756 http fetch GET 200 https://registry.npmjs.org/db0 200ms (cache revalidated)
757 silly packumentCache full:https://registry.npmjs.org/db0 set size:77956 disposed:false
758 silly fetch manifest idb-keyval@^6.2.1
759 silly packumentCache full:https://registry.npmjs.org/idb-keyval cache-miss
760 http fetch GET 200 https://registry.npmjs.org/idb-keyval 24ms (cache revalidated)
761 silly packumentCache full:https://registry.npmjs.org/idb-keyval set size:140904 disposed:false
762 silly fetch manifest ioredis@^5.4.2
763 silly packumentCache full:https://registry.npmjs.org/ioredis cache-miss
764 http fetch GET 200 https://registry.npmjs.org/ioredis 30ms (cache revalidated)
765 silly packumentCache full:https://registry.npmjs.org/ioredis set size:859203 disposed:false
766 silly fetch manifest uploadthing@^7.4.4
767 silly packumentCache full:https://registry.npmjs.org/uploadthing cache-miss
768 http fetch GET 200 https://registry.npmjs.org/uploadthing 226ms (cache revalidated)
769 silly packumentCache full:https://registry.npmjs.org/uploadthing set size:1017149 disposed:false
770 silly fetch manifest express@*
771 silly packumentCache full:https://registry.npmjs.org/express cache-miss
772 http fetch GET 200 https://registry.npmjs.org/express 31ms (cache revalidated)
773 silly packumentCache full:https://registry.npmjs.org/express set size:808982 disposed:false
774 silly fetch manifest h3@*
775 silly packumentCache full:https://registry.npmjs.org/h3 cache-miss
776 http fetch GET 200 https://registry.npmjs.org/h3 201ms (cache revalidated)
777 silly packumentCache full:https://registry.npmjs.org/h3 set size:491457 disposed:false
778 silly fetch manifest crossws@^0.4.12
779 silly packumentCache full:https://registry.npmjs.org/crossws cache-miss
780 http fetch GET 200 https://registry.npmjs.org/crossws 26ms (cache revalidated)
781 silly packumentCache full:https://registry.npmjs.org/crossws set size:120040 disposed:false
782 silly fetch manifest srvx@>=0.11.5
783 silly packumentCache full:https://registry.npmjs.org/srvx cache-miss
784 http fetch GET 200 https://registry.npmjs.org/srvx 23ms (cache revalidated)
785 silly packumentCache full:https://registry.npmjs.org/srvx set size:327556 disposed:false
786 silly fetch manifest ocache@>=0.3.0
787 silly packumentCache full:https://registry.npmjs.org/ocache cache-miss
788 http fetch GET 200 https://registry.npmjs.org/ocache 202ms (cache revalidated)
789 silly packumentCache full:https://registry.npmjs.org/ocache set size:27860 disposed:false
790 silly fetch manifest tailwindcss@^3.0.0 || ^4.0.0-beta.0
791 silly packumentCache full:https://registry.npmjs.org/tailwindcss cache-miss
792 http cache https://registry.npmjs.org/tailwindcss 69ms (cache hit)
793 silly packumentCache full:https://registry.npmjs.org/tailwindcss set size:10893093 disposed:false
794 silly placeDep ROOT @astrojs/compiler-rs@0.5.1 OK for: astro@7.3.5 want: ^0.5.0
795 silly placeDep ROOT @astrojs/internal-helpers@0.11.0 OK for: astro@7.3.5 want: 0.11.0
796 silly placeDep ROOT @astrojs/markdown-satteri@0.4.2 OK for: astro@7.3.5 want: 0.4.2
797 silly placeDep ROOT @astrojs/telemetry@3.3.3 OK for: astro@7.3.5 want: 3.3.3
798 silly placeDep ROOT @capsizecss/unpack@4.0.1 OK for: astro@7.3.5 want: ^4.0.0
799 silly placeDep ROOT @clack/prompts@1.8.1 OK for: astro@7.3.5 want: ^1.1.0
800 silly placeDep ROOT @oslojs/encoding@1.1.0 OK for: astro@7.3.5 want: ^1.1.0
801 silly placeDep ROOT am-i-vibing@0.4.0 OK for: astro@7.3.5 want: ^0.4.0
802 silly placeDep ROOT aria-query@5.3.2 OK for: astro@7.3.5 want: ^5.3.2
803 silly placeDep ROOT axobject-query@4.1.0 OK for: astro@7.3.5 want: ^4.1.0
804 silly placeDep ROOT ci-info@4.4.0 OK for: astro@7.3.5 want: ^4.4.0
805 silly placeDep ROOT clsx@2.1.1 OK for: astro@7.3.5 want: ^2.1.1
806 silly placeDep ROOT common-ancestor-path@2.0.0 OK for: astro@7.3.5 want: ^2.0.0
807 silly placeDep ROOT cookie@2.0.1 OK for: astro@7.3.5 want: ^2.0.1
808 silly placeDep ROOT devalue@5.9.4 OK for: astro@7.3.5 want: ^5.8.1
809 silly placeDep ROOT diff@9.0.0 OK for: astro@7.3.5 want: ^9.0.0
810 silly placeDep ROOT dset@3.1.4 OK for: astro@7.3.5 want: ^3.1.4
811 silly placeDep ROOT es-module-lexer@2.3.2 OK for: astro@7.3.5 want: ^2.0.0
812 silly placeDep ROOT esbuild@0.28.2 OK for: astro@7.3.5 want: ^0.28.0
813 silly placeDep ROOT find-proc@0.2.0 OK for: astro@7.3.5 want: 0.2.0
814 silly placeDep ROOT flattie@1.1.1 OK for: astro@7.3.5 want: ^1.1.1
815 silly placeDep ROOT fontace@0.4.1 OK for: astro@7.3.5 want: ~0.4.1
816 silly placeDep ROOT get-tsconfig@5.0.0-beta.4 OK for: astro@7.3.5 want: 5.0.0-beta.4
817 silly placeDep ROOT github-slugger@2.0.0 OK for: astro@7.3.5 want: ^2.0.0
818 silly placeDep ROOT html-escaper@3.0.3 OK for: astro@7.3.5 want: 3.0.3
819 silly placeDep ROOT http-cache-semantics@4.2.0 OK for: astro@7.3.5 want: ^4.2.0
820 silly placeDep ROOT js-yaml@4.3.2 OK for: astro@7.3.5 want: ^4.3.2
821 silly placeDep ROOT jsonc-parser@3.3.1 OK for: astro@7.3.5 want: ^3.3.1
822 silly placeDep ROOT magic-string@1.4.2 OK for: astro@7.3.5 want: ^1.0.0
823 silly placeDep ROOT magicast@0.5.5 OK for: astro@7.3.5 want: ^0.5.2
824 silly placeDep ROOT mrmime@2.0.1 OK for: astro@7.3.5 want: ^2.0.1
825 silly placeDep ROOT neotraverse@1.0.1 OK for: astro@7.3.5 want: ^1.0.1
826 silly placeDep ROOT obug@3.0.0 OK for: astro@7.3.5 want: ^3.0.0
827 silly placeDep ROOT p-limit@7.3.3 OK for: astro@7.3.5 want: ^7.3.0
828 silly placeDep ROOT p-queue@9.3.3 OK for: astro@7.3.5 want: ^9.1.0
829 silly placeDep ROOT package-manager-detector@1.8.0 OK for: astro@7.3.5 want: ^1.6.0
830 silly placeDep ROOT piccolore@0.1.3 OK for: astro@7.3.5 want: ^0.1.3
831 silly placeDep ROOT picomatch@4.0.7 OK for: astro@7.3.5 want: ^4.0.4
832 silly placeDep ROOT sharp@0.35.5 OK for: astro@7.3.5 want: ^0.35.4
833 silly placeDep ROOT shiki@4.4.3 OK for: astro@7.3.5 want: ^4.0.2
834 silly placeDep ROOT smol-toml@1.9.0 OK for: astro@7.3.5 want: ^1.8.0
835 silly placeDep ROOT svgo@4.1.0 OK for: astro@7.3.5 want: ^4.1.0
836 silly placeDep ROOT tinyclip@1.0.3 OK for: astro@7.3.5 want: ^1.0.1
837 silly placeDep ROOT tinyexec@1.3.1 OK for: astro@7.3.5 want: ^1.0.4
838 silly placeDep ROOT tinyglobby@0.2.17 OK for: astro@7.3.5 want: ^0.2.15
839 silly placeDep ROOT ultrahtml@1.7.0 OK for: astro@7.3.5 want: ^1.6.0
840 silly placeDep ROOT unifont@0.7.5 OK for: astro@7.3.5 want: ~0.7.5
841 silly placeDep ROOT unstorage@1.17.5 OK for: astro@7.3.5 want: ^1.17.5
842 silly placeDep ROOT verkit@0.4.1 OK for: astro@7.3.5 want: ^0.4.0
843 silly placeDep ROOT vite@8.3.1 OK for: astro@7.3.5 want: ^8.0.13
844 silly placeDep ROOT vitefu@1.1.3 OK for: astro@7.3.5 want: ^1.1.2
845 silly placeDep ROOT xxhash-wasm@1.1.0 OK for: astro@7.3.5 want: ^1.1.0
846 silly placeDep ROOT yargs-parser@22.0.0 OK for: astro@7.3.5 want: ^22.0.0
847 silly placeDep ROOT zod@4.6.5 OK for: astro@7.3.5 want: ^4.5.4
848 silly fetch manifest @astrojs/compiler-binding@0.5.1
849 silly packumentCache full:https://registry.npmjs.org/@astrojs%2fcompiler-binding cache-miss
850 silly fetch manifest js-yaml@^4.3.0
851 silly packumentCache full:https://registry.npmjs.org/js-yaml cache-hit
852 silly fetch manifest unified@^11.0.5
853 silly packumentCache full:https://registry.npmjs.org/unified cache-miss
854 silly fetch manifest @types/hast@^3.0.4
855 silly packumentCache full:https://registry.npmjs.org/@types%2fhast cache-miss
856 http fetch GET 200 https://registry.npmjs.org/unified 21ms (cache revalidated)
857 silly packumentCache full:https://registry.npmjs.org/unified set size:321787 disposed:false
858 silly fetch manifest @types/mdast@^4.0.4
859 silly packumentCache full:https://registry.npmjs.org/@types%2fmdast cache-miss
860 http fetch GET 200 https://registry.npmjs.org/@types%2fhast 33ms (cache revalidated)
861 silly packumentCache full:https://registry.npmjs.org/@types%2fhast set size:35254 disposed:false
862 silly fetch manifest retext-smartypants@^6.2.0
863 silly packumentCache full:https://registry.npmjs.org/retext-smartypants cache-miss
864 http fetch GET 200 https://registry.npmjs.org/@types%2fmdast 27ms (cache revalidated)
865 silly packumentCache full:https://registry.npmjs.org/@types%2fmdast set size:47479 disposed:false
866 silly fetch manifest satteri@^0.10.3
867 silly packumentCache full:https://registry.npmjs.org/satteri cache-miss
868 http fetch GET 200 https://registry.npmjs.org/retext-smartypants 193ms (cache revalidated)
869 silly packumentCache full:https://registry.npmjs.org/retext-smartypants set size:84409 disposed:false
870 silly fetch manifest @astrojs/prism@4.0.2
871 silly packumentCache full:https://registry.npmjs.org/@astrojs%2fprism cache-miss
872 http fetch GET 200 https://registry.npmjs.org/@astrojs%2fcompiler-binding 245ms (cache revalidated)
873 silly packumentCache full:https://registry.npmjs.org/@astrojs%2fcompiler-binding set size:77293 disposed:false
874 silly fetch manifest is-docker@^4.0.0
875 silly packumentCache full:https://registry.npmjs.org/is-docker cache-miss
876 http fetch GET 200 https://registry.npmjs.org/satteri 214ms (cache revalidated)
877 silly packumentCache full:https://registry.npmjs.org/satteri set size:161450 disposed:false
878 silly fetch manifest fontkitten@^1.0.3
879 silly packumentCache full:https://registry.npmjs.org/fontkitten cache-miss
880 http fetch GET 200 https://registry.npmjs.org/is-docker 35ms (cache revalidated)
881 silly packumentCache full:https://registry.npmjs.org/is-docker set size:23690 disposed:false
882 silly fetch manifest sisteransi@^1.0.5
883 silly packumentCache full:https://registry.npmjs.org/sisteransi cache-miss
884 http fetch GET 200 https://registry.npmjs.org/sisteransi 28ms (cache revalidated)
885 silly packumentCache full:https://registry.npmjs.org/sisteransi set size:25723 disposed:false
886 silly fetch manifest @clack/core@1.5.1
887 silly packumentCache full:https://registry.npmjs.org/@clack%2fcore cache-miss
888 http fetch GET 200 https://registry.npmjs.org/@clack%2fcore 41ms (cache revalidated)
889 silly packumentCache full:https://registry.npmjs.org/@clack%2fcore set size:152719 disposed:false
890 silly fetch manifest fast-wrap-ansi@^0.2.0
891 silly packumentCache full:https://registry.npmjs.org/fast-wrap-ansi cache-miss
892 http fetch GET 200 https://registry.npmjs.org/fast-wrap-ansi 27ms (cache revalidated)
893 silly packumentCache full:https://registry.npmjs.org/fast-wrap-ansi set size:18468 disposed:false
894 silly fetch manifest fast-string-width@^3.0.2
895 silly packumentCache full:https://registry.npmjs.org/fast-string-width cache-miss
896 http fetch GET 200 https://registry.npmjs.org/fast-string-width 25ms (cache revalidated)
897 silly packumentCache full:https://registry.npmjs.org/fast-string-width set size:22460 disposed:false
898 silly fetch manifest process-ancestry@^0.1.0
899 silly packumentCache full:https://registry.npmjs.org/process-ancestry cache-miss
900 http fetch GET 200 https://registry.npmjs.org/fontkitten 198ms (cache revalidated)
901 silly packumentCache full:https://registry.npmjs.org/fontkitten set size:43549 disposed:false
902 silly fetch manifest @esbuild/aix-ppc64@0.28.2
903 silly packumentCache full:https://registry.npmjs.org/@esbuild%2faix-ppc64 cache-miss
904 http fetch GET 200 https://registry.npmjs.org/@esbuild%2faix-ppc64 31ms (cache revalidated)
905 silly packumentCache full:https://registry.npmjs.org/@esbuild%2faix-ppc64 set size:67797 disposed:false
906 silly fetch manifest @esbuild/linux-arm@0.28.2
907 silly packumentCache full:https://registry.npmjs.org/@esbuild%2flinux-arm cache-miss
908 http fetch GET 200 https://registry.npmjs.org/@esbuild%2flinux-arm 31ms (cache revalidated)
909 silly packumentCache full:https://registry.npmjs.org/@esbuild%2flinux-arm set size:198596 disposed:false
910 silly fetch manifest @esbuild/linux-x64@0.28.2
911 silly packumentCache full:https://registry.npmjs.org/@esbuild%2flinux-x64 cache-miss
912 http fetch GET 200 https://registry.npmjs.org/@esbuild%2flinux-x64 30ms (cache revalidated)
913 silly packumentCache full:https://registry.npmjs.org/@esbuild%2flinux-x64 set size:198942 disposed:false
914 silly fetch manifest @esbuild/sunos-x64@0.28.2
915 silly packumentCache full:https://registry.npmjs.org/@esbuild%2fsunos-x64 cache-miss
916 http fetch GET 200 https://registry.npmjs.org/@esbuild%2fsunos-x64 33ms (cache revalidated)
917 silly packumentCache full:https://registry.npmjs.org/@esbuild%2fsunos-x64 set size:199187 disposed:false
918 silly fetch manifest @esbuild/win32-x64@0.28.2
919 silly packumentCache full:https://registry.npmjs.org/@esbuild%2fwin32-x64 cache-miss
920 http fetch GET 200 https://registry.npmjs.org/process-ancestry 210ms (cache revalidated)
921 silly packumentCache full:https://registry.npmjs.org/process-ancestry set size:9718 disposed:false
922 silly fetch manifest @esbuild/darwin-x64@0.28.2
923 silly packumentCache full:https://registry.npmjs.org/@esbuild%2fdarwin-x64 cache-miss
924 http fetch GET 200 https://registry.npmjs.org/@astrojs%2fprism 414ms (cache revalidated)
925 silly packumentCache full:https://registry.npmjs.org/@astrojs%2fprism set size:112205 disposed:false
926 silly fetch manifest @esbuild/linux-ia32@0.28.2
927 silly packumentCache full:https://registry.npmjs.org/@esbuild%2flinux-ia32 cache-miss
928 http fetch GET 200 https://registry.npmjs.org/@esbuild%2fwin32-x64 37ms (cache revalidated)
929 silly packumentCache full:https://registry.npmjs.org/@esbuild%2fwin32-x64 set size:197540 disposed:false
930 silly fetch manifest @esbuild/netbsd-x64@0.28.2
931 silly packumentCache full:https://registry.npmjs.org/@esbuild%2fnetbsd-x64 cache-miss
932 http fetch GET 200 https://registry.npmjs.org/@esbuild%2fdarwin-x64 44ms (cache revalidated)
933 silly packumentCache full:https://registry.npmjs.org/@esbuild%2fdarwin-x64 set size:199670 disposed:false
934 silly fetch manifest @esbuild/win32-ia32@0.28.2
935 silly packumentCache full:https://registry.npmjs.org/@esbuild%2fwin32-ia32 cache-miss
936 http fetch GET 200 https://registry.npmjs.org/@esbuild%2fnetbsd-x64 40ms (cache revalidated)
937 silly packumentCache full:https://registry.npmjs.org/@esbuild%2fnetbsd-x64 set size:197314 disposed:false
938 silly fetch manifest @esbuild/android-arm@0.28.2
939 silly packumentCache full:https://registry.npmjs.org/@esbuild%2fandroid-arm cache-miss
940 http fetch GET 200 https://registry.npmjs.org/@esbuild%2flinux-ia32 63ms (cache revalidated)
941 silly packumentCache full:https://registry.npmjs.org/@esbuild%2flinux-ia32 set size:199625 disposed:false
942 silly fetch manifest @esbuild/android-x64@0.28.2
943 silly packumentCache full:https://registry.npmjs.org/@esbuild%2fandroid-x64 cache-miss
944 http fetch GET 200 https://registry.npmjs.org/@esbuild%2fwin32-ia32 42ms (cache revalidated)
945 silly packumentCache full:https://registry.npmjs.org/@esbuild%2fwin32-ia32 set size:199854 disposed:false
946 silly fetch manifest @esbuild/freebsd-x64@0.28.2
947 silly packumentCache full:https://registry.npmjs.org/@esbuild%2ffreebsd-x64 cache-miss
948 http fetch GET 200 https://registry.npmjs.org/@esbuild%2fandroid-arm 43ms (cache revalidated)
949 silly packumentCache full:https://registry.npmjs.org/@esbuild%2fandroid-arm set size:225217 disposed:false
950 silly fetch manifest @esbuild/linux-arm64@0.28.2
951 silly packumentCache full:https://registry.npmjs.org/@esbuild%2flinux-arm64 cache-miss
952 http fetch GET 200 https://registry.npmjs.org/@esbuild%2fandroid-x64 48ms (cache revalidated)
953 silly packumentCache full:https://registry.npmjs.org/@esbuild%2fandroid-x64 set size:199017 disposed:false
954 silly fetch manifest @esbuild/linux-ppc64@0.28.2
955 silly packumentCache full:https://registry.npmjs.org/@esbuild%2flinux-ppc64 cache-miss
956 http fetch GET 200 https://registry.npmjs.org/@esbuild%2flinux-arm64 42ms (cache revalidated)
957 silly packumentCache full:https://registry.npmjs.org/@esbuild%2flinux-arm64 set size:200773 disposed:false
958 silly fetch manifest @esbuild/linux-s390x@0.28.2
959 silly packumentCache full:https://registry.npmjs.org/@esbuild%2flinux-s390x cache-miss
960 http fetch GET 200 https://registry.npmjs.org/@esbuild%2flinux-ppc64 43ms (cache revalidated)
961 silly packumentCache full:https://registry.npmjs.org/@esbuild%2flinux-ppc64 set size:202845 disposed:false
962 silly fetch manifest @esbuild/openbsd-x64@0.28.2
963 silly packumentCache full:https://registry.npmjs.org/@esbuild%2fopenbsd-x64 cache-miss
964 http fetch GET 200 https://registry.npmjs.org/@esbuild%2flinux-s390x 38ms (cache revalidated)
965 silly packumentCache full:https://registry.npmjs.org/@esbuild%2flinux-s390x set size:202310 disposed:false
966 silly fetch manifest @esbuild/win32-arm64@0.28.2
967 silly packumentCache full:https://registry.npmjs.org/@esbuild%2fwin32-arm64 cache-miss
968 http fetch GET 200 https://registry.npmjs.org/@esbuild%2fopenbsd-x64 39ms (cache revalidated)
969 silly packumentCache full:https://registry.npmjs.org/@esbuild%2fopenbsd-x64 set size:200576 disposed:false
970 silly fetch manifest @esbuild/darwin-arm64@0.28.2
971 silly packumentCache full:https://registry.npmjs.org/@esbuild%2fdarwin-arm64 cache-miss
972 http fetch GET 200 https://registry.npmjs.org/@esbuild%2fwin32-arm64 39ms (cache revalidated)
973 silly packumentCache full:https://registry.npmjs.org/@esbuild%2fwin32-arm64 set size:201005 disposed:false
974 silly fetch manifest @esbuild/netbsd-arm64@0.28.2
975 silly packumentCache full:https://registry.npmjs.org/@esbuild%2fnetbsd-arm64 cache-miss
976 http fetch GET 200 https://registry.npmjs.org/@esbuild%2fnetbsd-arm64 34ms (cache revalidated)
977 silly packumentCache full:https://registry.npmjs.org/@esbuild%2fnetbsd-arm64 set size:44308 disposed:false
978 silly fetch manifest @esbuild/android-arm64@0.28.2
979 silly packumentCache full:https://registry.npmjs.org/@esbuild%2fandroid-arm64 cache-miss
980 http fetch GET 200 https://registry.npmjs.org/@esbuild%2ffreebsd-x64 208ms (cache revalidated)
981 silly packumentCache full:https://registry.npmjs.org/@esbuild%2ffreebsd-x64 set size:200565 disposed:false
982 silly fetch manifest @esbuild/freebsd-arm64@0.28.2
983 silly packumentCache full:https://registry.npmjs.org/@esbuild%2ffreebsd-arm64 cache-miss
984 http fetch GET 200 https://registry.npmjs.org/@esbuild%2fdarwin-arm64 81ms (cache revalidated)
985 silly packumentCache full:https://registry.npmjs.org/@esbuild%2fdarwin-arm64 set size:201471 disposed:false
986 silly fetch manifest @esbuild/linux-loong64@0.28.2
987 silly packumentCache full:https://registry.npmjs.org/@esbuild%2flinux-loong64 cache-miss
988 http fetch GET 200 https://registry.npmjs.org/@esbuild%2ffreebsd-arm64 34ms (cache revalidated)
989 silly packumentCache full:https://registry.npmjs.org/@esbuild%2ffreebsd-arm64 set size:202383 disposed:false
990 silly fetch manifest @esbuild/linux-riscv64@0.28.2
991 silly packumentCache full:https://registry.npmjs.org/@esbuild%2flinux-riscv64 cache-miss
992 http fetch GET 200 https://registry.npmjs.org/@esbuild%2fandroid-arm64 66ms (cache revalidated)
993 silly packumentCache full:https://registry.npmjs.org/@esbuild%2fandroid-arm64 set size:204216 disposed:false
994 silly fetch manifest @esbuild/openbsd-arm64@0.28.2
995 silly packumentCache full:https://registry.npmjs.org/@esbuild%2fopenbsd-arm64 cache-miss
996 http fetch GET 200 https://registry.npmjs.org/@esbuild%2flinux-loong64 58ms (cache revalidated)
997 silly packumentCache full:https://registry.npmjs.org/@esbuild%2flinux-loong64 set size:255749 disposed:false
998 silly fetch manifest @esbuild/linux-mips64el@0.28.2
999 silly packumentCache full:https://registry.npmjs.org/@esbuild%2flinux-mips64el cache-miss
1000 http fetch GET 200 https://registry.npmjs.org/@esbuild%2flinux-riscv64 55ms (cache revalidated)
1001 silly packumentCache full:https://registry.npmjs.org/@esbuild%2flinux-riscv64 set size:202512 disposed:false
1002 silly fetch manifest @esbuild/openharmony-arm64@0.28.2
1003 silly packumentCache full:https://registry.npmjs.org/@esbuild%2fopenharmony-arm64 cache-miss
1004 http fetch GET 200 https://registry.npmjs.org/@esbuild%2fopenbsd-arm64 54ms (cache revalidated)
1005 silly packumentCache full:https://registry.npmjs.org/@esbuild%2fopenbsd-arm64 set size:49642 disposed:false
1006 silly fetch manifest fontkitten@^1.0.2
1007 silly packumentCache full:https://registry.npmjs.org/fontkitten cache-hit
1008 silly fetch manifest resolve-pkg-maps@^1.0.0
1009 silly packumentCache full:https://registry.npmjs.org/resolve-pkg-maps cache-miss
1010 http fetch GET 200 https://registry.npmjs.org/@esbuild%2flinux-mips64el 53ms (cache revalidated)
1011 silly packumentCache full:https://registry.npmjs.org/@esbuild%2flinux-mips64el set size:204633 disposed:false
1012 silly fetch manifest argparse@^2.0.1
1013 silly packumentCache full:https://registry.npmjs.org/argparse cache-miss
1014 http fetch GET 200 https://registry.npmjs.org/resolve-pkg-maps 24ms (cache revalidated)
1015 silly packumentCache full:https://registry.npmjs.org/resolve-pkg-maps set size:11615 disposed:false
1016 silly fetch manifest @jridgewell/sourcemap-codec@^1.6.0
1017 silly packumentCache full:https://registry.npmjs.org/@jridgewell%2fsourcemap-codec cache-miss
1018 http fetch GET 200 https://registry.npmjs.org/argparse 25ms (cache revalidated)
1019 silly packumentCache full:https://registry.npmjs.org/argparse set size:55000 disposed:false
1020 silly fetch manifest @babel/types@^7.29.7
1021 silly packumentCache full:https://registry.npmjs.org/@babel%2ftypes cache-miss
1022 http fetch GET 200 https://registry.npmjs.org/@jridgewell%2fsourcemap-codec 37ms (cache revalidated)
1023 silly packumentCache full:https://registry.npmjs.org/@jridgewell%2fsourcemap-codec set size:65255 disposed:false
1024 silly fetch manifest @babel/parser@^7.29.7
1025 silly packumentCache full:https://registry.npmjs.org/@babel%2fparser cache-miss
1026 http fetch GET 200 https://registry.npmjs.org/@babel%2ftypes 41ms (cache revalidated)
1027 silly packumentCache full:https://registry.npmjs.org/@babel%2ftypes set size:507562 disposed:false
1028 silly fetch manifest yocto-queue@^1.2.1
1029 silly packumentCache full:https://registry.npmjs.org/yocto-queue cache-miss
1030 http fetch GET 200 https://registry.npmjs.org/yocto-queue 26ms (cache revalidated)
1031 silly packumentCache full:https://registry.npmjs.org/yocto-queue set size:20256 disposed:false
1032 silly fetch manifest eventemitter3@^5.0.4
1033 silly packumentCache full:https://registry.npmjs.org/eventemitter3 cache-miss
1034 http fetch GET 200 https://registry.npmjs.org/@babel%2fparser 49ms (cache revalidated)
1035 silly packumentCache full:https://registry.npmjs.org/@babel%2fparser set size:745724 disposed:false
1036 silly fetch manifest p-timeout@^7.0.0
1037 silly packumentCache full:https://registry.npmjs.org/p-timeout cache-miss
1038 http fetch GET 200 https://registry.npmjs.org/eventemitter3 25ms (cache revalidated)
1039 silly packumentCache full:https://registry.npmjs.org/eventemitter3 set size:92292 disposed:false
1040 silly fetch manifest semver@^7.8.5
1041 silly packumentCache full:https://registry.npmjs.org/semver cache-hit
1042 silly fetch manifest @img/colour@^1.1.0
1043 silly packumentCache full:https://registry.npmjs.org/@img%2fcolour cache-miss
1044 http fetch GET 200 https://registry.npmjs.org/p-timeout 27ms (cache revalidated)
1045 silly packumentCache full:https://registry.npmjs.org/p-timeout set size:62805 disposed:false
1046 silly fetch manifest detect-libc@^2.1.2
1047 silly packumentCache full:https://registry.npmjs.org/detect-libc cache-miss
1048 http fetch GET 200 https://registry.npmjs.org/@img%2fcolour 37ms (cache revalidated)
1049 silly packumentCache full:https://registry.npmjs.org/@img%2fcolour set size:9701 disposed:false
1050 silly fetch manifest @img/sharp-linux-arm@0.35.5
1051 silly packumentCache full:https://registry.npmjs.org/@img%2fsharp-linux-arm cache-miss
1052 http fetch GET 200 https://registry.npmjs.org/detect-libc 22ms (cache revalidated)
1053 silly packumentCache full:https://registry.npmjs.org/detect-libc set size:47861 disposed:false
1054 silly fetch manifest @img/sharp-linux-x64@0.35.5
1055 silly packumentCache full:https://registry.npmjs.org/@img%2fsharp-linux-x64 cache-miss
1056 http fetch GET 200 https://registry.npmjs.org/@esbuild%2fopenharmony-arm64 223ms (cache revalidated)
1057 silly packumentCache full:https://registry.npmjs.org/@esbuild%2fopenharmony-arm64 set size:33054 disposed:false
1058 silly fetch manifest @img/sharp-win32-x64@0.35.5
1059 silly packumentCache full:https://registry.npmjs.org/@img%2fsharp-win32-x64 cache-miss
1060 http fetch GET 200 https://registry.npmjs.org/@img%2fsharp-linux-arm 38ms (cache revalidated)
1061 silly packumentCache full:https://registry.npmjs.org/@img%2fsharp-linux-arm set size:113897 disposed:false
1062 silly fetch manifest @img/sharp-darwin-x64@0.35.5
1063 silly packumentCache full:https://registry.npmjs.org/@img%2fsharp-darwin-x64 cache-miss
1064 http fetch GET 200 https://registry.npmjs.org/@img%2fsharp-linux-x64 39ms (cache revalidated)
1065 silly packumentCache full:https://registry.npmjs.org/@img%2fsharp-linux-x64 set size:113357 disposed:false
1066 silly fetch manifest @img/sharp-win32-ia32@0.35.5
1067 silly packumentCache full:https://registry.npmjs.org/@img%2fsharp-win32-ia32 cache-miss
1068 http fetch GET 200 https://registry.npmjs.org/@img%2fsharp-win32-x64 30ms (cache revalidated)
1069 silly packumentCache full:https://registry.npmjs.org/@img%2fsharp-win32-x64 set size:114337 disposed:false
1070 silly fetch manifest @img/sharp-linux-arm64@0.35.5
1071 silly packumentCache full:https://registry.npmjs.org/@img%2fsharp-linux-arm64 cache-miss
1072 http fetch GET 200 https://registry.npmjs.org/@img%2fsharp-darwin-x64 43ms (cache revalidated)
1073 silly packumentCache full:https://registry.npmjs.org/@img%2fsharp-darwin-x64 set size:115385 disposed:false
1074 silly fetch manifest @img/sharp-linux-ppc64@0.35.5
1075 silly packumentCache full:https://registry.npmjs.org/@img%2fsharp-linux-ppc64 cache-miss
1076 http fetch GET 200 https://registry.npmjs.org/@img%2fsharp-linux-arm64 29ms (cache revalidated)
1077 silly packumentCache full:https://registry.npmjs.org/@img%2fsharp-linux-arm64 set size:114817 disposed:false
1078 silly fetch manifest @img/sharp-linux-s390x@0.35.5
1079 silly packumentCache full:https://registry.npmjs.org/@img%2fsharp-linux-s390x cache-miss
1080 http fetch GET 200 https://registry.npmjs.org/@img%2fsharp-win32-ia32 49ms (cache revalidated)
1081 silly packumentCache full:https://registry.npmjs.org/@img%2fsharp-win32-ia32 set size:115401 disposed:false
1082 silly fetch manifest @img/sharp-win32-arm64@0.35.5
1083 silly packumentCache full:https://registry.npmjs.org/@img%2fsharp-win32-arm64 cache-miss
1084 http fetch GET 200 https://registry.npmjs.org/@img%2fsharp-linux-ppc64 39ms (cache revalidated)
1085 silly packumentCache full:https://registry.npmjs.org/@img%2fsharp-linux-ppc64 set size:79407 disposed:false
1086 silly fetch manifest @img/sharp-darwin-arm64@0.35.5
1087 silly packumentCache full:https://registry.npmjs.org/@img%2fsharp-darwin-arm64 cache-miss
1088 http fetch GET 200 https://registry.npmjs.org/@img%2fsharp-win32-arm64 34ms (cache revalidated)
1089 silly packumentCache full:https://registry.npmjs.org/@img%2fsharp-win32-arm64 set size:74401 disposed:false
1090 silly fetch manifest @img/sharp-linux-riscv64@0.35.5
1091 silly packumentCache full:https://registry.npmjs.org/@img%2fsharp-linux-riscv64 cache-miss
1092 http fetch GET 200 https://registry.npmjs.org/@img%2fsharp-darwin-arm64 40ms (cache revalidated)
1093 silly packumentCache full:https://registry.npmjs.org/@img%2fsharp-darwin-arm64 set size:116891 disposed:false
1094 silly fetch manifest @img/sharp-linuxmusl-x64@0.35.5
1095 silly packumentCache full:https://registry.npmjs.org/@img%2fsharp-linuxmusl-x64 cache-miss
1096 http fetch GET 200 https://registry.npmjs.org/@img%2fsharp-linux-riscv64 41ms (cache revalidated)
1097 silly packumentCache full:https://registry.npmjs.org/@img%2fsharp-linux-riscv64 set size:57051 disposed:false
1098 silly fetch manifest @img/sharp-freebsd-wasm32@0.35.5
1099 silly packumentCache full:https://registry.npmjs.org/@img%2fsharp-freebsd-wasm32 cache-miss
1100 http fetch GET 200 https://registry.npmjs.org/@img%2fsharp-linuxmusl-x64 46ms (cache revalidated)
1101 silly packumentCache full:https://registry.npmjs.org/@img%2fsharp-linuxmusl-x64 set size:115107 disposed:false
1102 silly fetch manifest @img/sharp-linuxmusl-arm64@0.35.5
1103 silly packumentCache full:https://registry.npmjs.org/@img%2fsharp-linuxmusl-arm64 cache-miss
1104 http fetch GET 200 https://registry.npmjs.org/@img%2fsharp-freebsd-wasm32 45ms (cache revalidated)
1105 silly packumentCache full:https://registry.npmjs.org/@img%2fsharp-freebsd-wasm32 set size:54185 disposed:false
1106 silly fetch manifest @img/sharp-libvips-linux-arm@1.3.4
1107 silly packumentCache full:https://registry.npmjs.org/@img%2fsharp-libvips-linux-arm cache-miss
1108 http fetch GET 200 https://registry.npmjs.org/@img%2fsharp-linuxmusl-arm64 46ms (cache revalidated)
1109 silly packumentCache full:https://registry.npmjs.org/@img%2fsharp-linuxmusl-arm64 set size:116571 disposed:false
1110 silly fetch manifest @img/sharp-libvips-linux-x64@1.3.4
1111 silly packumentCache full:https://registry.npmjs.org/@img%2fsharp-libvips-linux-x64 cache-miss
1112 http fetch GET 200 https://registry.npmjs.org/@img%2fsharp-libvips-linux-arm 46ms (cache revalidated)
1113 silly packumentCache full:https://registry.npmjs.org/@img%2fsharp-libvips-linux-arm set size:101980 disposed:false
1114 silly fetch manifest @img/sharp-libvips-darwin-x64@1.3.4
1115 silly packumentCache full:https://registry.npmjs.org/@img%2fsharp-libvips-darwin-x64 cache-miss
1116 http fetch GET 200 https://registry.npmjs.org/@img%2fsharp-libvips-darwin-x64 29ms (cache revalidated)
1117 silly packumentCache full:https://registry.npmjs.org/@img%2fsharp-libvips-darwin-x64 set size:94351 disposed:false
1118 silly fetch manifest @img/sharp-libvips-linux-arm64@1.3.4
1119 silly packumentCache full:https://registry.npmjs.org/@img%2fsharp-libvips-linux-arm64 cache-miss
1120 http fetch GET 200 https://registry.npmjs.org/@img%2fsharp-libvips-linux-x64 50ms (cache revalidated)
1121 silly packumentCache full:https://registry.npmjs.org/@img%2fsharp-libvips-linux-x64 set size:97791 disposed:false
1122 silly fetch manifest @img/sharp-libvips-linux-ppc64@1.3.4
1123 silly packumentCache full:https://registry.npmjs.org/@img%2fsharp-libvips-linux-ppc64 cache-miss
1124 http fetch GET 200 https://registry.npmjs.org/@img%2fsharp-linux-s390x 232ms (cache revalidated)
1125 silly packumentCache full:https://registry.npmjs.org/@img%2fsharp-linux-s390x set size:112669 disposed:false
1126 silly fetch manifest @img/sharp-libvips-linux-s390x@1.3.4
1127 silly packumentCache full:https://registry.npmjs.org/@img%2fsharp-libvips-linux-s390x cache-miss
1128 http fetch GET 200 https://registry.npmjs.org/@img%2fsharp-libvips-linux-arm64 52ms (cache revalidated)
1129 silly packumentCache full:https://registry.npmjs.org/@img%2fsharp-libvips-linux-arm64 set size:99131 disposed:false
1130 silly fetch manifest @img/sharp-libvips-darwin-arm64@1.3.4
1131 silly packumentCache full:https://registry.npmjs.org/@img%2fsharp-libvips-darwin-arm64 cache-miss
1132 http fetch GET 200 https://registry.npmjs.org/@img%2fsharp-libvips-linux-s390x 42ms (cache revalidated)
1133 silly packumentCache full:https://registry.npmjs.org/@img%2fsharp-libvips-linux-s390x set size:93119 disposed:false
1134 silly fetch manifest @img/sharp-webcontainers-wasm32@0.35.5
1135 silly packumentCache full:https://registry.npmjs.org/@img%2fsharp-webcontainers-wasm32 cache-miss
1136 http fetch GET 200 https://registry.npmjs.org/@img%2fsharp-libvips-linux-ppc64 49ms (cache revalidated)
1137 silly packumentCache full:https://registry.npmjs.org/@img%2fsharp-libvips-linux-ppc64 set size:84165 disposed:false
1138 silly fetch manifest @img/sharp-libvips-linux-riscv64@1.3.4
1139 silly packumentCache full:https://registry.npmjs.org/@img%2fsharp-libvips-linux-riscv64 cache-miss
1140 http fetch GET 200 https://registry.npmjs.org/@img%2fsharp-libvips-linux-riscv64 31ms (cache revalidated)
1141 silly packumentCache full:https://registry.npmjs.org/@img%2fsharp-libvips-linux-riscv64 set size:70477 disposed:false
1142 silly fetch manifest @img/sharp-libvips-linuxmusl-x64@1.3.4
1143 silly packumentCache full:https://registry.npmjs.org/@img%2fsharp-libvips-linuxmusl-x64 cache-miss
1144 http fetch GET 200 https://registry.npmjs.org/@img%2fsharp-libvips-darwin-arm64 48ms (cache revalidated)
1145 silly packumentCache full:https://registry.npmjs.org/@img%2fsharp-libvips-darwin-arm64 set size:95366 disposed:false
1146 silly fetch manifest @img/sharp-libvips-linuxmusl-arm64@1.3.4
1147 silly packumentCache full:https://registry.npmjs.org/@img%2fsharp-libvips-linuxmusl-arm64 cache-miss
1148 http fetch GET 200 https://registry.npmjs.org/@img%2fsharp-webcontainers-wasm32 45ms (cache revalidated)
1149 silly packumentCache full:https://registry.npmjs.org/@img%2fsharp-webcontainers-wasm32 set size:53436 disposed:false
1150 silly fetch manifest @types/hast@^3.0.5
1151 silly packumentCache full:https://registry.npmjs.org/@types%2fhast cache-hit
1152 silly fetch manifest @shikijs/core@4.4.3
1153 silly packumentCache full:https://registry.npmjs.org/@shikijs%2fcore cache-miss
1154 http fetch GET 200 https://registry.npmjs.org/@img%2fsharp-libvips-linuxmusl-arm64 43ms (cache revalidated)
1155 silly packumentCache full:https://registry.npmjs.org/@img%2fsharp-libvips-linuxmusl-arm64 set size:98430 disposed:false
1156 silly fetch manifest @shikijs/langs@4.4.3
1157 silly packumentCache full:https://registry.npmjs.org/@shikijs%2flangs cache-miss
1158 http fetch GET 200 https://registry.npmjs.org/@img%2fsharp-libvips-linuxmusl-x64 51ms (cache revalidated)
1159 silly packumentCache full:https://registry.npmjs.org/@img%2fsharp-libvips-linuxmusl-x64 set size:95242 disposed:false
1160 silly fetch manifest @shikijs/types@4.4.3
1161 silly packumentCache full:https://registry.npmjs.org/@shikijs%2ftypes cache-miss
1162 http fetch GET 200 https://registry.npmjs.org/@shikijs%2fcore 47ms (cache revalidated)
1163 silly packumentCache full:https://registry.npmjs.org/@shikijs%2fcore set size:364638 disposed:false
1164 silly fetch manifest @shikijs/themes@4.4.3
1165 silly packumentCache full:https://registry.npmjs.org/@shikijs%2fthemes cache-miss
1166 http fetch GET 200 https://registry.npmjs.org/@shikijs%2ftypes 46ms (cache revalidated)
1167 silly packumentCache full:https://registry.npmjs.org/@shikijs%2ftypes set size:193623 disposed:false
1168 silly fetch manifest @shikijs/vscode-textmate@^10.0.2
1169 silly packumentCache full:https://registry.npmjs.org/@shikijs%2fvscode-textmate cache-miss
1170 http fetch GET 200 https://registry.npmjs.org/@shikijs%2flangs 60ms (cache revalidated)
1171 silly packumentCache full:https://registry.npmjs.org/@shikijs%2flangs set size:854506 disposed:false
1172 silly fetch manifest @shikijs/engine-oniguruma@4.4.3
1173 silly packumentCache full:https://registry.npmjs.org/@shikijs%2fengine-oniguruma cache-miss
1174 http fetch GET 200 https://registry.npmjs.org/@shikijs%2fthemes 78ms (cache revalidated)
1175 silly packumentCache full:https://registry.npmjs.org/@shikijs%2fthemes set size:339923 disposed:false
1176 silly fetch manifest @shikijs/engine-javascript@4.4.3
1177 silly packumentCache full:https://registry.npmjs.org/@shikijs%2fengine-javascript cache-miss
1178 http fetch GET 200 https://registry.npmjs.org/@shikijs%2fengine-oniguruma 40ms (cache revalidated)
1179 silly packumentCache full:https://registry.npmjs.org/@shikijs%2fengine-oniguruma set size:222210 disposed:false
1180 silly fetch manifest sax@1.6.1
1181 silly packumentCache full:https://registry.npmjs.org/sax cache-miss
1182 http fetch GET 200 https://registry.npmjs.org/@shikijs%2fvscode-textmate 71ms (cache revalidated)
1183 silly packumentCache full:https://registry.npmjs.org/@shikijs%2fvscode-textmate set size:25645 disposed:false
1184 silly fetch manifest csso@^5.0.5
1185 silly packumentCache full:https://registry.npmjs.org/csso cache-miss
1186 http fetch GET 200 https://registry.npmjs.org/@shikijs%2fengine-javascript 39ms (cache revalidated)
1187 silly packumentCache full:https://registry.npmjs.org/@shikijs%2fengine-javascript set size:213032 disposed:false
1188 silly fetch manifest css-tree@^3.0.1
1189 silly packumentCache full:https://registry.npmjs.org/css-tree cache-miss
1190 http fetch GET 200 https://registry.npmjs.org/sax 36ms (cache revalidated)
1191 silly packumentCache full:https://registry.npmjs.org/sax set size:92982 disposed:false
1192 silly fetch manifest css-what@^7.0.0
1193 silly packumentCache full:https://registry.npmjs.org/css-what cache-miss
1194 http fetch GET 200 https://registry.npmjs.org/csso 33ms (cache revalidated)
1195 silly packumentCache full:https://registry.npmjs.org/csso set size:202215 disposed:false
1196 silly fetch manifest commander@^11.1.0
1197 silly packumentCache full:https://registry.npmjs.org/commander cache-miss
1198 http fetch GET 200 https://registry.npmjs.org/css-tree 31ms (cache revalidated)
1199 silly packumentCache full:https://registry.npmjs.org/css-tree set size:229638 disposed:false
1200 silly fetch manifest css-select@^6.0.0
1201 silly packumentCache full:https://registry.npmjs.org/css-select cache-miss
1202 http fetch GET 200 https://registry.npmjs.org/css-what 30ms (cache revalidated)
1203 silly packumentCache full:https://registry.npmjs.org/css-what set size:81721 disposed:false
1204 silly fetch manifest fdir@^6.5.0
1205 silly packumentCache full:https://registry.npmjs.org/fdir cache-miss
1206 http fetch GET 200 https://registry.npmjs.org/commander 34ms (cache revalidated)
1207 silly packumentCache full:https://registry.npmjs.org/commander set size:353104 disposed:false
1208 silly fetch manifest ohash@^2.0.11
1209 silly packumentCache full:https://registry.npmjs.org/ohash cache-miss
1210 http fetch GET 200 https://registry.npmjs.org/css-select 53ms (cache revalidated)
1211 silly packumentCache full:https://registry.npmjs.org/css-select set size:111202 disposed:false
1212 silly fetch manifest undici@^8.0.0
1213 silly packumentCache full:https://registry.npmjs.org/undici cache-miss
1214 http fetch GET 200 https://registry.npmjs.org/fdir 46ms (cache revalidated)
1215 silly packumentCache full:https://registry.npmjs.org/fdir set size:136182 disposed:false
1216 silly fetch manifest css-tree@^3.1.0
1217 silly packumentCache full:https://registry.npmjs.org/css-tree cache-hit
1218 silly fetch manifest h3@^1.15.10
1219 silly packumentCache full:https://registry.npmjs.org/h3 cache-hit
1220 silly fetch manifest ufo@^1.6.3
1221 silly packumentCache full:https://registry.npmjs.org/ufo cache-miss
1222 http fetch GET 200 https://registry.npmjs.org/ohash 40ms (cache revalidated)
1223 silly packumentCache full:https://registry.npmjs.org/ohash set size:71846 disposed:false
1224 silly fetch manifest destr@^2.0.5
1225 silly packumentCache full:https://registry.npmjs.org/destr cache-miss
1226 http fetch GET 200 https://registry.npmjs.org/ufo 31ms (cache revalidated)
1227 silly packumentCache full:https://registry.npmjs.org/ufo set size:169119 disposed:false
1228 silly fetch manifest ofetch@^1.5.1
1229 silly packumentCache full:https://registry.npmjs.org/ofetch cache-miss
1230 http fetch GET 200 https://registry.npmjs.org/undici 61ms (cache revalidated)
1231 silly packumentCache full:https://registry.npmjs.org/undici set size:1558776 disposed:false
1232 silly fetch manifest anymatch@^3.1.3
1233 silly packumentCache full:https://registry.npmjs.org/anymatch cache-miss
1234 http fetch GET 200 https://registry.npmjs.org/destr 55ms (cache revalidated)
1235 silly packumentCache full:https://registry.npmjs.org/destr set size:65344 disposed:false
1236 silly fetch manifest chokidar@^5.0.0
1237 silly packumentCache full:https://registry.npmjs.org/chokidar cache-hit
1238 silly fetch manifest lru-cache@^11.2.7
1239 silly packumentCache full:https://registry.npmjs.org/lru-cache cache-miss
1240 http fetch GET 200 https://registry.npmjs.org/ofetch 48ms (cache revalidated)
1241 silly packumentCache full:https://registry.npmjs.org/ofetch set size:75280 disposed:false
1242 silly fetch manifest node-fetch-native@^1.6.7
1243 silly packumentCache full:https://registry.npmjs.org/node-fetch-native cache-miss
1244 http fetch GET 200 https://registry.npmjs.org/lru-cache 30ms (cache revalidated)
1245 silly packumentCache full:https://registry.npmjs.org/lru-cache set size:465506 disposed:false
1246 silly fetch manifest rolldown@~1.2.9
1247 silly packumentCache full:https://registry.npmjs.org/rolldown cache-miss
1248 http fetch GET 200 https://registry.npmjs.org/node-fetch-native 25ms (cache revalidated)
1249 silly packumentCache full:https://registry.npmjs.org/node-fetch-native set size:114626 disposed:false
1250 silly fetch manifest lightningcss@^1.33.0
1251 silly packumentCache full:https://registry.npmjs.org/lightningcss cache-miss
1252 http fetch GET 200 https://registry.npmjs.org/lightningcss 23ms (cache revalidated)
1253 silly packumentCache full:https://registry.npmjs.org/lightningcss set size:191065 disposed:false
1254 silly fetch manifest fsevents@~2.3.3
1255 silly packumentCache full:https://registry.npmjs.org/fsevents cache-miss
1256 http fetch GET 200 https://registry.npmjs.org/fsevents 30ms (cache revalidated)
1257 silly packumentCache full:https://registry.npmjs.org/fsevents set size:182472 disposed:false
1258 http fetch GET 200 https://registry.npmjs.org/rolldown 136ms (cache updated)
1259 silly packumentCache full:https://registry.npmjs.org/rolldown set size:undefined disposed:false
1260 http fetch GET 200 https://registry.npmjs.org/anymatch 231ms (cache revalidated)
1261 silly packumentCache full:https://registry.npmjs.org/anymatch set size:42974 disposed:false
1262 silly placeDep ROOT @astrojs/compiler-binding@0.5.1 OK for: @astrojs/compiler-rs@0.5.1 want: 0.5.1
1263 silly fetch manifest @astrojs/compiler-binding-darwin-x64@0.5.1
1264 silly packumentCache full:https://registry.npmjs.org/@astrojs%2fcompiler-binding-darwin-x64 cache-miss
1265 silly fetch manifest @astrojs/compiler-binding-wasm32-wasi@0.5.1
1266 silly packumentCache full:https://registry.npmjs.org/@astrojs%2fcompiler-binding-wasm32-wasi cache-miss
1267 silly fetch manifest @astrojs/compiler-binding-darwin-arm64@0.5.1
1268 silly packumentCache full:https://registry.npmjs.org/@astrojs%2fcompiler-binding-darwin-arm64 cache-miss
1269 http fetch GET 200 https://registry.npmjs.org/@astrojs%2fcompiler-binding-wasm32-wasi 241ms (cache revalidated)
1270 silly packumentCache full:https://registry.npmjs.org/@astrojs%2fcompiler-binding-wasm32-wasi set size:47668 disposed:false
1271 silly fetch manifest @astrojs/compiler-binding-android-arm64@0.5.1
1272 silly packumentCache full:https://registry.npmjs.org/@astrojs%2fcompiler-binding-android-arm64 cache-miss
1273 http fetch GET 200 https://registry.npmjs.org/@astrojs%2fcompiler-binding-darwin-x64 427ms (cache revalidated)
1274 silly packumentCache full:https://registry.npmjs.org/@astrojs%2fcompiler-binding-darwin-x64 set size:46269 disposed:false
1275 silly fetch manifest @astrojs/compiler-binding-linux-x64-gnu@0.5.1
1276 silly packumentCache full:https://registry.npmjs.org/@astrojs%2fcompiler-binding-linux-x64-gnu cache-miss
1277 http fetch GET 200 https://registry.npmjs.org/@astrojs%2fcompiler-binding-darwin-arm64 431ms (cache revalidated)
1278 silly packumentCache full:https://registry.npmjs.org/@astrojs%2fcompiler-binding-darwin-arm64 set size:46638 disposed:false
1279 silly fetch manifest @astrojs/compiler-binding-linux-x64-musl@0.5.1
1280 silly packumentCache full:https://registry.npmjs.org/@astrojs%2fcompiler-binding-linux-x64-musl cache-miss
1281 http fetch GET 200 https://registry.npmjs.org/@astrojs%2fcompiler-binding-android-arm64 423ms (cache revalidated)
1282 silly packumentCache full:https://registry.npmjs.org/@astrojs%2fcompiler-binding-android-arm64 set size:8992 disposed:false
1283 silly fetch manifest @astrojs/compiler-binding-win32-x64-msvc@0.5.1
1284 silly packumentCache full:https://registry.npmjs.org/@astrojs%2fcompiler-binding-win32-x64-msvc cache-miss
1285 http fetch GET 200 https://registry.npmjs.org/@astrojs%2fcompiler-binding-linux-x64-gnu 242ms (cache revalidated)
1286 silly packumentCache full:https://registry.npmjs.org/@astrojs%2fcompiler-binding-linux-x64-gnu set size:47447 disposed:false
1287 silly fetch manifest @astrojs/compiler-binding-linux-arm64-gnu@0.5.1
1288 silly packumentCache full:https://registry.npmjs.org/@astrojs%2fcompiler-binding-linux-arm64-gnu cache-miss
1289 http fetch GET 200 https://registry.npmjs.org/@astrojs%2fcompiler-binding-linux-x64-musl 245ms (cache revalidated)
1290 silly packumentCache full:https://registry.npmjs.org/@astrojs%2fcompiler-binding-linux-x64-musl set size:47252 disposed:false
1291 silly fetch manifest @astrojs/compiler-binding-linux-arm64-musl@0.5.1
1292 silly packumentCache full:https://registry.npmjs.org/@astrojs%2fcompiler-binding-linux-arm64-musl cache-miss
1293 http fetch GET 200 https://registry.npmjs.org/@astrojs%2fcompiler-binding-linux-arm64-gnu 251ms (cache revalidated)
1294 silly packumentCache full:https://registry.npmjs.org/@astrojs%2fcompiler-binding-linux-arm64-gnu set size:47489 disposed:false
1295 silly fetch manifest @astrojs/compiler-binding-win32-arm64-msvc@0.5.1
1296 silly packumentCache full:https://registry.npmjs.org/@astrojs%2fcompiler-binding-win32-arm64-msvc cache-miss
1297 http fetch GET 200 https://registry.npmjs.org/@astrojs%2fcompiler-binding-linux-arm64-musl 428ms (cache revalidated)
1298 silly packumentCache full:https://registry.npmjs.org/@astrojs%2fcompiler-binding-linux-arm64-musl set size:47625 disposed:false
1299 http fetch GET 200 https://registry.npmjs.org/@astrojs%2fcompiler-binding-win32-x64-msvc 453ms (cache revalidated)
1300 silly packumentCache full:https://registry.npmjs.org/@astrojs%2fcompiler-binding-win32-x64-msvc set size:46895 disposed:false
1301 http fetch GET 200 https://registry.npmjs.org/@astrojs%2fcompiler-binding-win32-arm64-msvc 413ms (cache revalidated)
1302 silly packumentCache full:https://registry.npmjs.org/@astrojs%2fcompiler-binding-win32-arm64-msvc set size:47265 disposed:false
1303 silly placeDep ROOT @astrojs/compiler-binding-android-arm64@0.5.1 OK for: @astrojs/compiler-binding@0.5.1 want: 0.5.1
1304 silly placeDep ROOT @astrojs/compiler-binding-darwin-arm64@0.5.1 OK for: @astrojs/compiler-binding@0.5.1 want: 0.5.1
1305 silly placeDep ROOT @astrojs/compiler-binding-darwin-x64@0.5.1 OK for: @astrojs/compiler-binding@0.5.1 want: 0.5.1
1306 silly placeDep ROOT @astrojs/compiler-binding-linux-arm64-gnu@0.5.1 OK for: @astrojs/compiler-binding@0.5.1 want: 0.5.1
1307 silly placeDep ROOT @astrojs/compiler-binding-linux-arm64-musl@0.5.1 OK for: @astrojs/compiler-binding@0.5.1 want: 0.5.1
1308 silly placeDep ROOT @astrojs/compiler-binding-linux-x64-gnu@0.5.1 OK for: @astrojs/compiler-binding@0.5.1 want: 0.5.1
1309 silly placeDep ROOT @astrojs/compiler-binding-linux-x64-musl@0.5.1 OK for: @astrojs/compiler-binding@0.5.1 want: 0.5.1
1310 silly placeDep ROOT @astrojs/compiler-binding-wasm32-wasi@0.5.1 OK for: @astrojs/compiler-binding@0.5.1 want: 0.5.1
1311 silly placeDep ROOT @astrojs/compiler-binding-win32-arm64-msvc@0.5.1 OK for: @astrojs/compiler-binding@0.5.1 want: 0.5.1
1312 silly placeDep ROOT @astrojs/compiler-binding-win32-x64-msvc@0.5.1 OK for: @astrojs/compiler-binding@0.5.1 want: 0.5.1
1313 silly fetch manifest @emnapi/core@1.11.3
1314 silly packumentCache full:https://registry.npmjs.org/@emnapi%2fcore cache-miss
1315 silly fetch manifest @emnapi/runtime@1.11.3
1316 silly packumentCache full:https://registry.npmjs.org/@emnapi%2fruntime cache-miss
1317 silly fetch manifest @napi-rs/wasm-runtime@^1.2.4
1318 silly packumentCache full:https://registry.npmjs.org/@napi-rs%2fwasm-runtime cache-miss
1319 http fetch GET 200 https://registry.npmjs.org/@emnapi%2fruntime 42ms (cache revalidated)
1320 silly packumentCache full:https://registry.npmjs.org/@emnapi%2fruntime set size:127256 disposed:false
1321 http fetch GET 200 https://registry.npmjs.org/@emnapi%2fcore 69ms (cache revalidated)
1322 silly packumentCache full:https://registry.npmjs.org/@emnapi%2fcore set size:126418 disposed:false
1323 http fetch GET 200 https://registry.npmjs.org/@napi-rs%2fwasm-runtime 212ms (cache revalidated)
1324 silly packumentCache full:https://registry.npmjs.org/@napi-rs%2fwasm-runtime set size:90458 disposed:false
1325 silly placeDep ROOT @emnapi/core@1.11.3 OK for: @astrojs/compiler-binding-wasm32-wasi@0.5.1 want: 1.11.3
1326 silly placeDep ROOT @emnapi/runtime@1.11.3 OK for: @astrojs/compiler-binding-wasm32-wasi@0.5.1 want: 1.11.3
1327 silly placeDep ROOT @napi-rs/wasm-runtime@1.2.4 OK for: @astrojs/compiler-binding-wasm32-wasi@0.5.1 want: ^1.2.4
1328 silly fetch manifest tslib@^2.4.0
1329 silly packumentCache full:https://registry.npmjs.org/tslib cache-miss
1330 silly fetch manifest @emnapi/wasi-threads@1.2.3
1331 silly packumentCache full:https://registry.npmjs.org/@emnapi%2fwasi-threads cache-miss
1332 silly fetch manifest tslib@^2.4.0
1333 silly packumentCache full:https://registry.npmjs.org/tslib cache-miss
1334 http fetch GET 200 https://registry.npmjs.org/tslib 29ms (cache revalidated)
1335 silly packumentCache full:https://registry.npmjs.org/tslib set size:108843 disposed:false
1336 silly fetch manifest @tybys/wasm-util@^0.10.3
1337 silly packumentCache full:https://registry.npmjs.org/@tybys%2fwasm-util cache-miss
1338 http fetch GET 200 https://registry.npmjs.org/tslib 35ms (cache revalidated)
1339 silly packumentCache full:https://registry.npmjs.org/tslib set size:108843 disposed:false
1340 silly packumentCache full:https://registry.npmjs.org/tslib dispose
1341 http fetch GET 200 https://registry.npmjs.org/@emnapi%2fwasi-threads 43ms (cache revalidated)
1342 silly packumentCache full:https://registry.npmjs.org/@emnapi%2fwasi-threads set size:35327 disposed:false
1343 http fetch GET 200 https://registry.npmjs.org/@tybys%2fwasm-util 38ms (cache revalidated)
1344 silly packumentCache full:https://registry.npmjs.org/@tybys%2fwasm-util set size:62627 disposed:false
1345 silly placeDep ROOT @types/hast@3.0.5 OK for: @astrojs/internal-helpers@0.11.0 want: ^3.0.4
1346 silly placeDep ROOT @types/mdast@4.0.4 OK for: @astrojs/internal-helpers@0.11.0 want: ^4.0.4
1347 silly placeDep ROOT retext-smartypants@6.2.0 OK for: @astrojs/internal-helpers@0.11.0 want: ^6.2.0
1348 silly placeDep ROOT unified@11.0.5 OK for: @astrojs/internal-helpers@0.11.0 want: ^11.0.5
1349 silly fetch manifest @types/unist@*
1350 silly packumentCache full:https://registry.npmjs.org/@types%2funist cache-miss
1351 silly fetch manifest @types/unist@*
1352 silly packumentCache full:https://registry.npmjs.org/@types%2funist cache-miss
1353 silly fetch manifest @types/nlcst@^2.0.0
1354 silly packumentCache full:https://registry.npmjs.org/@types%2fnlcst cache-miss
1355 http fetch GET 200 https://registry.npmjs.org/@types%2fnlcst 29ms (cache revalidated)
1356 silly packumentCache full:https://registry.npmjs.org/@types%2fnlcst set size:17041 disposed:false
1357 silly fetch manifest nlcst-to-string@^4.0.0
1358 silly packumentCache full:https://registry.npmjs.org/nlcst-to-string cache-miss
1359 http fetch GET 200 https://registry.npmjs.org/nlcst-to-string 29ms (cache revalidated)
1360 silly packumentCache full:https://registry.npmjs.org/nlcst-to-string set size:60981 disposed:false
1361 silly fetch manifest @types/unist@^3.0.0
1362 silly packumentCache full:https://registry.npmjs.org/@types%2funist cache-miss
1363 http fetch GET 200 https://registry.npmjs.org/@types%2funist 148ms (cache revalidated)
1364 silly packumentCache full:https://registry.npmjs.org/@types%2funist set size:39215 disposed:false
1365 silly fetch manifest bail@^2.0.0
1366 silly packumentCache full:https://registry.npmjs.org/bail cache-miss
1367 http fetch GET 200 https://registry.npmjs.org/@types%2funist 219ms (cache revalidated)
1368 silly packumentCache full:https://registry.npmjs.org/@types%2funist set size:39215 disposed:false
1369 silly packumentCache full:https://registry.npmjs.org/@types%2funist dispose
1370 silly fetch manifest devlop@^1.0.0
1371 silly packumentCache full:https://registry.npmjs.org/devlop cache-miss
1372 http fetch GET 200 https://registry.npmjs.org/@types%2funist 220ms (cache revalidated)
1373 silly packumentCache full:https://registry.npmjs.org/@types%2funist set size:39215 disposed:true
1374 silly packumentCache full:https://registry.npmjs.org/@types%2funist dispose
1375 silly fetch manifest extend@^3.0.0
1376 silly packumentCache full:https://registry.npmjs.org/extend cache-miss
1377 http fetch GET 200 https://registry.npmjs.org/devlop 25ms (cache revalidated)
1378 silly packumentCache full:https://registry.npmjs.org/devlop set size:16868 disposed:false
1379 silly fetch manifest is-plain-obj@^4.0.0
1380 silly packumentCache full:https://registry.npmjs.org/is-plain-obj cache-miss
1381 http fetch GET 200 https://registry.npmjs.org/extend 32ms (cache revalidated)
1382 silly packumentCache full:https://registry.npmjs.org/extend set size:25974 disposed:false
1383 silly fetch manifest trough@^2.0.0
1384 silly packumentCache full:https://registry.npmjs.org/trough cache-miss
1385 http fetch GET 200 https://registry.npmjs.org/bail 42ms (cache revalidated)
1386 silly packumentCache full:https://registry.npmjs.org/bail set size:30511 disposed:false
1387 silly fetch manifest vfile@^6.0.0
1388 silly packumentCache full:https://registry.npmjs.org/vfile cache-hit
1389 http fetch GET 200 https://registry.npmjs.org/is-plain-obj 25ms (cache revalidated)
1390 silly packumentCache full:https://registry.npmjs.org/is-plain-obj set size:17899 disposed:false
1391 http fetch GET 200 https://registry.npmjs.org/trough 28ms (cache revalidated)
1392 silly packumentCache full:https://registry.npmjs.org/trough set size:46749 disposed:false
1393 silly placeDep ROOT @astrojs/prism@4.0.2 OK for: @astrojs/markdown-satteri@0.4.2 want: 4.0.2
1394 silly placeDep ROOT satteri@0.10.5 OK for: @astrojs/markdown-satteri@0.4.2 want: ^0.10.3
1395 silly fetch manifest prismjs@^1.30.0
1396 silly packumentCache full:https://registry.npmjs.org/prismjs cache-miss
1397 silly fetch manifest @types/unist@^3.0.3
1398 silly packumentCache full:https://registry.npmjs.org/@types%2funist cache-hit
1399 silly fetch manifest @types/estree-jsx@^1.0.5
1400 silly packumentCache full:https://registry.npmjs.org/@types%2festree-jsx cache-miss
1401 silly fetch manifest @bruits/satteri-darwin-x64@0.10.5
1402 silly packumentCache full:https://registry.npmjs.org/@bruits%2fsatteri-darwin-x64 cache-miss
1403 http fetch GET 200 https://registry.npmjs.org/prismjs 31ms (cache revalidated)
1404 silly packumentCache full:https://registry.npmjs.org/prismjs set size:114949 disposed:false
1405 silly fetch manifest @bruits/satteri-wasm32-wasi@0.10.5
1406 silly packumentCache full:https://registry.npmjs.org/@bruits%2fsatteri-wasm32-wasi cache-miss
1407 http fetch GET 200 https://registry.npmjs.org/@types%2festree-jsx 222ms (cache revalidated)
1408 silly packumentCache full:https://registry.npmjs.org/@types%2festree-jsx set size:18387 disposed:false
1409 silly fetch manifest @bruits/satteri-darwin-arm64@0.10.5
1410 silly packumentCache full:https://registry.npmjs.org/@bruits%2fsatteri-darwin-arm64 cache-miss
1411 http fetch GET 200 https://registry.npmjs.org/@bruits%2fsatteri-darwin-x64 416ms (cache revalidated)
1412 silly packumentCache full:https://registry.npmjs.org/@bruits%2fsatteri-darwin-x64 set size:66348 disposed:false
1413 silly fetch manifest @bruits/satteri-linux-x64-gnu@0.10.5
1414 silly packumentCache full:https://registry.npmjs.org/@bruits%2fsatteri-linux-x64-gnu cache-miss
1415 http fetch GET 200 https://registry.npmjs.org/@bruits%2fsatteri-wasm32-wasi 504ms (cache revalidated)
1416 silly packumentCache full:https://registry.npmjs.org/@bruits%2fsatteri-wasm32-wasi set size:72460 disposed:false
1417 silly fetch manifest @bruits/satteri-linux-x64-musl@0.10.5
1418 silly packumentCache full:https://registry.npmjs.org/@bruits%2fsatteri-linux-x64-musl cache-miss
1419 http fetch GET 200 https://registry.npmjs.org/@bruits%2fsatteri-darwin-arm64 522ms (cache revalidated)
1420 silly packumentCache full:https://registry.npmjs.org/@bruits%2fsatteri-darwin-arm64 set size:65222 disposed:false
1421 silly fetch manifest @bruits/satteri-win32-x64-msvc@0.10.5
1422 silly packumentCache full:https://registry.npmjs.org/@bruits%2fsatteri-win32-x64-msvc cache-miss
1423 http fetch GET 200 https://registry.npmjs.org/@bruits%2fsatteri-linux-x64-gnu 431ms (cache revalidated)
1424 silly packumentCache full:https://registry.npmjs.org/@bruits%2fsatteri-linux-x64-gnu set size:68813 disposed:false
1425 silly fetch manifest @bruits/satteri-linux-arm64-gnu@0.10.5
1426 silly packumentCache full:https://registry.npmjs.org/@bruits%2fsatteri-linux-arm64-gnu cache-miss
1427 http fetch GET 200 https://registry.npmjs.org/@bruits%2fsatteri-linux-x64-musl 423ms (cache revalidated)
1428 silly packumentCache full:https://registry.npmjs.org/@bruits%2fsatteri-linux-x64-musl set size:15881 disposed:false
1429 silly fetch manifest @bruits/satteri-linux-arm64-musl@0.10.5
1430 silly packumentCache full:https://registry.npmjs.org/@bruits%2fsatteri-linux-arm64-musl cache-miss
1431 http fetch GET 200 https://registry.npmjs.org/@bruits%2fsatteri-win32-x64-msvc 429ms (cache revalidated)
1432 silly packumentCache full:https://registry.npmjs.org/@bruits%2fsatteri-win32-x64-msvc set size:67411 disposed:false
1433 silly fetch manifest @bruits/satteri-win32-arm64-msvc@0.10.5
1434 silly packumentCache full:https://registry.npmjs.org/@bruits%2fsatteri-win32-arm64-msvc cache-miss
1435 http fetch GET 200 https://registry.npmjs.org/@bruits%2fsatteri-linux-arm64-gnu 458ms (cache revalidated)
1436 silly packumentCache full:https://registry.npmjs.org/@bruits%2fsatteri-linux-arm64-gnu set size:17665 disposed:false
1437 http fetch GET 200 https://registry.npmjs.org/@bruits%2fsatteri-linux-arm64-musl 385ms (cache revalidated)
1438 silly packumentCache full:https://registry.npmjs.org/@bruits%2fsatteri-linux-arm64-musl set size:17729 disposed:false
1439 http fetch GET 200 https://registry.npmjs.org/@bruits%2fsatteri-win32-arm64-msvc 439ms (cache revalidated)
1440 silly packumentCache full:https://registry.npmjs.org/@bruits%2fsatteri-win32-arm64-msvc set size:17571 disposed:false
1441 silly placeDep ROOT prismjs@1.30.0 OK for: @astrojs/prism@4.0.2 want: ^1.30.0
1442 silly placeDep ROOT is-docker@4.0.0 OK for: @astrojs/telemetry@3.3.3 want: ^4.0.0
1443 silly placeDep ROOT fontkitten@1.0.3 OK for: @capsizecss/unpack@4.0.1 want: ^1.0.3
1444 silly fetch manifest tiny-inflate@^1.0.3
1445 silly packumentCache full:https://registry.npmjs.org/tiny-inflate cache-miss
1446 http fetch GET 200 https://registry.npmjs.org/tiny-inflate 26ms (cache revalidated)
1447 silly packumentCache full:https://registry.npmjs.org/tiny-inflate set size:8091 disposed:false
1448 silly placeDep ROOT @clack/core@1.5.1 OK for: @clack/prompts@1.8.1 want: 1.5.1
1449 silly placeDep ROOT fast-string-width@3.0.2 OK for: @clack/prompts@1.8.1 want: ^3.0.2
1450 silly placeDep ROOT fast-wrap-ansi@0.2.2 OK for: @clack/prompts@1.8.1 want: ^0.2.0
1451 silly placeDep ROOT sisteransi@1.0.5 OK for: @clack/prompts@1.8.1 want: ^1.0.5
1452 silly fetch manifest fast-string-truncated-width@^3.0.2
1453 silly packumentCache full:https://registry.npmjs.org/fast-string-truncated-width cache-miss
1454 http fetch GET 200 https://registry.npmjs.org/fast-string-truncated-width 25ms (cache revalidated)
1455 silly packumentCache full:https://registry.npmjs.org/fast-string-truncated-width set size:23965 disposed:false
1456 silly placeDep ROOT @emnapi/wasi-threads@1.2.3 OK for: @emnapi/core@1.11.3 want: 1.2.3
1457 silly placeDep ROOT tslib@2.8.1 OK for: @emnapi/core@1.11.3 want: ^2.4.0
1458 silly placeDep ROOT @tybys/wasm-util@0.10.4 OK for: @napi-rs/wasm-runtime@1.2.4 want: ^0.10.3
1459 silly placeDep ROOT @types/unist@3.0.3 OK for: @types/hast@3.0.5 want: *
1460 silly placeDep ROOT process-ancestry@0.1.0 OK for: am-i-vibing@0.4.0 want: ^0.1.0
1461 silly placeDep ROOT browserslist@4.29.3 OK for: autoprefixer@10.6.1 want: ^4.28.9
1462 silly placeDep ROOT caniuse-lite@1.0.30001814 OK for: autoprefixer@10.6.1 want: ^1.0.30001810
1463 silly placeDep ROOT fraction.js@5.3.4 OK for: autoprefixer@10.6.1 want: ^5.3.4
1464 silly placeDep ROOT picocolors@1.1.1 OK for: autoprefixer@10.6.1 want: ^1.1.1
1465 silly placeDep ROOT postcss-value-parser@4.2.0 OK for: autoprefixer@10.6.1 want: ^4.2.0
1466 silly fetch manifest caniuse-lite@^1.0.30001813
1467 silly packumentCache full:https://registry.npmjs.org/caniuse-lite cache-miss
1468 silly fetch manifest node-releases@^2.0.57
1469 silly packumentCache full:https://registry.npmjs.org/node-releases cache-miss
1470 silly fetch manifest electron-to-chromium@^1.5.439
1471 silly packumentCache full:https://registry.npmjs.org/electron-to-chromium cache-miss
1472 http cache https://registry.npmjs.org/caniuse-lite 25ms (cache hit)
1473 silly packumentCache full:https://registry.npmjs.org/caniuse-lite set size:2319807 disposed:false
1474 silly fetch manifest update-browserslist-db@^1.3.3
1475 silly packumentCache full:https://registry.npmjs.org/update-browserslist-db cache-miss
1476 http fetch GET 200 https://registry.npmjs.org/node-releases 49ms (cache revalidated)
1477 silly packumentCache full:https://registry.npmjs.org/node-releases set size:301779 disposed:false
1478 silly fetch manifest baseline-browser-mapping@^2.11.26
1479 silly packumentCache full:https://registry.npmjs.org/baseline-browser-mapping cache-miss
1480 http fetch GET 200 https://registry.npmjs.org/update-browserslist-db 43ms (cache revalidated)
1481 silly packumentCache full:https://registry.npmjs.org/update-browserslist-db set size:71185 disposed:false
1482 http fetch GET 200 https://registry.npmjs.org/baseline-browser-mapping 33ms (cache revalidated)
1483 silly packumentCache full:https://registry.npmjs.org/baseline-browser-mapping set size:645799 disposed:false
1484 http fetch GET 200 https://registry.npmjs.org/electron-to-chromium 175ms (cache updated)
1485 silly packumentCache full:https://registry.npmjs.org/electron-to-chromium set size:undefined disposed:false
1486 silly fetch manifest browserslist@>= 4.21.0
1487 silly packumentCache full:https://registry.npmjs.org/browserslist cache-hit
1488 silly placeDep ROOT baseline-browser-mapping@2.11.26 OK for: browserslist@4.29.3 want: ^2.11.26
1489 silly placeDep ROOT electron-to-chromium@1.5.443 OK for: browserslist@4.29.3 want: ^1.5.439
1490 silly placeDep ROOT node-releases@2.0.57 OK for: browserslist@4.29.3 want: ^2.0.57
1491 silly placeDep ROOT update-browserslist-db@1.3.3 OK for: browserslist@4.29.3 want: ^1.3.3
1492 silly fetch manifest escalade@^3.2.0
1493 silly packumentCache full:https://registry.npmjs.org/escalade cache-miss
1494 http fetch GET 200 https://registry.npmjs.org/escalade 24ms (cache revalidated)
1495 silly packumentCache full:https://registry.npmjs.org/escalade set size:33724 disposed:false
1496 silly placeDep ROOT @esbuild/aix-ppc64@0.28.2 OK for: esbuild@0.28.2 want: 0.28.2
1497 silly placeDep ROOT @esbuild/android-arm@0.28.2 OK for: esbuild@0.28.2 want: 0.28.2
1498 silly placeDep ROOT @esbuild/android-arm64@0.28.2 OK for: esbuild@0.28.2 want: 0.28.2
1499 silly placeDep ROOT @esbuild/android-x64@0.28.2 OK for: esbuild@0.28.2 want: 0.28.2
1500 silly placeDep ROOT @esbuild/darwin-arm64@0.28.2 OK for: esbuild@0.28.2 want: 0.28.2
1501 silly placeDep ROOT @esbuild/darwin-x64@0.28.2 OK for: esbuild@0.28.2 want: 0.28.2
1502 silly placeDep ROOT @esbuild/freebsd-arm64@0.28.2 OK for: esbuild@0.28.2 want: 0.28.2
1503 silly placeDep ROOT @esbuild/freebsd-x64@0.28.2 OK for: esbuild@0.28.2 want: 0.28.2
1504 silly placeDep ROOT @esbuild/linux-arm@0.28.2 OK for: esbuild@0.28.2 want: 0.28.2
1505 silly placeDep ROOT @esbuild/linux-arm64@0.28.2 OK for: esbuild@0.28.2 want: 0.28.2
1506 silly placeDep ROOT @esbuild/linux-ia32@0.28.2 OK for: esbuild@0.28.2 want: 0.28.2
1507 silly placeDep ROOT @esbuild/linux-loong64@0.28.2 OK for: esbuild@0.28.2 want: 0.28.2
1508 silly placeDep ROOT @esbuild/linux-mips64el@0.28.2 OK for: esbuild@0.28.2 want: 0.28.2
1509 silly placeDep ROOT @esbuild/linux-ppc64@0.28.2 OK for: esbuild@0.28.2 want: 0.28.2
1510 silly placeDep ROOT @esbuild/linux-riscv64@0.28.2 OK for: esbuild@0.28.2 want: 0.28.2
1511 silly placeDep ROOT @esbuild/linux-s390x@0.28.2 OK for: esbuild@0.28.2 want: 0.28.2
1512 silly placeDep ROOT @esbuild/linux-x64@0.28.2 OK for: esbuild@0.28.2 want: 0.28.2
1513 silly placeDep ROOT @esbuild/netbsd-arm64@0.28.2 OK for: esbuild@0.28.2 want: 0.28.2
1514 silly placeDep ROOT @esbuild/netbsd-x64@0.28.2 OK for: esbuild@0.28.2 want: 0.28.2
1515 silly placeDep ROOT @esbuild/openbsd-arm64@0.28.2 OK for: esbuild@0.28.2 want: 0.28.2
1516 silly placeDep ROOT @esbuild/openbsd-x64@0.28.2 OK for: esbuild@0.28.2 want: 0.28.2
1517 silly placeDep ROOT @esbuild/openharmony-arm64@0.28.2 OK for: esbuild@0.28.2 want: 0.28.2
1518 silly placeDep ROOT @esbuild/sunos-x64@0.28.2 OK for: esbuild@0.28.2 want: 0.28.2
1519 silly placeDep ROOT @esbuild/win32-arm64@0.28.2 OK for: esbuild@0.28.2 want: 0.28.2
1520 silly placeDep ROOT @esbuild/win32-ia32@0.28.2 OK for: esbuild@0.28.2 want: 0.28.2
1521 silly placeDep ROOT @esbuild/win32-x64@0.28.2 OK for: esbuild@0.28.2 want: 0.28.2
1522 silly placeDep ROOT fast-string-truncated-width@3.0.3 OK for: fast-string-width@3.0.2 want: ^3.0.2
1523 silly placeDep ROOT tiny-inflate@1.0.3 OK for: fontkitten@1.0.3 want: ^1.0.3
1524 silly placeDep ROOT resolve-pkg-maps@1.0.0 OK for: get-tsconfig@5.0.0-beta.4 want: ^1.0.0
1525 silly placeDep ROOT argparse@2.0.1 OK for: js-yaml@4.3.2 want: ^2.0.1
1526 silly placeDep ROOT @jridgewell/sourcemap-codec@1.6.0 OK for: magic-string@1.4.2 want: ^1.6.0
1527 silly placeDep ROOT @babel/parser@7.29.9 OK for: magicast@0.5.5 want: ^7.29.7
1528 silly placeDep ROOT @babel/types@7.29.8 OK for: magicast@0.5.5 want: ^7.29.7
1529 silly placeDep ROOT source-map-js@1.2.2 OK for: magicast@0.5.5 want: ^1.2.1
1530 silly fetch manifest @babel/types@^7.29.8
1531 silly packumentCache full:https://registry.npmjs.org/@babel%2ftypes cache-hit
1532 silly fetch manifest @babel/helper-string-parser@^7.29.7
1533 silly packumentCache full:https://registry.npmjs.org/@babel%2fhelper-string-parser cache-miss
1534 silly fetch manifest @babel/helper-validator-identifier@^7.29.7
1535 silly packumentCache full:https://registry.npmjs.org/@babel%2fhelper-validator-identifier cache-miss
1536 http fetch GET 200 https://registry.npmjs.org/@babel%2fhelper-validator-identifier 33ms (cache revalidated)
1537 silly packumentCache full:https://registry.npmjs.org/@babel%2fhelper-validator-identifier set size:132572 disposed:false
1538 http fetch GET 200 https://registry.npmjs.org/@babel%2fhelper-string-parser 41ms (cache revalidated)
1539 silly packumentCache full:https://registry.npmjs.org/@babel%2fhelper-string-parser set size:93686 disposed:false
1540 silly placeDep ROOT @babel/helper-string-parser@7.29.7 OK for: @babel/types@7.29.8 want: ^7.29.7
1541 silly placeDep ROOT @babel/helper-validator-identifier@7.29.7 OK for: @babel/types@7.29.8 want: ^7.29.7
1542 silly placeDep ROOT yocto-queue@1.2.2 OK for: p-limit@7.3.3 want: ^1.2.1
1543 silly placeDep ROOT eventemitter3@5.0.4 OK for: p-queue@9.3.3 want: ^5.0.4
1544 silly placeDep ROOT p-timeout@7.0.2 OK for: p-queue@9.3.3 want: ^7.0.0
1545 silly placeDep ROOT nanoid@3.3.19 OK for: postcss@8.5.28 want: ^3.3.18
1546 silly placeDep ROOT lilconfig@3.1.3 OK for: postcss-load-config@4.0.2 want: ^3.0.0
1547 silly placeDep ROOT yaml@2.9.1 OK for: postcss-load-config@4.0.2 want: ^2.3.4
1548 silly placeDep ROOT @types/nlcst@2.0.3 OK for: retext-smartypants@6.2.0 want: ^2.0.0
1549 silly placeDep ROOT nlcst-to-string@4.0.0 OK for: retext-smartypants@6.2.0 want: ^4.0.0
1550 silly placeDep ROOT unist-util-visit@5.1.0 OK for: retext-smartypants@6.2.0 want: ^5.0.0
1551 silly fetch manifest unist-util-is@^6.0.0
1552 silly packumentCache full:https://registry.npmjs.org/unist-util-is cache-miss
1553 silly fetch manifest unist-util-visit-parents@^6.0.0
1554 silly packumentCache full:https://registry.npmjs.org/unist-util-visit-parents cache-miss
1555 http fetch GET 200 https://registry.npmjs.org/unist-util-is 30ms (cache revalidated)
1556 silly packumentCache full:https://registry.npmjs.org/unist-util-is set size:79350 disposed:false
1557 http fetch GET 200 https://registry.npmjs.org/unist-util-visit-parents 34ms (cache revalidated)
1558 silly packumentCache full:https://registry.npmjs.org/unist-util-visit-parents set size:103476 disposed:false
1559 silly placeDep ROOT @bruits/satteri-darwin-arm64@0.10.5 OK for: satteri@0.10.5 want: 0.10.5
1560 silly placeDep ROOT @bruits/satteri-darwin-x64@0.10.5 OK for: satteri@0.10.5 want: 0.10.5
1561 silly placeDep ROOT @bruits/satteri-linux-arm64-gnu@0.10.5 OK for: satteri@0.10.5 want: 0.10.5
1562 silly placeDep ROOT @bruits/satteri-linux-arm64-musl@0.10.5 OK for: satteri@0.10.5 want: 0.10.5
1563 silly placeDep ROOT @bruits/satteri-linux-x64-gnu@0.10.5 OK for: satteri@0.10.5 want: 0.10.5
1564 silly placeDep ROOT @bruits/satteri-linux-x64-musl@0.10.5 OK for: satteri@0.10.5 want: 0.10.5
1565 silly placeDep ROOT @bruits/satteri-wasm32-wasi@0.10.5 OK for: satteri@0.10.5 want: 0.10.5
1566 silly placeDep ROOT @bruits/satteri-win32-arm64-msvc@0.10.5 OK for: satteri@0.10.5 want: 0.10.5
1567 silly placeDep ROOT @bruits/satteri-win32-x64-msvc@0.10.5 OK for: satteri@0.10.5 want: 0.10.5
1568 silly placeDep ROOT @types/estree-jsx@1.0.5 OK for: satteri@0.10.5 want: ^1.0.5
1569 silly fetch manifest @emnapi/core@1.11.1
1570 silly packumentCache full:https://registry.npmjs.org/@emnapi%2fcore cache-hit
1571 silly fetch manifest @emnapi/runtime@1.11.1
1572 silly packumentCache full:https://registry.npmjs.org/@emnapi%2fruntime cache-hit
1573 silly fetch manifest @types/estree@*
1574 silly packumentCache full:https://registry.npmjs.org/@types%2festree cache-miss
1575 http fetch GET 200 https://registry.npmjs.org/@types%2festree 33ms (cache revalidated)
1576 silly packumentCache full:https://registry.npmjs.org/@types%2festree set size:76072 disposed:false
1577 silly placeDep node_modules/@bruits/satteri-wasm32-wasi @emnapi/core@1.11.1 OK for: @bruits/satteri-wasm32-wasi@0.10.5 want: 1.11.1
1578 silly placeDep node_modules/@bruits/satteri-wasm32-wasi @emnapi/runtime@1.11.1 OK for: @bruits/satteri-wasm32-wasi@0.10.5 want: 1.11.1
1579 silly fetch manifest @emnapi/wasi-threads@1.2.2
1580 silly packumentCache full:https://registry.npmjs.org/@emnapi%2fwasi-threads cache-hit
1581 silly placeDep ROOT @types/estree@1.0.9 OK for: @types/estree-jsx@1.0.5 want: *
1582 silly placeDep ROOT @img/colour@1.1.0 OK for: sharp@0.35.5 want: ^1.1.0
1583 silly placeDep ROOT @img/sharp-darwin-arm64@0.35.5 OK for: sharp@0.35.5 want: 0.35.5
1584 silly placeDep ROOT @img/sharp-darwin-x64@0.35.5 OK for: sharp@0.35.5 want: 0.35.5
1585 silly placeDep ROOT @img/sharp-freebsd-wasm32@0.35.5 OK for: sharp@0.35.5 want: 0.35.5
1586 silly placeDep ROOT @img/sharp-libvips-darwin-arm64@1.3.4 OK for: sharp@0.35.5 want: 1.3.4
1587 silly placeDep ROOT @img/sharp-libvips-darwin-x64@1.3.4 OK for: sharp@0.35.5 want: 1.3.4
1588 silly placeDep ROOT @img/sharp-libvips-linux-arm@1.3.4 OK for: sharp@0.35.5 want: 1.3.4
1589 silly placeDep ROOT @img/sharp-libvips-linux-arm64@1.3.4 OK for: sharp@0.35.5 want: 1.3.4
1590 silly placeDep ROOT @img/sharp-libvips-linux-ppc64@1.3.4 OK for: sharp@0.35.5 want: 1.3.4
1591 silly placeDep ROOT @img/sharp-libvips-linux-riscv64@1.3.4 OK for: sharp@0.35.5 want: 1.3.4
1592 silly placeDep ROOT @img/sharp-libvips-linux-s390x@1.3.4 OK for: sharp@0.35.5 want: 1.3.4
1593 silly placeDep ROOT @img/sharp-libvips-linux-x64@1.3.4 OK for: sharp@0.35.5 want: 1.3.4
1594 silly placeDep ROOT @img/sharp-libvips-linuxmusl-arm64@1.3.4 OK for: sharp@0.35.5 want: 1.3.4
1595 silly placeDep ROOT @img/sharp-libvips-linuxmusl-x64@1.3.4 OK for: sharp@0.35.5 want: 1.3.4
1596 silly placeDep ROOT @img/sharp-linux-arm@0.35.5 OK for: sharp@0.35.5 want: 0.35.5
1597 silly placeDep ROOT @img/sharp-linux-arm64@0.35.5 OK for: sharp@0.35.5 want: 0.35.5
1598 silly placeDep ROOT @img/sharp-linux-ppc64@0.35.5 OK for: sharp@0.35.5 want: 0.35.5
1599 silly placeDep ROOT @img/sharp-linux-riscv64@0.35.5 OK for: sharp@0.35.5 want: 0.35.5
1600 silly placeDep ROOT @img/sharp-linux-s390x@0.35.5 OK for: sharp@0.35.5 want: 0.35.5
1601 silly placeDep ROOT @img/sharp-linux-x64@0.35.5 OK for: sharp@0.35.5 want: 0.35.5
1602 silly placeDep ROOT @img/sharp-linuxmusl-arm64@0.35.5 OK for: sharp@0.35.5 want: 0.35.5
1603 silly placeDep ROOT @img/sharp-linuxmusl-x64@0.35.5 OK for: sharp@0.35.5 want: 0.35.5
1604 silly placeDep ROOT @img/sharp-webcontainers-wasm32@0.35.5 OK for: sharp@0.35.5 want: 0.35.5
1605 silly placeDep ROOT @img/sharp-win32-arm64@0.35.5 OK for: sharp@0.35.5 want: 0.35.5
1606 silly placeDep ROOT @img/sharp-win32-ia32@0.35.5 OK for: sharp@0.35.5 want: 0.35.5
1607 silly placeDep ROOT @img/sharp-win32-x64@0.35.5 OK for: sharp@0.35.5 want: 0.35.5
1608 silly placeDep ROOT detect-libc@2.1.2 OK for: sharp@0.35.5 want: ^2.1.2
1609 silly placeDep ROOT semver@7.8.5 OK for: sharp@0.35.5 want: ^7.8.5
1610 silly fetch manifest @img/sharp-wasm32@0.35.5
1611 silly packumentCache full:https://registry.npmjs.org/@img%2fsharp-wasm32 cache-miss
1612 silly fetch manifest @img/sharp-wasm32@0.35.5
1613 silly packumentCache full:https://registry.npmjs.org/@img%2fsharp-wasm32 cache-miss
1614 http fetch GET 200 https://registry.npmjs.org/@img%2fsharp-wasm32 31ms (cache revalidated)
1615 silly packumentCache full:https://registry.npmjs.org/@img%2fsharp-wasm32 set size:110142 disposed:false
1616 http fetch GET 200 https://registry.npmjs.org/@img%2fsharp-wasm32 42ms (cache revalidated)
1617 silly packumentCache full:https://registry.npmjs.org/@img%2fsharp-wasm32 set size:110142 disposed:false
1618 silly packumentCache full:https://registry.npmjs.org/@img%2fsharp-wasm32 dispose
1619 silly placeDep ROOT @img/sharp-wasm32@0.35.5 OK for: @img/sharp-freebsd-wasm32@0.35.5 want: 0.35.5
1620 silly placeDep ROOT @shikijs/core@4.4.3 OK for: shiki@4.4.3 want: 4.4.3
1621 silly placeDep ROOT @shikijs/engine-javascript@4.4.3 OK for: shiki@4.4.3 want: 4.4.3
1622 silly placeDep ROOT @shikijs/engine-oniguruma@4.4.3 OK for: shiki@4.4.3 want: 4.4.3
1623 silly placeDep ROOT @shikijs/langs@4.4.3 OK for: shiki@4.4.3 want: 4.4.3
1624 silly placeDep ROOT @shikijs/themes@4.4.3 OK for: shiki@4.4.3 want: 4.4.3
1625 silly placeDep ROOT @shikijs/types@4.4.3 OK for: shiki@4.4.3 want: 4.4.3
1626 silly placeDep ROOT @shikijs/vscode-textmate@10.0.2 OK for: shiki@4.4.3 want: ^10.0.2
1627 silly fetch manifest hast-util-to-html@^9.0.5
1628 silly packumentCache full:https://registry.npmjs.org/hast-util-to-html cache-miss
1629 silly fetch manifest @shikijs/primitive@4.4.3
1630 silly packumentCache full:https://registry.npmjs.org/@shikijs%2fprimitive cache-miss
1631 silly fetch manifest oniguruma-to-es@^4.3.6
1632 silly packumentCache full:https://registry.npmjs.org/oniguruma-to-es cache-miss
1633 http fetch GET 200 https://registry.npmjs.org/oniguruma-to-es 25ms (cache revalidated)
1634 silly packumentCache full:https://registry.npmjs.org/oniguruma-to-es set size:143732 disposed:false
1635 http fetch GET 200 https://registry.npmjs.org/hast-util-to-html 32ms (cache revalidated)
1636 silly packumentCache full:https://registry.npmjs.org/hast-util-to-html set size:123778 disposed:false
1637 http fetch GET 200 https://registry.npmjs.org/@shikijs%2fprimitive 39ms (cache revalidated)
1638 silly packumentCache full:https://registry.npmjs.org/@shikijs%2fprimitive set size:28527 disposed:false
1639 silly placeDep ROOT @shikijs/primitive@4.4.3 OK for: @shikijs/core@4.4.3 want: 4.4.3
1640 silly placeDep ROOT hast-util-to-html@9.0.5 OK for: @shikijs/core@4.4.3 want: ^9.0.5
1641 silly fetch manifest ccount@^2.0.0
1642 silly packumentCache full:https://registry.npmjs.org/ccount cache-miss
1643 silly fetch manifest comma-separated-tokens@^2.0.0
1644 silly packumentCache full:https://registry.npmjs.org/comma-separated-tokens cache-miss
1645 silly fetch manifest hast-util-whitespace@^3.0.0
1646 silly packumentCache full:https://registry.npmjs.org/hast-util-whitespace cache-miss
1647 http fetch GET 200 https://registry.npmjs.org/hast-util-whitespace 18ms (cache revalidated)
1648 silly packumentCache full:https://registry.npmjs.org/hast-util-whitespace set size:35245 disposed:false
1649 silly fetch manifest html-void-elements@^3.0.0
1650 silly packumentCache full:https://registry.npmjs.org/html-void-elements cache-miss
1651 http fetch GET 200 https://registry.npmjs.org/ccount 27ms (cache revalidated)
1652 silly packumentCache full:https://registry.npmjs.org/ccount set size:30836 disposed:false
1653 silly fetch manifest mdast-util-to-hast@^13.0.0
1654 silly packumentCache full:https://registry.npmjs.org/mdast-util-to-hast cache-miss
1655 http fetch GET 200 https://registry.npmjs.org/comma-separated-tokens 32ms (cache revalidated)
1656 silly packumentCache full:https://registry.npmjs.org/comma-separated-tokens set size:45877 disposed:false
1657 silly fetch manifest property-information@^7.0.0
1658 silly packumentCache full:https://registry.npmjs.org/property-information cache-miss
1659 http fetch GET 200 https://registry.npmjs.org/html-void-elements 22ms (cache revalidated)
1660 silly packumentCache full:https://registry.npmjs.org/html-void-elements set size:33031 disposed:false
1661 silly fetch manifest space-separated-tokens@^2.0.0
1662 silly packumentCache full:https://registry.npmjs.org/space-separated-tokens cache-miss
1663 http fetch GET 200 https://registry.npmjs.org/mdast-util-to-hast 24ms (cache revalidated)
1664 silly packumentCache full:https://registry.npmjs.org/mdast-util-to-hast set size:257722 disposed:false
1665 silly fetch manifest stringify-entities@^4.0.0
1666 silly packumentCache full:https://registry.npmjs.org/stringify-entities cache-miss
1667 http fetch GET 200 https://registry.npmjs.org/space-separated-tokens 21ms (cache revalidated)
1668 silly packumentCache full:https://registry.npmjs.org/space-separated-tokens set size:36967 disposed:false
1669 silly fetch manifest zwitch@^2.0.4
1670 silly packumentCache full:https://registry.npmjs.org/zwitch cache-miss
1671 http fetch GET 200 https://registry.npmjs.org/property-information 40ms (cache revalidated)
1672 silly packumentCache full:https://registry.npmjs.org/property-information set size:188512 disposed:false
1673 http fetch GET 200 https://registry.npmjs.org/stringify-entities 44ms (cache revalidated)
1674 silly packumentCache full:https://registry.npmjs.org/stringify-entities set size:61449 disposed:false
1675 http fetch GET 200 https://registry.npmjs.org/zwitch 36ms (cache revalidated)
1676 silly packumentCache full:https://registry.npmjs.org/zwitch set size:39712 disposed:false
1677 silly placeDep ROOT oniguruma-to-es@4.3.6 OK for: @shikijs/engine-javascript@4.4.3 want: ^4.3.6
1678 silly fetch manifest oniguruma-parser@^0.12.2
1679 silly packumentCache full:https://registry.npmjs.org/oniguruma-parser cache-miss
1680 silly fetch manifest regex@^6.1.0
1681 silly packumentCache full:https://registry.npmjs.org/regex cache-miss
1682 silly fetch manifest regex-recursion@^6.0.2
1683 silly packumentCache full:https://registry.npmjs.org/regex-recursion cache-miss
1684 http fetch GET 200 https://registry.npmjs.org/oniguruma-parser 26ms (cache revalidated)
1685 silly packumentCache full:https://registry.npmjs.org/oniguruma-parser set size:84201 disposed:false
1686 http fetch GET 200 https://registry.npmjs.org/regex-recursion 30ms (cache revalidated)
1687 silly packumentCache full:https://registry.npmjs.org/regex-recursion set size:35271 disposed:false
1688 http fetch GET 200 https://registry.npmjs.org/regex 37ms (cache revalidated)
1689 silly packumentCache full:https://registry.npmjs.org/regex set size:122384 disposed:false
1690 silly placeDep ROOT ccount@2.0.1 OK for: hast-util-to-html@9.0.5 want: ^2.0.0
1691 silly placeDep ROOT comma-separated-tokens@2.0.3 OK for: hast-util-to-html@9.0.5 want: ^2.0.0
1692 silly placeDep ROOT hast-util-whitespace@3.0.0 OK for: hast-util-to-html@9.0.5 want: ^3.0.0
1693 silly placeDep ROOT html-void-elements@3.0.0 OK for: hast-util-to-html@9.0.5 want: ^3.0.0
1694 silly placeDep ROOT mdast-util-to-hast@13.2.1 OK for: hast-util-to-html@9.0.5 want: ^13.0.0
1695 silly placeDep ROOT property-information@7.2.0 OK for: hast-util-to-html@9.0.5 want: ^7.0.0
1696 silly placeDep ROOT space-separated-tokens@2.0.2 OK for: hast-util-to-html@9.0.5 want: ^2.0.0
1697 silly placeDep ROOT stringify-entities@4.0.4 OK for: hast-util-to-html@9.0.5 want: ^4.0.0
1698 silly placeDep ROOT zwitch@2.0.4 OK for: hast-util-to-html@9.0.5 want: ^2.0.4
1699 silly fetch manifest @ungap/structured-clone@^1.0.0
1700 silly packumentCache full:https://registry.npmjs.org/@ungap%2fstructured-clone cache-miss
1701 silly fetch manifest micromark-util-sanitize-uri@^2.0.0
1702 silly packumentCache full:https://registry.npmjs.org/micromark-util-sanitize-uri cache-miss
1703 silly fetch manifest trim-lines@^3.0.0
1704 silly packumentCache full:https://registry.npmjs.org/trim-lines cache-miss
1705 http fetch GET 200 https://registry.npmjs.org/trim-lines 19ms (cache revalidated)
1706 silly packumentCache full:https://registry.npmjs.org/trim-lines set size:28474 disposed:false
1707 silly fetch manifest unist-util-position@^5.0.0
1708 silly packumentCache full:https://registry.npmjs.org/unist-util-position cache-miss
1709 http fetch GET 200 https://registry.npmjs.org/micromark-util-sanitize-uri 28ms (cache revalidated)
1710 silly packumentCache full:https://registry.npmjs.org/micromark-util-sanitize-uri set size:32376 disposed:false
1711 silly fetch manifest character-entities-html4@^2.0.0
1712 silly packumentCache full:https://registry.npmjs.org/character-entities-html4 cache-miss
1713 http fetch GET 200 https://registry.npmjs.org/unist-util-position 25ms (cache revalidated)
1714 silly packumentCache full:https://registry.npmjs.org/unist-util-position set size:51342 disposed:false
1715 silly fetch manifest character-entities-legacy@^3.0.0
1716 silly packumentCache full:https://registry.npmjs.org/character-entities-legacy cache-miss
1717 http fetch GET 200 https://registry.npmjs.org/character-entities-html4 27ms (cache revalidated)
1718 silly packumentCache full:https://registry.npmjs.org/character-entities-html4 set size:33529 disposed:false
1719 http fetch GET 200 https://registry.npmjs.org/character-entities-legacy 20ms (cache revalidated)
1720 silly packumentCache full:https://registry.npmjs.org/character-entities-legacy set size:34121 disposed:false
1721 http fetch GET 200 https://registry.npmjs.org/@ungap%2fstructured-clone 227ms (cache revalidated)
1722 silly packumentCache full:https://registry.npmjs.org/@ungap%2fstructured-clone set size:68313 disposed:false
1723 silly placeDep ROOT @ungap/structured-clone@1.4.0 OK for: mdast-util-to-hast@13.2.1 want: ^1.0.0
1724 silly placeDep ROOT devlop@1.1.0 OK for: mdast-util-to-hast@13.2.1 want: ^1.0.0
1725 silly placeDep ROOT micromark-util-sanitize-uri@2.0.1 OK for: mdast-util-to-hast@13.2.1 want: ^2.0.0
1726 silly placeDep ROOT trim-lines@3.0.1 OK for: mdast-util-to-hast@13.2.1 want: ^3.0.0
1727 silly placeDep ROOT unist-util-position@5.0.0 OK for: mdast-util-to-hast@13.2.1 want: ^5.0.0
1728 silly placeDep ROOT vfile@6.0.3 OK for: mdast-util-to-hast@13.2.1 want: ^6.0.0
1729 silly fetch manifest dequal@^2.0.0
1730 silly packumentCache full:https://registry.npmjs.org/dequal cache-miss
1731 silly fetch manifest micromark-util-character@^2.0.0
1732 silly packumentCache full:https://registry.npmjs.org/micromark-util-character cache-miss
1733 silly fetch manifest micromark-util-encode@^2.0.0
1734 silly packumentCache full:https://registry.npmjs.org/micromark-util-encode cache-miss
1735 http fetch GET 200 https://registry.npmjs.org/dequal 30ms (cache revalidated)
1736 silly packumentCache full:https://registry.npmjs.org/dequal set size:24037 disposed:false
1737 silly fetch manifest micromark-util-symbol@^2.0.0
1738 silly packumentCache full:https://registry.npmjs.org/micromark-util-symbol cache-miss
1739 http fetch GET 200 https://registry.npmjs.org/micromark-util-character 33ms (cache revalidated)
1740 silly packumentCache full:https://registry.npmjs.org/micromark-util-character set size:41720 disposed:false
1741 silly fetch manifest vfile-message@^4.0.0
1742 silly packumentCache full:https://registry.npmjs.org/vfile-message cache-miss
1743 http fetch GET 200 https://registry.npmjs.org/micromark-util-encode 38ms (cache revalidated)
1744 silly packumentCache full:https://registry.npmjs.org/micromark-util-encode set size:28579 disposed:false
1745 http fetch GET 200 https://registry.npmjs.org/micromark-util-symbol 27ms (cache revalidated)
1746 silly packumentCache full:https://registry.npmjs.org/micromark-util-symbol set size:29566 disposed:false
1747 http fetch GET 200 https://registry.npmjs.org/vfile-message 32ms (cache revalidated)
1748 silly packumentCache full:https://registry.npmjs.org/vfile-message set size:81663 disposed:false
1749 silly placeDep ROOT dequal@2.0.3 OK for: devlop@1.1.0 want: ^2.0.0
1750 silly placeDep ROOT micromark-util-character@2.1.1 OK for: micromark-util-sanitize-uri@2.0.1 want: ^2.0.0
1751 silly placeDep ROOT micromark-util-encode@2.0.1 OK for: micromark-util-sanitize-uri@2.0.1 want: ^2.0.0
1752 silly placeDep ROOT micromark-util-symbol@2.0.1 OK for: micromark-util-sanitize-uri@2.0.1 want: ^2.0.0
1753 silly fetch manifest micromark-util-types@^2.0.0
1754 silly packumentCache full:https://registry.npmjs.org/micromark-util-types cache-miss
1755 http fetch GET 200 https://registry.npmjs.org/micromark-util-types 30ms (cache revalidated)
1756 silly packumentCache full:https://registry.npmjs.org/micromark-util-types set size:34489 disposed:false
1757 silly placeDep ROOT micromark-util-types@2.0.3 OK for: micromark-util-character@2.1.1 want: ^2.0.0
1758 silly placeDep ROOT oniguruma-parser@0.12.2 OK for: oniguruma-to-es@4.3.6 want: ^0.12.2
1759 silly placeDep ROOT regex@6.1.0 OK for: oniguruma-to-es@4.3.6 want: ^6.1.0
1760 silly placeDep ROOT regex-recursion@6.0.2 OK for: oniguruma-to-es@4.3.6 want: ^6.0.2
1761 silly fetch manifest regex-utilities@^2.3.0
1762 silly packumentCache full:https://registry.npmjs.org/regex-utilities cache-miss
1763 silly fetch manifest regex-utilities@^2.3.0
1764 silly packumentCache full:https://registry.npmjs.org/regex-utilities cache-miss
1765 http fetch GET 200 https://registry.npmjs.org/regex-utilities 21ms (cache revalidated)
1766 silly packumentCache full:https://registry.npmjs.org/regex-utilities set size:16214 disposed:false
1767 http fetch GET 200 https://registry.npmjs.org/regex-utilities 28ms (cache revalidated)
1768 silly packumentCache full:https://registry.npmjs.org/regex-utilities set size:16214 disposed:false
1769 silly packumentCache full:https://registry.npmjs.org/regex-utilities dispose
1770 silly placeDep ROOT regex-utilities@2.3.0 OK for: regex@6.1.0 want: ^2.3.0
1771 silly placeDep ROOT character-entities-html4@2.1.0 OK for: stringify-entities@4.0.4 want: ^2.0.0
1772 silly placeDep ROOT character-entities-legacy@3.0.0 OK for: stringify-entities@4.0.4 want: ^3.0.0
1773 silly placeDep ROOT commander@11.1.0 OK for: svgo@4.1.0 want: ^11.1.0
1774 silly placeDep ROOT css-select@6.0.0 OK for: svgo@4.1.0 want: ^6.0.0
1775 silly placeDep ROOT css-tree@3.2.1 OK for: svgo@4.1.0 want: ^3.0.1
1776 silly placeDep ROOT css-what@7.0.0 OK for: svgo@4.1.0 want: ^7.0.0
1777 silly placeDep ROOT csso@5.0.5 OK for: svgo@4.1.0 want: ^5.0.5
1778 silly placeDep ROOT sax@1.6.1 OK for: svgo@4.1.0 want: 1.6.1
1779 silly fetch manifest boolbase@^1.0.0
1780 silly packumentCache full:https://registry.npmjs.org/boolbase cache-miss
1781 silly fetch manifest domutils@^3.2.2
1782 silly packumentCache full:https://registry.npmjs.org/domutils cache-miss
1783 silly fetch manifest nth-check@^2.1.1
1784 silly packumentCache full:https://registry.npmjs.org/nth-check cache-miss
1785 http fetch GET 200 https://registry.npmjs.org/boolbase 24ms (cache revalidated)
1786 silly packumentCache full:https://registry.npmjs.org/boolbase set size:4438 disposed:false
1787 silly fetch manifest domhandler@^5.0.3
1788 silly packumentCache full:https://registry.npmjs.org/domhandler cache-miss
1789 http fetch GET 200 https://registry.npmjs.org/nth-check 30ms (cache revalidated)
1790 silly packumentCache full:https://registry.npmjs.org/nth-check set size:27445 disposed:false
1791 silly fetch manifest mdn-data@2.27.1
1792 silly packumentCache full:https://registry.npmjs.org/mdn-data cache-miss
1793 http fetch GET 200 https://registry.npmjs.org/domutils 35ms (cache revalidated)
1794 silly packumentCache full:https://registry.npmjs.org/domutils set size:110068 disposed:false
1795 silly fetch manifest css-tree@~2.2.0
1796 silly packumentCache full:https://registry.npmjs.org/css-tree cache-hit
1797 http fetch GET 200 https://registry.npmjs.org/domhandler 33ms (cache revalidated)
1798 silly packumentCache full:https://registry.npmjs.org/domhandler set size:78187 disposed:false
1799 http fetch GET 200 https://registry.npmjs.org/mdn-data 35ms (cache revalidated)
1800 silly packumentCache full:https://registry.npmjs.org/mdn-data set size:195606 disposed:false
1801 silly placeDep ROOT boolbase@1.0.0 OK for: css-select@6.0.0 want: ^1.0.0
1802 silly placeDep ROOT domhandler@5.0.3 OK for: css-select@6.0.0 want: ^5.0.3
1803 silly placeDep ROOT domutils@3.2.2 OK for: css-select@6.0.0 want: ^3.2.2
1804 silly placeDep ROOT nth-check@2.1.1 OK for: css-select@6.0.0 want: ^2.1.1
1805 silly fetch manifest domelementtype@^2.3.0
1806 silly packumentCache full:https://registry.npmjs.org/domelementtype cache-miss
1807 silly fetch manifest dom-serializer@^2.0.0
1808 silly packumentCache full:https://registry.npmjs.org/dom-serializer cache-miss
1809 silly fetch manifest domelementtype@^2.3.0
1810 silly packumentCache full:https://registry.npmjs.org/domelementtype cache-miss
1811 http fetch GET 200 https://registry.npmjs.org/domelementtype 27ms (cache revalidated)
1812 silly packumentCache full:https://registry.npmjs.org/domelementtype set size:33363 disposed:false
1813 http fetch GET 200 https://registry.npmjs.org/domelementtype 33ms (cache revalidated)
1814 silly packumentCache full:https://registry.npmjs.org/domelementtype set size:33363 disposed:false
1815 silly packumentCache full:https://registry.npmjs.org/domelementtype dispose
1816 http fetch GET 200 https://registry.npmjs.org/dom-serializer 233ms (cache revalidated)
1817 silly packumentCache full:https://registry.npmjs.org/dom-serializer set size:61296 disposed:false
1818 silly placeDep ROOT mdn-data@2.27.1 OK for: css-tree@3.2.1 want: 2.27.1
1819 silly placeDep node_modules/csso css-tree@2.2.1 OK for: csso@5.0.5 want: ~2.2.0
1820 silly fetch manifest mdn-data@2.0.28
1821 silly packumentCache full:https://registry.npmjs.org/mdn-data cache-hit
1822 silly placeDep ROOT domelementtype@2.3.0 OK for: domhandler@5.0.3 want: ^2.3.0
1823 silly placeDep ROOT dom-serializer@2.0.0 OK for: domutils@3.2.2 want: ^2.0.0
1824 silly fetch manifest entities@^4.2.0
1825 silly packumentCache full:https://registry.npmjs.org/entities cache-miss
1826 http fetch GET 200 https://registry.npmjs.org/entities 23ms (cache revalidated)
1827 silly packumentCache full:https://registry.npmjs.org/entities set size:104868 disposed:false
1828 silly placeDep ROOT entities@4.5.0 OK for: dom-serializer@2.0.0 want: ^4.2.0
1829 silly placeDep ROOT @alloc/quick-lru@5.3.0 OK for: tailwindcss@3.4.19 want: ^5.2.0
1830 silly placeDep ROOT arg@5.0.2 OK for: tailwindcss@3.4.19 want: ^5.0.2
1831 silly placeDep ROOT chokidar@3.6.0 OK for: tailwindcss@3.4.19 want: ^3.6.0
1832 silly placeDep ROOT didyoumean@1.2.2 OK for: tailwindcss@3.4.19 want: ^1.2.2
1833 silly placeDep ROOT dlv@1.1.3 OK for: tailwindcss@3.4.19 want: ^1.1.3
1834 silly placeDep ROOT fast-glob@3.3.3 OK for: tailwindcss@3.4.19 want: ^3.3.2
1835 silly placeDep ROOT glob-parent@6.0.2 OK for: tailwindcss@3.4.19 want: ^6.0.2
1836 silly placeDep ROOT is-glob@4.0.3 OK for: tailwindcss@3.4.19 want: ^4.0.3
1837 silly placeDep ROOT jiti@1.21.7 OK for: tailwindcss@3.4.19 want: ^1.21.7
1838 silly placeDep ROOT micromatch@4.0.8 OK for: tailwindcss@3.4.19 want: ^4.0.8
1839 silly placeDep ROOT normalize-path@3.0.0 OK for: tailwindcss@3.4.19 want: ^3.0.0
1840 silly placeDep ROOT object-hash@3.0.0 OK for: tailwindcss@3.4.19 want: ^3.0.0
1841 silly placeDep ROOT postcss-import@15.1.0 OK for: tailwindcss@3.4.19 want: ^15.1.0
1842 silly placeDep ROOT postcss-js@4.1.0 OK for: tailwindcss@3.4.19 want: ^4.0.1
1843 silly placeDep ROOT postcss-nested@6.2.0 OK for: tailwindcss@3.4.19 want: ^6.2.0
1844 silly placeDep ROOT postcss-selector-parser@6.1.4 OK for: tailwindcss@3.4.19 want: ^6.1.2
1845 silly placeDep ROOT resolve@1.22.12 OK for: tailwindcss@3.4.19 want: ^1.22.8
1846 silly placeDep ROOT sucrase@3.35.1 OK for: tailwindcss@3.4.19 want: ^3.35.0
1847 silly fetch manifest braces@~3.0.2
1848 silly packumentCache full:https://registry.npmjs.org/braces cache-miss
1849 silly fetch manifest is-glob@~4.0.1
1850 silly packumentCache full:https://registry.npmjs.org/is-glob cache-hit
1851 silly fetch manifest anymatch@~3.1.2
1852 silly packumentCache full:https://registry.npmjs.org/anymatch cache-hit
1853 silly fetch manifest readdirp@~3.6.0
1854 silly packumentCache full:https://registry.npmjs.org/readdirp cache-miss
1855 silly fetch manifest glob-parent@~5.1.2
1856 silly packumentCache full:https://registry.npmjs.org/glob-parent cache-hit
1857 silly fetch manifest is-binary-path@~2.1.0
1858 silly packumentCache full:https://registry.npmjs.org/is-binary-path cache-miss
1859 http fetch GET 200 https://registry.npmjs.org/readdirp 22ms (cache revalidated)
1860 silly packumentCache full:https://registry.npmjs.org/readdirp set size:110119 disposed:false
1861 silly fetch manifest normalize-path@~3.0.0
1862 silly packumentCache full:https://registry.npmjs.org/normalize-path cache-hit
1863 silly fetch manifest fsevents@~2.3.2
1864 silly packumentCache full:https://registry.npmjs.org/fsevents cache-hit
1865 silly fetch manifest @nodelib/fs.stat@^2.0.2
1866 silly packumentCache full:https://registry.npmjs.org/@nodelib%2ffs.stat cache-miss
1867 http fetch GET 200 https://registry.npmjs.org/is-binary-path 26ms (cache revalidated)
1868 silly packumentCache full:https://registry.npmjs.org/is-binary-path set size:13475 disposed:false
1869 silly fetch manifest @nodelib/fs.walk@^1.2.3
1870 silly packumentCache full:https://registry.npmjs.org/@nodelib%2ffs.walk cache-miss
1871 http fetch GET 200 https://registry.npmjs.org/braces 35ms (cache revalidated)
1872 silly packumentCache full:https://registry.npmjs.org/braces set size:114529 disposed:false
1873 silly fetch manifest glob-parent@^5.1.2
1874 silly packumentCache full:https://registry.npmjs.org/glob-parent cache-hit
1875 silly fetch manifest merge2@^1.3.0
1876 silly packumentCache full:https://registry.npmjs.org/merge2 cache-miss
1877 http fetch GET 200 https://registry.npmjs.org/merge2 22ms (cache revalidated)
1878 silly packumentCache full:https://registry.npmjs.org/merge2 set size:46159 disposed:false
1879 silly fetch manifest is-extglob@^2.1.1
1880 silly packumentCache full:https://registry.npmjs.org/is-extglob cache-miss
1881 http fetch GET 200 https://registry.npmjs.org/@nodelib%2ffs.stat 33ms (cache revalidated)
1882 silly packumentCache full:https://registry.npmjs.org/@nodelib%2ffs.stat set size:36993 disposed:false
1883 silly fetch manifest braces@^3.0.3
1884 silly packumentCache full:https://registry.npmjs.org/braces cache-hit
1885 silly fetch manifest picomatch@^2.3.1
1886 silly packumentCache full:https://registry.npmjs.org/picomatch cache-hit
1887 silly fetch manifest resolve@^1.1.7
1888 silly packumentCache full:https://registry.npmjs.org/resolve cache-hit
1889 silly fetch manifest read-cache@^1.0.0
1890 silly packumentCache full:https://registry.npmjs.org/read-cache cache-miss
1891 http fetch GET 200 https://registry.npmjs.org/is-extglob 23ms (cache revalidated)
1892 silly packumentCache full:https://registry.npmjs.org/is-extglob set size:11766 disposed:false
1893 silly fetch manifest camelcase-css@^2.0.1
1894 silly packumentCache full:https://registry.npmjs.org/camelcase-css cache-miss
1895 http fetch GET 200 https://registry.npmjs.org/read-cache 21ms (cache revalidated)
1896 silly packumentCache full:https://registry.npmjs.org/read-cache set size:6739 disposed:false
1897 silly fetch manifest postcss-selector-parser@^6.1.1
1898 silly packumentCache full:https://registry.npmjs.org/postcss-selector-parser cache-hit
1899 silly fetch manifest util-deprecate@^1.0.2
1900 silly packumentCache full:https://registry.npmjs.org/util-deprecate cache-miss
1901 http fetch GET 200 https://registry.npmjs.org/camelcase-css 24ms (cache revalidated)
1902 silly packumentCache full:https://registry.npmjs.org/camelcase-css set size:9392 disposed:false
1903 silly fetch manifest es-errors@^1.3.0
1904 silly packumentCache full:https://registry.npmjs.org/es-errors cache-miss
1905 http fetch GET 200 https://registry.npmjs.org/util-deprecate 29ms (cache revalidated)
1906 silly packumentCache full:https://registry.npmjs.org/util-deprecate set size:6674 disposed:false
1907 silly fetch manifest path-parse@^1.0.7
1908 silly packumentCache full:https://registry.npmjs.org/path-parse cache-miss
1909 http fetch GET 200 https://registry.npmjs.org/es-errors 24ms (cache revalidated)
1910 silly packumentCache full:https://registry.npmjs.org/es-errors set size:16918 disposed:false
1911 silly fetch manifest is-core-module@^2.16.1
1912 silly packumentCache full:https://registry.npmjs.org/is-core-module cache-miss
1913 http fetch GET 200 https://registry.npmjs.org/path-parse 32ms (cache revalidated)
1914 silly packumentCache full:https://registry.npmjs.org/path-parse set size:14523 disposed:false
1915 silly fetch manifest supports-preserve-symlinks-flag@^1.0.0
1916 silly packumentCache full:https://registry.npmjs.org/supports-preserve-symlinks-flag cache-miss
1917 http fetch GET 200 https://registry.npmjs.org/is-core-module 22ms (cache revalidated)
1918 silly packumentCache full:https://registry.npmjs.org/is-core-module set size:78502 disposed:false
1919 silly fetch manifest @jridgewell/gen-mapping@^0.3.2
1920 silly packumentCache full:https://registry.npmjs.org/@jridgewell%2fgen-mapping cache-miss
1921 http fetch GET 200 https://registry.npmjs.org/supports-preserve-symlinks-flag 23ms (cache revalidated)
1922 silly packumentCache full:https://registry.npmjs.org/supports-preserve-symlinks-flag set size:6802 disposed:false
1923 silly fetch manifest commander@^4.0.0
1924 silly packumentCache full:https://registry.npmjs.org/commander cache-hit
1925 silly fetch manifest lines-and-columns@^1.1.6
1926 silly packumentCache full:https://registry.npmjs.org/lines-and-columns cache-miss
1927 http fetch GET 200 https://registry.npmjs.org/@jridgewell%2fgen-mapping 27ms (cache revalidated)
1928 silly packumentCache full:https://registry.npmjs.org/@jridgewell%2fgen-mapping set size:75941 disposed:false
1929 silly fetch manifest mz@^2.7.0
1930 silly packumentCache full:https://registry.npmjs.org/mz cache-miss
1931 http fetch GET 200 https://registry.npmjs.org/lines-and-columns 26ms (cache revalidated)
1932 silly packumentCache full:https://registry.npmjs.org/lines-and-columns set size:73796 disposed:false
1933 silly fetch manifest pirates@^4.0.1
1934 silly packumentCache full:https://registry.npmjs.org/pirates cache-miss
1935 http fetch GET 200 https://registry.npmjs.org/mz 28ms (cache revalidated)
1936 silly packumentCache full:https://registry.npmjs.org/mz set size:42731 disposed:false
1937 silly fetch manifest ts-interface-checker@^0.1.9
1938 silly packumentCache full:https://registry.npmjs.org/ts-interface-checker cache-miss
1939 http fetch GET 200 https://registry.npmjs.org/pirates 33ms (cache revalidated)
1940 silly packumentCache full:https://registry.npmjs.org/pirates set size:51327 disposed:false
1941 http fetch GET 200 https://registry.npmjs.org/@nodelib%2ffs.walk 229ms (cache revalidated)
1942 silly packumentCache full:https://registry.npmjs.org/@nodelib%2ffs.walk set size:41589 disposed:false
1943 http fetch GET 200 https://registry.npmjs.org/ts-interface-checker 222ms (cache revalidated)
1944 silly packumentCache full:https://registry.npmjs.org/ts-interface-checker set size:58946 disposed:false
1945 silly placeDep ROOT anymatch@3.1.3 OK for: chokidar@3.6.0 want: ~3.1.2
1946 silly placeDep ROOT braces@3.0.3 OK for: chokidar@3.6.0 want: ~3.0.2
1947 silly placeDep ROOT fsevents@2.3.3 OK for: chokidar@3.6.0 want: ~2.3.2
1948 silly placeDep node_modules/chokidar glob-parent@5.1.2 OK for: chokidar@3.6.0 want: ~5.1.2
1949 silly placeDep ROOT is-binary-path@2.1.0 OK for: chokidar@3.6.0 want: ~2.1.0
1950 silly placeDep ROOT readdirp@3.6.0 OK for: chokidar@3.6.0 want: ~3.6.0
1951 silly fetch manifest picomatch@^2.0.4
1952 silly packumentCache full:https://registry.npmjs.org/picomatch cache-hit
1953 silly fetch manifest fill-range@^7.1.1
1954 silly packumentCache full:https://registry.npmjs.org/fill-range cache-miss
1955 silly fetch manifest binary-extensions@^2.0.0
1956 silly packumentCache full:https://registry.npmjs.org/binary-extensions cache-miss
1957 silly fetch manifest picomatch@^2.2.1
1958 silly packumentCache full:https://registry.npmjs.org/picomatch cache-hit
1959 http fetch GET 200 https://registry.npmjs.org/binary-extensions 22ms (cache revalidated)
1960 silly packumentCache full:https://registry.npmjs.org/binary-extensions set size:53598 disposed:false
1961 http fetch GET 200 https://registry.npmjs.org/fill-range 26ms (cache revalidated)
1962 silly packumentCache full:https://registry.npmjs.org/fill-range set size:90162 disposed:false
1963 silly placeDep node_modules/anymatch picomatch@2.3.2 OK for: anymatch@3.1.3 want: ^2.0.4
1964 silly placeDep ROOT fill-range@7.1.1 OK for: braces@3.0.3 want: ^7.1.1
1965 silly fetch manifest to-regex-range@^5.0.1
1966 silly packumentCache full:https://registry.npmjs.org/to-regex-range cache-miss
1967 http fetch GET 200 https://registry.npmjs.org/to-regex-range 17ms (cache revalidated)
1968 silly packumentCache full:https://registry.npmjs.org/to-regex-range set size:61569 disposed:false
1969 silly placeDep ROOT @nodelib/fs.stat@2.0.5 OK for: fast-glob@3.3.3 want: ^2.0.2
1970 silly placeDep ROOT @nodelib/fs.walk@1.2.8 OK for: fast-glob@3.3.3 want: ^1.2.3
1971 silly placeDep node_modules/fast-glob glob-parent@5.1.2 OK for: fast-glob@3.3.3 want: ^5.1.2
1972 silly placeDep ROOT merge2@1.4.1 OK for: fast-glob@3.3.3 want: ^1.3.0
1973 silly fetch manifest fastq@^1.6.0
1974 silly packumentCache full:https://registry.npmjs.org/fastq cache-miss
1975 silly fetch manifest @nodelib/fs.scandir@2.1.5
1976 silly packumentCache full:https://registry.npmjs.org/@nodelib%2ffs.scandir cache-miss
1977 http fetch GET 200 https://registry.npmjs.org/fastq 21ms (cache revalidated)
1978 silly packumentCache full:https://registry.npmjs.org/fastq set size:82997 disposed:false
1979 http fetch GET 200 https://registry.npmjs.org/@nodelib%2ffs.scandir 38ms (cache revalidated)
1980 silly packumentCache full:https://registry.npmjs.org/@nodelib%2ffs.scandir set size:49256 disposed:false
1981 silly placeDep ROOT @nodelib/fs.scandir@2.1.5 OK for: @nodelib/fs.walk@1.2.8 want: 2.1.5
1982 silly placeDep ROOT fastq@1.20.3 OK for: @nodelib/fs.walk@1.2.8 want: ^1.6.0
1983 silly fetch manifest run-parallel@^1.1.9
1984 silly packumentCache full:https://registry.npmjs.org/run-parallel cache-miss
1985 silly fetch manifest reusify@^1.0.4
1986 silly packumentCache full:https://registry.npmjs.org/reusify cache-miss
1987 http fetch GET 200 https://registry.npmjs.org/run-parallel 18ms (cache revalidated)
1988 silly packumentCache full:https://registry.npmjs.org/run-parallel set size:35172 disposed:false
1989 http fetch GET 200 https://registry.npmjs.org/reusify 23ms (cache revalidated)
1990 silly packumentCache full:https://registry.npmjs.org/reusify set size:14249 disposed:false
1991 silly placeDep ROOT run-parallel@1.2.0 OK for: @nodelib/fs.scandir@2.1.5 want: ^1.1.9
1992 silly fetch manifest queue-microtask@^1.2.2
1993 silly packumentCache full:https://registry.npmjs.org/queue-microtask cache-miss
1994 http fetch GET 200 https://registry.npmjs.org/queue-microtask 24ms (cache revalidated)
1995 silly packumentCache full:https://registry.npmjs.org/queue-microtask set size:36088 disposed:false
1996 silly placeDep ROOT reusify@1.1.0 OK for: fastq@1.20.3 want: ^1.0.4
1997 silly placeDep ROOT to-regex-range@5.0.1 OK for: fill-range@7.1.1 want: ^5.0.1
1998 silly fetch manifest is-number@^7.0.0
1999 silly packumentCache full:https://registry.npmjs.org/is-number cache-miss
2000 http fetch GET 200 https://registry.npmjs.org/is-number 19ms (cache revalidated)
2001 silly packumentCache full:https://registry.npmjs.org/is-number set size:36183 disposed:false
2002 silly placeDep ROOT binary-extensions@2.3.0 OK for: is-binary-path@2.1.0 want: ^2.0.0
2003 silly placeDep ROOT is-extglob@2.1.1 OK for: is-glob@4.0.3 want: ^2.1.1
2004 silly placeDep node_modules/micromatch picomatch@2.3.2 OK for: micromatch@4.0.8 want: ^2.3.1
2005 silly placeDep ROOT read-cache@1.0.2 OK for: postcss-import@15.1.0 want: ^1.0.0
2006 silly placeDep ROOT camelcase-css@2.0.1 OK for: postcss-js@4.1.0 want: ^2.0.1
2007 silly placeDep ROOT cssesc@3.0.0 OK for: postcss-selector-parser@6.1.4 want: ^3.0.0
2008 silly placeDep ROOT util-deprecate@1.0.2 OK for: postcss-selector-parser@6.1.4 want: ^1.0.2
2009 silly placeDep node_modules/readdirp picomatch@2.3.2 OK for: readdirp@3.6.0 want: ^2.2.1
2010 silly placeDep ROOT es-errors@1.3.0 OK for: resolve@1.22.12 want: ^1.3.0
2011 silly placeDep ROOT is-core-module@2.17.0 OK for: resolve@1.22.12 want: ^2.16.1
2012 silly placeDep ROOT path-parse@1.0.7 OK for: resolve@1.22.12 want: ^1.0.7
2013 silly placeDep ROOT supports-preserve-symlinks-flag@1.0.0 OK for: resolve@1.22.12 want: ^1.0.0
2014 silly fetch manifest hasown@^2.0.4
2015 silly packumentCache full:https://registry.npmjs.org/hasown cache-miss
2016 http fetch GET 200 https://registry.npmjs.org/hasown 30ms (cache revalidated)
2017 silly packumentCache full:https://registry.npmjs.org/hasown set size:18361 disposed:false
2018 silly placeDep ROOT hasown@2.0.4 OK for: is-core-module@2.17.0 want: ^2.0.4
2019 silly fetch manifest function-bind@^1.1.2
2020 silly packumentCache full:https://registry.npmjs.org/function-bind cache-miss
2021 http fetch GET 200 https://registry.npmjs.org/function-bind 22ms (cache revalidated)
2022 silly packumentCache full:https://registry.npmjs.org/function-bind set size:15733 disposed:false
2023 silly placeDep ROOT function-bind@1.1.2 OK for: hasown@2.0.4 want: ^1.1.2
2024 silly placeDep ROOT queue-microtask@1.2.3 OK for: run-parallel@1.2.0 want: ^1.2.2
2025 silly placeDep ROOT @jridgewell/gen-mapping@0.3.13 OK for: sucrase@3.35.1 want: ^0.3.2
2026 silly placeDep node_modules/sucrase commander@4.1.1 OK for: sucrase@3.35.1 want: ^4.0.0
2027 silly placeDep ROOT lines-and-columns@1.2.4 OK for: sucrase@3.35.1 want: ^1.1.6
2028 silly placeDep ROOT mz@2.7.0 OK for: sucrase@3.35.1 want: ^2.7.0
2029 silly placeDep ROOT pirates@4.0.7 OK for: sucrase@3.35.1 want: ^4.0.1
2030 silly placeDep ROOT ts-interface-checker@0.1.13 OK for: sucrase@3.35.1 want: ^0.1.9
2031 silly fetch manifest @jridgewell/trace-mapping@^0.3.24
2032 silly packumentCache full:https://registry.npmjs.org/@jridgewell%2ftrace-mapping cache-miss
2033 silly fetch manifest any-promise@^1.0.0
2034 silly packumentCache full:https://registry.npmjs.org/any-promise cache-miss
2035 silly fetch manifest object-assign@^4.0.1
2036 silly packumentCache full:https://registry.npmjs.org/object-assign cache-miss
2037 http fetch GET 200 https://registry.npmjs.org/any-promise 19ms (cache revalidated)
2038 silly packumentCache full:https://registry.npmjs.org/any-promise set size:20233 disposed:false
2039 silly fetch manifest thenify-all@^1.0.0
2040 silly packumentCache full:https://registry.npmjs.org/thenify-all cache-miss
2041 http fetch GET 200 https://registry.npmjs.org/object-assign 23ms (cache revalidated)
2042 silly packumentCache full:https://registry.npmjs.org/object-assign set size:28988 disposed:false
2043 http fetch GET 200 https://registry.npmjs.org/@jridgewell%2ftrace-mapping 34ms (cache revalidated)
2044 silly packumentCache full:https://registry.npmjs.org/@jridgewell%2ftrace-mapping set size:170909 disposed:false
2045 http fetch GET 200 https://registry.npmjs.org/thenify-all 219ms (cache revalidated)
2046 silly packumentCache full:https://registry.npmjs.org/thenify-all set size:18488 disposed:false
2047 silly placeDep ROOT @jridgewell/trace-mapping@0.3.31 OK for: @jridgewell/gen-mapping@0.3.13 want: ^0.3.24
2048 silly fetch manifest @jridgewell/resolve-uri@^3.1.0
2049 silly packumentCache full:https://registry.npmjs.org/@jridgewell%2fresolve-uri cache-miss
2050 http fetch GET 200 https://registry.npmjs.org/@jridgewell%2fresolve-uri 32ms (cache revalidated)
2051 silly packumentCache full:https://registry.npmjs.org/@jridgewell%2fresolve-uri set size:57361 disposed:false
2052 silly placeDep ROOT @jridgewell/resolve-uri@3.1.2 OK for: @jridgewell/trace-mapping@0.3.31 want: ^3.1.0
2053 silly placeDep ROOT any-promise@1.3.0 OK for: mz@2.7.0 want: ^1.0.0
2054 silly placeDep ROOT object-assign@4.1.1 OK for: mz@2.7.0 want: ^4.0.1
2055 silly placeDep ROOT thenify-all@1.6.0 OK for: mz@2.7.0 want: ^1.0.0
2056 silly fetch manifest thenify@>= 3.1.0 < 4
2057 silly packumentCache full:https://registry.npmjs.org/thenify cache-miss
2058 http fetch GET 200 https://registry.npmjs.org/thenify 23ms (cache revalidated)
2059 silly packumentCache full:https://registry.npmjs.org/thenify set size:21379 disposed:false
2060 silly placeDep ROOT thenify@3.3.1 OK for: thenify-all@1.6.0 want: >= 3.1.0 < 4
2061 silly placeDep ROOT fdir@6.5.0 OK for: tinyglobby@0.2.17 want: ^6.5.0
2062 silly placeDep ROOT is-number@7.0.0 OK for: to-regex-range@5.0.1 want: ^7.0.0
2063 silly placeDep ROOT bail@2.0.2 OK for: unified@11.0.5 want: ^2.0.0
2064 silly placeDep ROOT extend@3.0.2 OK for: unified@11.0.5 want: ^3.0.0
2065 silly placeDep ROOT is-plain-obj@4.1.0 OK for: unified@11.0.5 want: ^4.0.0
2066 silly placeDep ROOT trough@2.2.0 OK for: unified@11.0.5 want: ^2.0.0
2067 silly placeDep ROOT ohash@2.0.12 OK for: unifont@0.7.5 want: ^2.0.11
2068 silly placeDep ROOT undici@8.11.2 OK for: unifont@0.7.5 want: ^8.0.0
2069 silly placeDep ROOT unist-util-is@6.0.1 OK for: unist-util-visit@5.1.0 want: ^6.0.0
2070 silly placeDep ROOT unist-util-visit-parents@6.0.2 OK for: unist-util-visit@5.1.0 want: ^6.0.0
2071 silly placeDep node_modules/unstorage chokidar@5.0.0 OK for: unstorage@1.17.5 want: ^5.0.0
2072 silly placeDep ROOT destr@2.0.5 OK for: unstorage@1.17.5 want: ^2.0.5
2073 silly placeDep ROOT h3@1.15.11 OK for: unstorage@1.17.5 want: ^1.15.10
2074 silly placeDep ROOT lru-cache@11.5.3 OK for: unstorage@1.17.5 want: ^11.2.7
2075 silly placeDep ROOT node-fetch-native@1.6.7 OK for: unstorage@1.17.5 want: ^1.6.7
2076 silly placeDep ROOT ofetch@1.5.1 OK for: unstorage@1.17.5 want: ^1.5.1
2077 silly placeDep ROOT ufo@1.6.4 OK for: unstorage@1.17.5 want: ^1.6.3
2078 silly fetch manifest readdirp@^5.0.0
2079 silly packumentCache full:https://registry.npmjs.org/readdirp cache-hit
2080 silly fetch manifest defu@^6.1.6
2081 silly packumentCache full:https://registry.npmjs.org/defu cache-miss
2082 silly fetch manifest radix3@^1.1.2
2083 silly packumentCache full:https://registry.npmjs.org/radix3 cache-miss
2084 silly fetch manifest crossws@^0.3.5
2085 silly packumentCache full:https://registry.npmjs.org/crossws cache-hit
2086 silly fetch manifest uncrypto@^0.1.3
2087 silly packumentCache full:https://registry.npmjs.org/uncrypto cache-miss
2088 http fetch GET 200 https://registry.npmjs.org/uncrypto 19ms (cache revalidated)
2089 silly packumentCache full:https://registry.npmjs.org/uncrypto set size:15333 disposed:false
2090 silly fetch manifest cookie-es@^1.2.3
2091 silly packumentCache full:https://registry.npmjs.org/cookie-es cache-miss
2092 http fetch GET 200 https://registry.npmjs.org/defu 27ms (cache revalidated)
2093 silly packumentCache full:https://registry.npmjs.org/defu set size:87806 disposed:false
2094 silly fetch manifest iron-webcrypto@^1.2.1
2095 silly packumentCache full:https://registry.npmjs.org/iron-webcrypto cache-miss
2096 http fetch GET 200 https://registry.npmjs.org/radix3 31ms (cache revalidated)
2097 silly packumentCache full:https://registry.npmjs.org/radix3 set size:36680 disposed:false
2098 silly fetch manifest node-mock-http@^1.0.4
2099 silly packumentCache full:https://registry.npmjs.org/node-mock-http cache-miss
2100 http fetch GET 200 https://registry.npmjs.org/cookie-es 33ms (cache revalidated)
2101 silly packumentCache full:https://registry.npmjs.org/cookie-es set size:30011 disposed:false
2102 silly fetch manifest ufo@^1.6.1
2103 silly packumentCache full:https://registry.npmjs.org/ufo cache-hit
2104 http fetch GET 200 https://registry.npmjs.org/iron-webcrypto 33ms (cache revalidated)
2105 silly packumentCache full:https://registry.npmjs.org/iron-webcrypto set size:132942 disposed:false
2106 http fetch GET 200 https://registry.npmjs.org/node-mock-http 215ms (cache revalidated)
2107 silly packumentCache full:https://registry.npmjs.org/node-mock-http set size:28745 disposed:false
2108 silly placeDep ROOT cookie-es@1.2.3 OK for: h3@1.15.11 want: ^1.2.3
2109 silly placeDep ROOT crossws@0.3.5 OK for: h3@1.15.11 want: ^0.3.5
2110 silly placeDep ROOT defu@6.1.7 OK for: h3@1.15.11 want: ^6.1.6
2111 silly placeDep ROOT iron-webcrypto@1.2.1 OK for: h3@1.15.11 want: ^1.2.1
2112 silly placeDep ROOT node-mock-http@1.0.5 OK for: h3@1.15.11 want: ^1.0.4
2113 silly placeDep ROOT radix3@1.1.2 OK for: h3@1.15.11 want: ^1.1.2
2114 silly placeDep ROOT uncrypto@0.1.3 OK for: h3@1.15.11 want: ^0.1.3
2115 silly placeDep ROOT escalade@3.2.0 OK for: update-browserslist-db@1.3.3 want: ^3.2.0
2116 silly placeDep ROOT vfile-message@4.0.3 OK for: vfile@6.0.3 want: ^4.0.0
2117 silly fetch manifest unist-util-stringify-position@^4.0.0
2118 silly packumentCache full:https://registry.npmjs.org/unist-util-stringify-position cache-miss
2119 http fetch GET 200 https://registry.npmjs.org/unist-util-stringify-position 24ms (cache revalidated)
2120 silly packumentCache full:https://registry.npmjs.org/unist-util-stringify-position set size:52357 disposed:false
2121 silly placeDep ROOT unist-util-stringify-position@4.0.0 OK for: vfile-message@4.0.3 want: ^4.0.0
2122 silly placeDep ROOT lightningcss@1.33.0 OK for: vite@8.3.1 want: ^1.33.0
2123 silly placeDep ROOT rolldown@1.2.12 OK for: vite@8.3.1 want: ~1.2.9
2124 silly fetch manifest lightningcss-darwin-x64@1.33.0
2125 silly packumentCache full:https://registry.npmjs.org/lightningcss-darwin-x64 cache-miss
2126 silly fetch manifest lightningcss-linux-x64-gnu@1.33.0
2127 silly packumentCache full:https://registry.npmjs.org/lightningcss-linux-x64-gnu cache-miss
2128 silly fetch manifest lightningcss-win32-x64-msvc@1.33.0
2129 silly packumentCache full:https://registry.npmjs.org/lightningcss-win32-x64-msvc cache-miss
2130 http fetch GET 200 https://registry.npmjs.org/lightningcss-linux-x64-gnu 23ms (cache revalidated)
2131 silly packumentCache full:https://registry.npmjs.org/lightningcss-linux-x64-gnu set size:81819 disposed:false
2132 silly fetch manifest lightningcss-win32-arm64-msvc@1.33.0
2133 silly packumentCache full:https://registry.npmjs.org/lightningcss-win32-arm64-msvc cache-miss
2134 http fetch GET 200 https://registry.npmjs.org/lightningcss-win32-x64-msvc 28ms (cache revalidated)
2135 silly packumentCache full:https://registry.npmjs.org/lightningcss-win32-x64-msvc set size:81347 disposed:false
2136 silly fetch manifest lightningcss-darwin-arm64@1.33.0
2137 silly packumentCache full:https://registry.npmjs.org/lightningcss-darwin-arm64 cache-miss
2138 http fetch GET 200 https://registry.npmjs.org/lightningcss-darwin-x64 32ms (cache revalidated)
2139 silly packumentCache full:https://registry.npmjs.org/lightningcss-darwin-x64 set size:80374 disposed:false
2140 silly fetch manifest lightningcss-linux-arm64-gnu@1.33.0
2141 silly packumentCache full:https://registry.npmjs.org/lightningcss-linux-arm64-gnu cache-miss
2142 http fetch GET 200 https://registry.npmjs.org/lightningcss-win32-arm64-msvc 22ms (cache revalidated)
2143 silly packumentCache full:https://registry.npmjs.org/lightningcss-win32-arm64-msvc set size:28346 disposed:false
2144 silly fetch manifest lightningcss-linux-arm-gnueabihf@1.33.0
2145 silly packumentCache full:https://registry.npmjs.org/lightningcss-linux-arm-gnueabihf cache-miss
2146 http fetch GET 200 https://registry.npmjs.org/lightningcss-darwin-arm64 28ms (cache revalidated)
2147 silly packumentCache full:https://registry.npmjs.org/lightningcss-darwin-arm64 set size:80970 disposed:false
2148 silly fetch manifest lightningcss-linux-arm64-musl@1.33.0
2149 silly packumentCache full:https://registry.npmjs.org/lightningcss-linux-arm64-musl cache-miss
2150 http fetch GET 200 https://registry.npmjs.org/lightningcss-linux-arm64-gnu 27ms (cache revalidated)
2151 silly packumentCache full:https://registry.npmjs.org/lightningcss-linux-arm64-gnu set size:82397 disposed:false
2152 silly fetch manifest lightningcss-linux-x64-musl@1.33.0
2153 silly packumentCache full:https://registry.npmjs.org/lightningcss-linux-x64-musl cache-miss
2154 http fetch GET 200 https://registry.npmjs.org/lightningcss-linux-arm-gnueabihf 19ms (cache revalidated)
2155 silly packumentCache full:https://registry.npmjs.org/lightningcss-linux-arm-gnueabihf set size:82635 disposed:false
2156 silly fetch manifest lightningcss-freebsd-x64@1.33.0
2157 silly packumentCache full:https://registry.npmjs.org/lightningcss-freebsd-x64 cache-miss
2158 http fetch GET 200 https://registry.npmjs.org/lightningcss-linux-arm64-musl 27ms (cache revalidated)
2159 silly packumentCache full:https://registry.npmjs.org/lightningcss-linux-arm64-musl set size:82617 disposed:false
2160 silly fetch manifest lightningcss-android-arm64@1.33.0
2161 silly packumentCache full:https://registry.npmjs.org/lightningcss-android-arm64 cache-miss
2162 http fetch GET 200 https://registry.npmjs.org/lightningcss-freebsd-x64 19ms (cache revalidated)
2163 silly packumentCache full:https://registry.npmjs.org/lightningcss-freebsd-x64 set size:44564 disposed:false
2164 silly fetch manifest @oxc-project/types@=0.152.0
2165 silly packumentCache full:https://registry.npmjs.org/@oxc-project%2ftypes cache-miss
2166 http fetch GET 200 https://registry.npmjs.org/lightningcss-linux-x64-musl 33ms (cache revalidated)
2167 silly packumentCache full:https://registry.npmjs.org/lightningcss-linux-x64-musl set size:82032 disposed:false
2168 silly fetch manifest @rolldown/pluginutils@^1.0.0
2169 silly packumentCache full:https://registry.npmjs.org/@rolldown%2fpluginutils cache-miss
2170 http fetch GET 200 https://registry.npmjs.org/lightningcss-android-arm64 35ms (cache revalidated)
2171 silly packumentCache full:https://registry.npmjs.org/lightningcss-android-arm64 set size:9371 disposed:false
2172 silly fetch manifest @rolldown/binding-darwin-x64@1.2.12
2173 silly packumentCache full:https://registry.npmjs.org/@rolldown%2fbinding-darwin-x64 cache-miss
2174 http fetch GET 200 https://registry.npmjs.org/@oxc-project%2ftypes 45ms (cache revalidated)
2175 silly packumentCache full:https://registry.npmjs.org/@oxc-project%2ftypes set size:260338 disposed:false
2176 silly fetch manifest @rolldown/binding-freebsd-x64@1.2.12
2177 silly packumentCache full:https://registry.npmjs.org/@rolldown%2fbinding-freebsd-x64 cache-miss
2178 http fetch GET 200 https://registry.npmjs.org/@rolldown%2fpluginutils 53ms (cache revalidated)
2179 silly packumentCache full:https://registry.npmjs.org/@rolldown%2fpluginutils set size:300388 disposed:false
2180 silly fetch manifest @rolldown/binding-darwin-arm64@1.2.12
2181 silly packumentCache full:https://registry.npmjs.org/@rolldown%2fbinding-darwin-arm64 cache-miss
2182 http fetch GET 200 https://registry.npmjs.org/@rolldown%2fbinding-darwin-x64 88ms (cache updated)
2183 silly packumentCache full:https://registry.npmjs.org/@rolldown%2fbinding-darwin-x64 set size:undefined disposed:false
2184 silly fetch manifest @rolldown/binding-android-arm64@1.2.12
2185 silly packumentCache full:https://registry.npmjs.org/@rolldown%2fbinding-android-arm64 cache-miss
2186 http fetch GET 200 https://registry.npmjs.org/@rolldown%2fbinding-freebsd-x64 107ms (cache updated)
2187 silly packumentCache full:https://registry.npmjs.org/@rolldown%2fbinding-freebsd-x64 set size:undefined disposed:false
2188 silly fetch manifest @rolldown/binding-linux-x64-gnu@1.2.12
2189 silly packumentCache full:https://registry.npmjs.org/@rolldown%2fbinding-linux-x64-gnu cache-miss
2190 http fetch GET 200 https://registry.npmjs.org/@rolldown%2fbinding-android-arm64 42ms (cache updated)
2191 silly packumentCache full:https://registry.npmjs.org/@rolldown%2fbinding-android-arm64 set size:undefined disposed:false
2192 silly fetch manifest @rolldown/binding-linux-x64-musl@1.2.12
2193 silly packumentCache full:https://registry.npmjs.org/@rolldown%2fbinding-linux-x64-musl cache-miss
2194 http fetch GET 200 https://registry.npmjs.org/@rolldown%2fbinding-darwin-arm64 123ms (cache updated)
2195 silly packumentCache full:https://registry.npmjs.org/@rolldown%2fbinding-darwin-arm64 set size:undefined disposed:false
2196 silly fetch manifest @rolldown/binding-win32-x64-msvc@1.2.12
2197 silly packumentCache full:https://registry.npmjs.org/@rolldown%2fbinding-win32-x64-msvc cache-miss
2198 http fetch GET 200 https://registry.npmjs.org/@rolldown%2fbinding-linux-x64-gnu 122ms (cache updated)
2199 silly packumentCache full:https://registry.npmjs.org/@rolldown%2fbinding-linux-x64-gnu set size:undefined disposed:false
2200 silly fetch manifest @rolldown/binding-linux-arm64-gnu@1.2.12
2201 silly packumentCache full:https://registry.npmjs.org/@rolldown%2fbinding-linux-arm64-gnu cache-miss
2202 http fetch GET 200 https://registry.npmjs.org/@rolldown%2fbinding-linux-x64-musl 125ms (cache updated)
2203 silly packumentCache full:https://registry.npmjs.org/@rolldown%2fbinding-linux-x64-musl set size:undefined disposed:false
2204 silly fetch manifest @rolldown/binding-linux-ppc64-gnu@1.2.12
2205 silly packumentCache full:https://registry.npmjs.org/@rolldown%2fbinding-linux-ppc64-gnu cache-miss
2206 http fetch GET 200 https://registry.npmjs.org/@rolldown%2fbinding-win32-x64-msvc 128ms (cache updated)
2207 silly packumentCache full:https://registry.npmjs.org/@rolldown%2fbinding-win32-x64-msvc set size:undefined disposed:false
2208 silly fetch manifest @rolldown/binding-linux-s390x-gnu@1.2.12
2209 silly packumentCache full:https://registry.npmjs.org/@rolldown%2fbinding-linux-s390x-gnu cache-miss
2210 http fetch GET 200 https://registry.npmjs.org/@rolldown%2fbinding-linux-ppc64-gnu 44ms (cache updated)
2211 silly packumentCache full:https://registry.npmjs.org/@rolldown%2fbinding-linux-ppc64-gnu set size:undefined disposed:false
2212 silly fetch manifest @rolldown/binding-android-arm-eabi@1.2.12
2213 silly packumentCache full:https://registry.npmjs.org/@rolldown%2fbinding-android-arm-eabi cache-miss
2214 http fetch GET 200 https://registry.npmjs.org/@rolldown%2fbinding-linux-s390x-gnu 37ms (cache updated)
2215 silly packumentCache full:https://registry.npmjs.org/@rolldown%2fbinding-linux-s390x-gnu set size:undefined disposed:false
2216 silly fetch manifest @rolldown/binding-linux-arm64-musl@1.2.12
2217 silly packumentCache full:https://registry.npmjs.org/@rolldown%2fbinding-linux-arm64-musl cache-miss
2218 http fetch GET 200 https://registry.npmjs.org/@rolldown%2fbinding-linux-arm64-gnu 97ms (cache updated)
2219 silly packumentCache full:https://registry.npmjs.org/@rolldown%2fbinding-linux-arm64-gnu set size:undefined disposed:false
2220 silly fetch manifest @rolldown/binding-win32-arm64-msvc@1.2.12
2221 silly packumentCache full:https://registry.npmjs.org/@rolldown%2fbinding-win32-arm64-msvc cache-miss
2222 http fetch GET 200 https://registry.npmjs.org/@rolldown%2fbinding-linux-arm64-musl 62ms (cache updated)
2223 silly packumentCache full:https://registry.npmjs.org/@rolldown%2fbinding-linux-arm64-musl set size:undefined disposed:false
2224 silly fetch manifest @rolldown/binding-openharmony-arm64@1.2.12
2225 silly packumentCache full:https://registry.npmjs.org/@rolldown%2fbinding-openharmony-arm64 cache-miss
2226 http fetch GET 200 https://registry.npmjs.org/@rolldown%2fbinding-openharmony-arm64 41ms (cache updated)
2227 silly packumentCache full:https://registry.npmjs.org/@rolldown%2fbinding-openharmony-arm64 set size:undefined disposed:false
2228 silly fetch manifest @rolldown/binding-linux-arm-gnueabihf@1.2.12
2229 silly packumentCache full:https://registry.npmjs.org/@rolldown%2fbinding-linux-arm-gnueabihf cache-miss
2230 http fetch GET 200 https://registry.npmjs.org/@rolldown%2fbinding-win32-arm64-msvc 99ms (cache updated)
2231 silly packumentCache full:https://registry.npmjs.org/@rolldown%2fbinding-win32-arm64-msvc set size:undefined disposed:false
2232 http fetch GET 200 https://registry.npmjs.org/@rolldown%2fbinding-linux-arm-gnueabihf 90ms (cache updated)
2233 silly packumentCache full:https://registry.npmjs.org/@rolldown%2fbinding-linux-arm-gnueabihf set size:undefined disposed:false
2234 http fetch GET 200 https://registry.npmjs.org/@rolldown%2fbinding-android-arm-eabi 246ms (cache updated)
2235 silly packumentCache full:https://registry.npmjs.org/@rolldown%2fbinding-android-arm-eabi set size:undefined disposed:false
2236 silly placeDep ROOT lightningcss-android-arm64@1.33.0 OK for: lightningcss@1.33.0 want: 1.33.0
2237 silly placeDep ROOT lightningcss-darwin-arm64@1.33.0 OK for: lightningcss@1.33.0 want: 1.33.0
2238 silly placeDep ROOT lightningcss-darwin-x64@1.33.0 OK for: lightningcss@1.33.0 want: 1.33.0
2239 silly placeDep ROOT lightningcss-freebsd-x64@1.33.0 OK for: lightningcss@1.33.0 want: 1.33.0
2240 silly placeDep ROOT lightningcss-linux-arm-gnueabihf@1.33.0 OK for: lightningcss@1.33.0 want: 1.33.0
2241 silly placeDep ROOT lightningcss-linux-arm64-gnu@1.33.0 OK for: lightningcss@1.33.0 want: 1.33.0
2242 silly placeDep ROOT lightningcss-linux-arm64-musl@1.33.0 OK for: lightningcss@1.33.0 want: 1.33.0
2243 silly placeDep ROOT lightningcss-linux-x64-gnu@1.33.0 OK for: lightningcss@1.33.0 want: 1.33.0
2244 silly placeDep ROOT lightningcss-linux-x64-musl@1.33.0 OK for: lightningcss@1.33.0 want: 1.33.0
2245 silly placeDep ROOT lightningcss-win32-arm64-msvc@1.33.0 OK for: lightningcss@1.33.0 want: 1.33.0
2246 silly placeDep ROOT lightningcss-win32-x64-msvc@1.33.0 OK for: lightningcss@1.33.0 want: 1.33.0
2247 silly placeDep ROOT @oxc-project/types@0.152.0 OK for: rolldown@1.2.12 want: =0.152.0
2248 silly placeDep ROOT @rolldown/binding-android-arm-eabi@1.2.12 OK for: rolldown@1.2.12 want: 1.2.12
2249 silly placeDep ROOT @rolldown/binding-android-arm64@1.2.12 OK for: rolldown@1.2.12 want: 1.2.12
2250 silly placeDep ROOT @rolldown/binding-darwin-arm64@1.2.12 OK for: rolldown@1.2.12 want: 1.2.12
2251 silly placeDep ROOT @rolldown/binding-darwin-x64@1.2.12 OK for: rolldown@1.2.12 want: 1.2.12
2252 silly placeDep ROOT @rolldown/binding-freebsd-x64@1.2.12 OK for: rolldown@1.2.12 want: 1.2.12
2253 silly placeDep ROOT @rolldown/binding-linux-arm-gnueabihf@1.2.12 OK for: rolldown@1.2.12 want: 1.2.12
2254 silly placeDep ROOT @rolldown/binding-linux-arm64-gnu@1.2.12 OK for: rolldown@1.2.12 want: 1.2.12
2255 silly placeDep ROOT @rolldown/binding-linux-arm64-musl@1.2.12 OK for: rolldown@1.2.12 want: 1.2.12
2256 silly placeDep ROOT @rolldown/binding-linux-ppc64-gnu@1.2.12 OK for: rolldown@1.2.12 want: 1.2.12
2257 silly placeDep ROOT @rolldown/binding-linux-s390x-gnu@1.2.12 OK for: rolldown@1.2.12 want: 1.2.12
2258 silly placeDep ROOT @rolldown/binding-linux-x64-gnu@1.2.12 OK for: rolldown@1.2.12 want: 1.2.12
2259 silly placeDep ROOT @rolldown/binding-linux-x64-musl@1.2.12 OK for: rolldown@1.2.12 want: 1.2.12
2260 silly placeDep ROOT @rolldown/binding-openharmony-arm64@1.2.12 OK for: rolldown@1.2.12 want: 1.2.12
2261 silly placeDep ROOT @rolldown/binding-win32-arm64-msvc@1.2.12 OK for: rolldown@1.2.12 want: 1.2.12
2262 silly placeDep ROOT @rolldown/binding-win32-x64-msvc@1.2.12 OK for: rolldown@1.2.12 want: 1.2.12
2263 silly placeDep ROOT @rolldown/pluginutils@1.0.1 OK for: rolldown@1.2.12 want: ^1.0.0
2264 silly placeDep node_modules/@bruits/satteri-wasm32-wasi @emnapi/wasi-threads@1.2.2 OK for: @emnapi/core@1.11.1 want: 1.2.2
2265 silly placeDep node_modules/csso mdn-data@2.0.28 OK for: css-tree@2.2.1 want: 2.0.28
2266 silly placeDep node_modules/unstorage readdirp@5.1.1 OK for: chokidar@5.0.0 want: ^5.0.0
2267 silly reify moves {}
2268 silly audit bulk request {
2268 silly audit   '@astrojs/tailwind': [ '6.0.2' ],
2268 silly audit   astro: [ '7.3.5' ],
2268 silly audit   tailwindcss: [ '3.4.19' ],
2268 silly audit   autoprefixer: [ '10.6.1' ],
2268 silly audit   postcss: [ '8.5.28' ],
2268 silly audit   'postcss-load-config': [ '4.0.2' ],
2268 silly audit   '@astrojs/compiler-rs': [ '0.5.1' ],
2268 silly audit   '@astrojs/internal-helpers': [ '0.11.0' ],
2268 silly audit   '@astrojs/markdown-satteri': [ '0.4.2' ],
2268 silly audit   '@astrojs/telemetry': [ '3.3.3' ],
2268 silly audit   '@capsizecss/unpack': [ '4.0.1' ],
2268 silly audit   '@clack/prompts': [ '1.8.1' ],
2268 silly audit   '@oslojs/encoding': [ '1.1.0' ],
2268 silly audit   'am-i-vibing': [ '0.4.0' ],
2268 silly audit   'aria-query': [ '5.3.2' ],
2268 silly audit   'axobject-query': [ '4.1.0' ],
2268 silly audit   'ci-info': [ '4.4.0' ],
2268 silly audit   clsx: [ '2.1.1' ],
2268 silly audit   'common-ancestor-path': [ '2.0.0' ],
2268 silly audit   cookie: [ '2.0.1' ],
2268 silly audit   devalue: [ '5.9.4' ],
2268 silly audit   diff: [ '9.0.0' ],
2268 silly audit   dset: [ '3.1.4' ],
2268 silly audit   'es-module-lexer': [ '2.3.2' ],
2268 silly audit   esbuild: [ '0.28.2' ],
2268 silly audit   'find-proc': [ '0.2.0' ],
2268 silly audit   flattie: [ '1.1.1' ],
2268 silly audit   fontace: [ '0.4.1' ],
2268 silly audit   'get-tsconfig': [ '5.0.0-beta.4' ],
2268 silly audit   'github-slugger': [ '2.0.0' ],
2268 silly audit   'html-escaper': [ '3.0.3' ],
2268 silly audit   'http-cache-semantics': [ '4.2.0' ],
2268 silly audit   'js-yaml': [ '4.3.2' ],
2268 silly audit   'jsonc-parser': [ '3.3.1' ],
2268 silly audit   'magic-string': [ '1.4.2' ],
2268 silly audit   magicast: [ '0.5.5' ],
2268 silly audit   mrmime: [ '2.0.1' ],
2268 silly audit   neotraverse: [ '1.0.1' ],
2268 silly audit   obug: [ '3.0.0' ],
2268 silly audit   'p-limit': [ '7.3.3' ],
2268 silly audit   'p-queue': [ '9.3.3' ],
2268 silly audit   'package-manager-detector': [ '1.8.0' ],
2268 silly audit   piccolore: [ '0.1.3' ],
2268 silly audit   picomatch: [ '4.0.7', '2.3.2' ],
2268 silly audit   sharp: [ '0.35.5' ],
2268 silly audit   shiki: [ '4.4.3' ],
2268 silly audit   'smol-toml': [ '1.9.0' ],
2268 silly audit   svgo: [ '4.1.0' ],
2268 silly audit   tinyclip: [ '1.0.3' ],
2268 silly audit   tinyexec: [ '1.3.1' ],
2268 silly audit   tinyglobby: [ '0.2.17' ],
2268 silly audit   ultrahtml: [ '1.7.0' ],
2268 silly audit   unifont: [ '0.7.5' ],
2268 silly audit   unstorage: [ '1.17.5' ],
2268 silly audit   verkit: [ '0.4.1' ],
2268 silly audit   vite: [ '8.3.1' ],
2268 silly audit   vitefu: [ '1.1.3' ],
2268 silly audit   'xxhash-wasm': [ '1.1.0' ],
2268 silly audit   'yargs-parser': [ '22.0.0' ],
2268 silly audit   zod: [ '4.6.5' ],
2268 silly audit   '@astrojs/compiler-binding': [ '0.5.1' ],
2268 silly audit   '@astrojs/compiler-binding-android-arm64': [ '0.5.1' ],
2268 silly audit   '@astrojs/compiler-binding-darwin-arm64': [ '0.5.1' ],
2268 silly audit   '@astrojs/compiler-binding-darwin-x64': [ '0.5.1' ],
2268 silly audit   '@astrojs/compiler-binding-linux-arm64-gnu': [ '0.5.1' ],
2268 silly audit   '@astrojs/compiler-binding-linux-arm64-musl': [ '0.5.1' ],
2268 silly audit   '@astrojs/compiler-binding-linux-x64-gnu': [ '0.5.1' ],
2268 silly audit   '@astrojs/compiler-binding-linux-x64-musl': [ '0.5.1' ],
2268 silly audit   '@astrojs/compiler-binding-wasm32-wasi': [ '0.5.1' ],
2268 silly audit   '@astrojs/compiler-binding-win32-arm64-msvc': [ '0.5.1' ],
2268 silly audit   '@astrojs/compiler-binding-win32-x64-msvc': [ '0.5.1' ],
2268 silly audit   '@emnapi/core': [ '1.11.3', '1.11.1' ],
2268 silly audit   '@emnapi/runtime': [ '1.11.3', '1.11.1' ],
2268 silly audit   '@napi-rs/wasm-runtime': [ '1.2.4' ],
2268 silly audit   '@types/hast': [ '3.0.5' ],
2268 silly audit   '@types/mdast': [ '4.0.4' ],
2268 silly audit   'retext-smartypants': [ '6.2.0' ],
2268 silly audit   unified: [ '11.0.5' ],
2268 silly audit   '@astrojs/prism': [ '4.0.2' ],
2268 silly audit   satteri: [ '0.10.5' ],
2268 silly audit   prismjs: [ '1.30.0' ],
2268 silly audit   'is-docker': [ '4.0.0' ],
2268 silly audit   fontkitten: [ '1.0.3' ],
2268 silly audit   '@clack/core': [ '1.5.1' ],
2268 silly audit   'fast-string-width': [ '3.0.2' ],
2268 silly audit   'fast-wrap-ansi': [ '0.2.2' ],
2268 silly audit   sisteransi: [ '1.0.5' ],
2268 silly audit   '@emnapi/wasi-threads': [ '1.2.3', '1.2.2' ],
2268 silly audit   tslib: [ '2.8.1' ],
2268 silly audit   '@tybys/wasm-util': [ '0.10.4' ],
2268 silly audit   '@types/unist': [ '3.0.3' ],
2268 silly audit   'process-ancestry': [ '0.1.0' ],
2268 silly audit   browserslist: [ '4.29.3' ],
2268 silly audit   'caniuse-lite': [ '1.0.30001814' ],
2268 silly audit   'fraction.js': [ '5.3.4' ],
2268 silly audit   picocolors: [ '1.1.1' ],
2268 silly audit   'postcss-value-parser': [ '4.2.0' ],
2268 silly audit   'baseline-browser-mapping': [ '2.11.26' ],
2268 silly audit   'electron-to-chromium': [ '1.5.443' ],
2268 silly audit   'node-releases': [ '2.0.57' ],
2268 silly audit   'update-browserslist-db': [ '1.3.3' ],
2268 silly audit   '@esbuild/aix-ppc64': [ '0.28.2' ],
2268 silly audit   '@esbuild/android-arm': [ '0.28.2' ],
2268 silly audit   '@esbuild/android-arm64': [ '0.28.2' ],
2268 silly audit   '@esbuild/android-x64': [ '0.28.2' ],
2268 silly audit   '@esbuild/darwin-arm64': [ '0.28.2' ],
2268 silly audit   '@esbuild/darwin-x64': [ '0.28.2' ],
2268 silly audit   '@esbuild/freebsd-arm64': [ '0.28.2' ],
2268 silly audit   '@esbuild/freebsd-x64': [ '0.28.2' ],
2268 silly audit   '@esbuild/linux-arm': [ '0.28.2' ],
2268 silly audit   '@esbuild/linux-arm64': [ '0.28.2' ],
2268 silly audit   '@esbuild/linux-ia32': [ '0.28.2' ],
2268 silly audit   '@esbuild/linux-loong64': [ '0.28.2' ],
2268 silly audit   '@esbuild/linux-mips64el': [ '0.28.2' ],
2268 silly audit   '@esbuild/linux-ppc64': [ '0.28.2' ],
2268 silly audit   '@esbuild/linux-riscv64': [ '0.28.2' ],
2268 silly audit   '@esbuild/linux-s390x': [ '0.28.2' ],
2268 silly audit   '@esbuild/linux-x64': [ '0.28.2' ],
2268 silly audit   '@esbuild/netbsd-arm64': [ '0.28.2' ],
2268 silly audit   '@esbuild/netbsd-x64': [ '0.28.2' ],
2268 silly audit   '@esbuild/openbsd-arm64': [ '0.28.2' ],
2268 silly audit   '@esbuild/openbsd-x64': [ '0.28.2' ],
2268 silly audit   '@esbuild/openharmony-arm64': [ '0.28.2' ],
2268 silly audit   '@esbuild/sunos-x64': [ '0.28.2' ],
2268 silly audit   '@esbuild/win32-arm64': [ '0.28.2' ],
2268 silly audit   '@esbuild/win32-ia32': [ '0.28.2' ],
2268 silly audit   '@esbuild/win32-x64': [ '0.28.2' ],
2268 silly audit   'fast-string-truncated-width': [ '3.0.3' ],
2268 silly audit   'tiny-inflate': [ '1.0.3' ],
2268 silly audit   'resolve-pkg-maps': [ '1.0.0' ],
2268 silly audit   argparse: [ '2.0.1' ],
2268 silly audit   '@jridgewell/sourcemap-codec': [ '1.6.0' ],
2268 silly audit   '@babel/parser': [ '7.29.9' ],
2268 silly audit   '@babel/types': [ '7.29.8' ],
2268 silly audit   'source-map-js': [ '1.2.2' ],
2268 silly audit   '@babel/helper-string-parser': [ '7.29.7' ],
2268 silly audit   '@babel/helper-validator-identifier': [ '7.29.7' ],
2268 silly audit   'yocto-queue': [ '1.2.2' ],
2268 silly audit   eventemitter3: [ '5.0.4' ],
2268 silly audit   'p-timeout': [ '7.0.2' ],
2268 silly audit   nanoid: [ '3.3.19' ],
2268 silly audit   lilconfig: [ '3.1.3' ],
2268 silly audit   yaml: [ '2.9.1' ],
2268 silly audit   '@types/nlcst': [ '2.0.3' ],
2268 silly audit   'nlcst-to-string': [ '4.0.0' ],
2268 silly audit   'unist-util-visit': [ '5.1.0' ],
2268 silly audit   '@bruits/satteri-darwin-arm64': [ '0.10.5' ],
2268 silly audit   '@bruits/satteri-darwin-x64': [ '0.10.5' ],
2268 silly audit   '@bruits/satteri-linux-arm64-gnu': [ '0.10.5' ],
2268 silly audit   '@bruits/satteri-linux-arm64-musl': [ '0.10.5' ],
2268 silly audit   '@bruits/satteri-linux-x64-gnu': [ '0.10.5' ],
2268 silly audit   '@bruits/satteri-linux-x64-musl': [ '0.10.5' ],
2268 silly audit   '@bruits/satteri-wasm32-wasi': [ '0.10.5' ],
2268 silly audit   '@bruits/satteri-win32-arm64-msvc': [ '0.10.5' ],
2268 silly audit   '@bruits/satteri-win32-x64-msvc': [ '0.10.5' ],
2268 silly audit   '@types/estree-jsx': [ '1.0.5' ],
2268 silly audit   '@types/estree': [ '1.0.9' ],
2268 silly audit   '@img/colour': [ '1.1.0' ],
2268 silly audit   '@img/sharp-darwin-arm64': [ '0.35.5' ],
2268 silly audit   '@img/sharp-darwin-x64': [ '0.35.5' ],
2268 silly audit   '@img/sharp-freebsd-wasm32': [ '0.35.5' ],
2268 silly audit   '@img/sharp-libvips-darwin-arm64': [ '1.3.4' ],
2268 silly audit   '@img/sharp-libvips-darwin-x64': [ '1.3.4' ],
2268 silly audit   '@img/sharp-libvips-linux-arm': [ '1.3.4' ],
2268 silly audit   '@img/sharp-libvips-linux-arm64': [ '1.3.4' ],
2268 silly audit   '@img/sharp-libvips-linux-ppc64': [ '1.3.4' ],
2268 silly audit   '@img/sharp-libvips-linux-riscv64': [ '1.3.4' ],
2268 silly audit   '@img/sharp-libvips-linux-s390x': [ '1.3.4' ],
2268 silly audit   '@img/sharp-libvips-linux-x64': [ '1.3.4' ],
2268 silly audit   '@img/sharp-libvips-linuxmusl-arm64': [ '1.3.4' ],
2268 silly audit   '@img/sharp-libvips-linuxmusl-x64': [ '1.3.4' ],
2268 silly audit   '@img/sharp-linux-arm': [ '0.35.5' ],
2268 silly audit   '@img/sharp-linux-arm64': [ '0.35.5' ],
2268 silly audit   '@img/sharp-linux-ppc64': [ '0.35.5' ],
2268 silly audit   '@img/sharp-linux-riscv64': [ '0.35.5' ],
2268 silly audit   '@img/sharp-linux-s390x': [ '0.35.5' ],
2268 silly audit   '@img/sharp-linux-x64': [ '0.35.5' ],
2268 silly audit   '@img/sharp-linuxmusl-arm64': [ '0.35.5' ],
2268 silly audit   '@img/sharp-linuxmusl-x64': [ '0.35.5' ],
2268 silly audit   '@img/sharp-webcontainers-wasm32': [ '0.35.5' ],
2268 silly audit   '@img/sharp-win32-arm64': [ '0.35.5' ],
2268 silly audit   '@img/sharp-win32-ia32': [ '0.35.5' ],
2268 silly audit   '@img/sharp-win32-x64': [ '0.35.5' ],
2268 silly audit   'detect-libc': [ '2.1.2' ],
2268 silly audit   semver: [ '7.8.5' ],
2268 silly audit   '@img/sharp-wasm32': [ '0.35.5' ],
2268 silly audit   '@shikijs/core': [ '4.4.3' ],
2268 silly audit   '@shikijs/engine-javascript': [ '4.4.3' ],
2268 silly audit   '@shikijs/engine-oniguruma': [ '4.4.3' ],
2268 silly audit   '@shikijs/langs': [ '4.4.3' ],
2268 silly audit   '@shikijs/themes': [ '4.4.3' ],
2268 silly audit   '@shikijs/types': [ '4.4.3' ],
2268 silly audit   '@shikijs/vscode-textmate': [ '10.0.2' ],
2268 silly audit   '@shikijs/primitive': [ '4.4.3' ],
2268 silly audit   'hast-util-to-html': [ '9.0.5' ],
2268 silly audit   'oniguruma-to-es': [ '4.3.6' ],
2268 silly audit   ccount: [ '2.0.1' ],
2268 silly audit   'comma-separated-tokens': [ '2.0.3' ],
2268 silly audit   'hast-util-whitespace': [ '3.0.0' ],
2268 silly audit   'html-void-elements': [ '3.0.0' ],
2268 silly audit   'mdast-util-to-hast': [ '13.2.1' ],
2268 silly audit   'property-information': [ '7.2.0' ],
2268 silly audit   'space-separated-tokens': [ '2.0.2' ],
2268 silly audit   'stringify-entities': [ '4.0.4' ],
2268 silly audit   zwitch: [ '2.0.4' ],
2268 silly audit   '@ungap/structured-clone': [ '1.4.0' ],
2268 silly audit   devlop: [ '1.1.0' ],
2268 silly audit   'micromark-util-sanitize-uri': [ '2.0.1' ],
2268 silly audit   'trim-lines': [ '3.0.1' ],
2268 silly audit   'unist-util-position': [ '5.0.0' ],
2268 silly audit   vfile: [ '6.0.3' ],
2268 silly audit   dequal: [ '2.0.3' ],
2268 silly audit   'micromark-util-character': [ '2.1.1' ],
2268 silly audit   'micromark-util-encode': [ '2.0.1' ],
2268 silly audit   'micromark-util-symbol': [ '2.0.1' ],
2268 silly audit   'micromark-util-types': [ '2.0.3' ],
2268 silly audit   'oniguruma-parser': [ '0.12.2' ],
2268 silly audit   regex: [ '6.1.0' ],
2268 silly audit   'regex-recursion': [ '6.0.2' ],
2268 silly audit   'regex-utilities': [ '2.3.0' ],
2268 silly audit   'character-entities-html4': [ '2.1.0' ],
2268 silly audit   'character-entities-legacy': [ '3.0.0' ],
2268 silly audit   commander: [ '11.1.0', '4.1.1' ],
2268 silly audit   'css-select': [ '6.0.0' ],
2268 silly audit   'css-tree': [ '3.2.1', '2.2.1' ],
2268 silly audit   'css-what': [ '7.0.0' ],
2268 silly audit   csso: [ '5.0.5' ],
2268 silly audit   sax: [ '1.6.1' ],
2268 silly audit   boolbase: [ '1.0.0' ],
2268 silly audit   domhandler: [ '5.0.3' ],
2268 silly audit   domutils: [ '3.2.2' ],
2268 silly audit   'nth-check': [ '2.1.1' ],
2268 silly audit   'mdn-data': [ '2.27.1', '2.0.28' ],
2268 silly audit   domelementtype: [ '2.3.0' ],
2268 silly audit   'dom-serializer': [ '2.0.0' ],
2268 silly audit   entities: [ '4.5.0' ],
2268 silly audit   '@alloc/quick-lru': [ '5.3.0' ],
2268 silly audit   arg: [ '5.0.2' ],
2268 silly audit   chokidar: [ '3.6.0', '5.0.0' ],
2268 silly audit   didyoumean: [ '1.2.2' ],
2268 silly audit   dlv: [ '1.1.3' ],
2268 silly audit   'fast-glob': [ '3.3.3' ],
2268 silly audit   'glob-parent': [ '6.0.2', '5.1.2' ],
2268 silly audit   'is-glob': [ '4.0.3' ],
2268 silly audit   jiti: [ '1.21.7' ],
2268 silly audit   micromatch: [ '4.0.8' ],
2268 silly audit   'normalize-path': [ '3.0.0' ],
2268 silly audit   'object-hash': [ '3.0.0' ],
2268 silly audit   'postcss-import': [ '15.1.0' ],
2268 silly audit   'postcss-js': [ '4.1.0' ],
2268 silly audit   'postcss-nested': [ '6.2.0' ],
2268 silly audit   'postcss-selector-parser': [ '6.1.4' ],
2268 silly audit   resolve: [ '1.22.12' ],
2268 silly audit   sucrase: [ '3.35.1' ],
2268 silly audit   anymatch: [ '3.1.3' ],
2268 silly audit   braces: [ '3.0.3' ],
2268 silly audit   fsevents: [ '2.3.3' ],
2268 silly audit   'is-binary-path': [ '2.1.0' ],
2268 silly audit   readdirp: [ '3.6.0', '5.1.1' ],
2268 silly audit   'fill-range': [ '7.1.1' ],
2268 silly audit   '@nodelib/fs.stat': [ '2.0.5' ],
2268 silly audit   '@nodelib/fs.walk': [ '1.2.8' ],
2268 silly audit   merge2: [ '1.4.1' ],
2268 silly audit   '@nodelib/fs.scandir': [ '2.1.5' ],
2268 silly audit   fastq: [ '1.20.3' ],
2268 silly audit   'run-parallel': [ '1.2.0' ],
2268 silly audit   reusify: [ '1.1.0' ],
2268 silly audit   'to-regex-range': [ '5.0.1' ],
2268 silly audit   'binary-extensions': [ '2.3.0' ],
2268 silly audit   'is-extglob': [ '2.1.1' ],
2268 silly audit   'read-cache': [ '1.0.2' ],
2268 silly audit   'camelcase-css': [ '2.0.1' ],
2268 silly audit   cssesc: [ '3.0.0' ],
2268 silly audit   'util-deprecate': [ '1.0.2' ],
2268 silly audit   'es-errors': [ '1.3.0' ],
2268 silly audit   'is-core-module': [ '2.17.0' ],
2268 silly audit   'path-parse': [ '1.0.7' ],
2268 silly audit   'supports-preserve-symlinks-flag': [ '1.0.0' ],
2268 silly audit   hasown: [ '2.0.4' ],
2268 silly audit   'function-bind': [ '1.1.2' ],
2268 silly audit   'queue-microtask': [ '1.2.3' ],
2268 silly audit   '@jridgewell/gen-mapping': [ '0.3.13' ],
2268 silly audit   'lines-and-columns': [ '1.2.4' ],
2268 silly audit   mz: [ '2.7.0' ],
2268 silly audit   pirates: [ '4.0.7' ],
2268 silly audit   'ts-interface-checker': [ '0.1.13' ],
2268 silly audit   '@jridgewell/trace-mapping': [ '0.3.31' ],
2268 silly audit   '@jridgewell/resolve-uri': [ '3.1.2' ],
2268 silly audit   'any-promise': [ '1.3.0' ],
2268 silly audit   'object-assign': [ '4.1.1' ],
2268 silly audit   'thenify-all': [ '1.6.0' ],
2268 silly audit   thenify: [ '3.3.1' ],
2268 silly audit   fdir: [ '6.5.0' ],
2268 silly audit   'is-number': [ '7.0.0' ],
2268 silly audit   bail: [ '2.0.2' ],
2268 silly audit   extend: [ '3.0.2' ],
2268 silly audit   'is-plain-obj': [ '4.1.0' ],
2268 silly audit   trough: [ '2.2.0' ],
2268 silly audit   ohash: [ '2.0.12' ],
2268 silly audit   undici: [ '8.11.2' ],
2268 silly audit   'unist-util-is': [ '6.0.1' ],
2268 silly audit   'unist-util-visit-parents': [ '6.0.2' ],
2268 silly audit   destr: [ '2.0.5' ],
2268 silly audit   h3: [ '1.15.11' ],
2268 silly audit   'lru-cache': [ '11.5.3' ],
2268 silly audit   'node-fetch-native': [ '1.6.7' ],
2268 silly audit   ofetch: [ '1.5.1' ],
2268 silly audit   ufo: [ '1.6.4' ],
2268 silly audit   'cookie-es': [ '1.2.3' ],
2268 silly audit   crossws: [ '0.3.5' ],
2268 silly audit   defu: [ '6.1.7' ],
2268 silly audit   'iron-webcrypto': [ '1.2.1' ],
2268 silly audit   'node-mock-http': [ '1.0.5' ],
2268 silly audit   radix3: [ '1.1.2' ],
2268 silly audit   uncrypto: [ '0.1.3' ],
2268 silly audit   escalade: [ '3.2.0' ],
2268 silly audit   'vfile-message': [ '4.0.3' ],
2268 silly audit   'unist-util-stringify-position': [ '4.0.0' ],
2268 silly audit   lightningcss: [ '1.33.0' ],
2268 silly audit   rolldown: [ '1.2.12' ],
2268 silly audit   'lightningcss-android-arm64': [ '1.33.0' ],
2268 silly audit   'lightningcss-darwin-arm64': [ '1.33.0' ],
2268 silly audit   'lightningcss-darwin-x64': [ '1.33.0' ],
2268 silly audit   'lightningcss-freebsd-x64': [ '1.33.0' ],
2268 silly audit   'lightningcss-linux-arm-gnueabihf': [ '1.33.0' ],
2268 silly audit   'lightningcss-linux-arm64-gnu': [ '1.33.0' ],
2268 silly audit   'lightningcss-linux-arm64-musl': [ '1.33.0' ],
2268 silly audit   'lightningcss-linux-x64-gnu': [ '1.33.0' ],
2268 silly audit   'lightningcss-linux-x64-musl': [ '1.33.0' ],
2268 silly audit   'lightningcss-win32-arm64-msvc': [ '1.33.0' ],
2268 silly audit   'lightningcss-win32-x64-msvc': [ '1.33.0' ],
2268 silly audit   '@oxc-project/types': [ '0.152.0' ],
2268 silly audit   '@rolldown/binding-android-arm-eabi': [ '1.2.12' ],
2268 silly audit   '@rolldown/binding-android-arm64': [ '1.2.12' ],
2268 silly audit   '@rolldown/binding-darwin-arm64': [ '1.2.12' ],
2268 silly audit   '@rolldown/binding-darwin-x64': [ '1.2.12' ],
2268 silly audit   '@rolldown/binding-freebsd-x64': [ '1.2.12' ],
2268 silly audit   '@rolldown/binding-linux-arm-gnueabihf': [ '1.2.12' ],
2268 silly audit   '@rolldown/binding-linux-arm64-gnu': [ '1.2.12' ],
2268 silly audit   '@rolldown/binding-linux-arm64-musl': [ '1.2.12' ],
2268 silly audit   '@rolldown/binding-linux-ppc64-gnu': [ '1.2.12' ],
2268 silly audit   '@rolldown/binding-linux-s390x-gnu': [ '1.2.12' ],
2268 silly audit   '@rolldown/binding-linux-x64-gnu': [ '1.2.12' ],
2268 silly audit   '@rolldown/binding-linux-x64-musl': [ '1.2.12' ],
2268 silly audit   '@rolldown/binding-openharmony-arm64': [ '1.2.12' ],
2268 silly audit   '@rolldown/binding-win32-arm64-msvc': [ '1.2.12' ],
2268 silly audit   '@rolldown/binding-win32-x64-msvc': [ '1.2.12' ],
2268 silly audit   '@rolldown/pluginutils': [ '1.0.1' ]
2268 silly audit }
2269 verbose reify failed optional dependency /root/catalogo-oficial/node_modules/@rolldown/binding-win32-x64-msvc
2270 silly reify mark deleted [
2270 silly reify   '/root/catalogo-oficial/node_modules/@rolldown/binding-win32-x64-msvc'
2270 silly reify ]
2271 verbose reify failed optional dependency /root/catalogo-oficial/node_modules/@rolldown/binding-win32-arm64-msvc
2272 silly reify mark deleted [
2272 silly reify   '/root/catalogo-oficial/node_modules/@rolldown/binding-win32-arm64-msvc'
2272 silly reify ]
2273 verbose reify failed optional dependency /root/catalogo-oficial/node_modules/@rolldown/binding-openharmony-arm64
2274 silly reify mark deleted [
2274 silly reify   '/root/catalogo-oficial/node_modules/@rolldown/binding-openharmony-arm64'
2274 silly reify ]
2275 verbose reify failed optional dependency /root/catalogo-oficial/node_modules/@rolldown/binding-linux-x64-musl
2276 silly reify mark deleted [
2276 silly reify   '/root/catalogo-oficial/node_modules/@rolldown/binding-linux-x64-musl'
2276 silly reify ]
2277 verbose reify failed optional dependency /root/catalogo-oficial/node_modules/@rolldown/binding-linux-s390x-gnu
2278 silly reify mark deleted [
2278 silly reify   '/root/catalogo-oficial/node_modules/@rolldown/binding-linux-s390x-gnu'
2278 silly reify ]
2279 verbose reify failed optional dependency /root/catalogo-oficial/node_modules/@rolldown/binding-linux-ppc64-gnu
2280 silly reify mark deleted [
2280 silly reify   '/root/catalogo-oficial/node_modules/@rolldown/binding-linux-ppc64-gnu'
2280 silly reify ]
2281 verbose reify failed optional dependency /root/catalogo-oficial/node_modules/@rolldown/binding-linux-arm64-musl
2282 silly reify mark deleted [
2282 silly reify   '/root/catalogo-oficial/node_modules/@rolldown/binding-linux-arm64-musl'
2282 silly reify ]
2283 verbose reify failed optional dependency /root/catalogo-oficial/node_modules/@rolldown/binding-linux-arm64-gnu
2284 silly reify mark deleted [
2284 silly reify   '/root/catalogo-oficial/node_modules/@rolldown/binding-linux-arm64-gnu'
2284 silly reify ]
2285 verbose reify failed optional dependency /root/catalogo-oficial/node_modules/@rolldown/binding-linux-arm-gnueabihf
2286 silly reify mark deleted [
2286 silly reify   '/root/catalogo-oficial/node_modules/@rolldown/binding-linux-arm-gnueabihf'
2286 silly reify ]
2287 verbose reify failed optional dependency /root/catalogo-oficial/node_modules/@rolldown/binding-freebsd-x64
2288 silly reify mark deleted [ '/root/catalogo-oficial/node_modules/@rolldown/binding-freebsd-x64' ]
2289 verbose reify failed optional dependency /root/catalogo-oficial/node_modules/@rolldown/binding-darwin-x64
2290 silly reify mark deleted [ '/root/catalogo-oficial/node_modules/@rolldown/binding-darwin-x64' ]
2291 verbose reify failed optional dependency /root/catalogo-oficial/node_modules/@rolldown/binding-darwin-arm64
2292 silly reify mark deleted [
2292 silly reify   '/root/catalogo-oficial/node_modules/@rolldown/binding-darwin-arm64'
2292 silly reify ]
2293 verbose reify failed optional dependency /root/catalogo-oficial/node_modules/@rolldown/binding-android-arm64
2294 silly reify mark deleted [
2294 silly reify   '/root/catalogo-oficial/node_modules/@rolldown/binding-android-arm64'
2294 silly reify ]
2295 verbose reify failed optional dependency /root/catalogo-oficial/node_modules/@rolldown/binding-android-arm-eabi
2296 silly reify mark deleted [
2296 silly reify   '/root/catalogo-oficial/node_modules/@rolldown/binding-android-arm-eabi'
2296 silly reify ]
2297 verbose reify failed optional dependency /root/catalogo-oficial/node_modules/lightningcss-win32-x64-msvc
2298 silly reify mark deleted [ '/root/catalogo-oficial/node_modules/lightningcss-win32-x64-msvc' ]
2299 verbose reify failed optional dependency /root/catalogo-oficial/node_modules/lightningcss-win32-arm64-msvc
2300 silly reify mark deleted [ '/root/catalogo-oficial/node_modules/lightningcss-win32-arm64-msvc' ]
2301 verbose reify failed optional dependency /root/catalogo-oficial/node_modules/lightningcss-linux-x64-musl
2302 silly reify mark deleted [ '/root/catalogo-oficial/node_modules/lightningcss-linux-x64-musl' ]
2303 verbose reify failed optional dependency /root/catalogo-oficial/node_modules/lightningcss-linux-arm64-musl
2304 silly reify mark deleted [ '/root/catalogo-oficial/node_modules/lightningcss-linux-arm64-musl' ]
2305 verbose reify failed optional dependency /root/catalogo-oficial/node_modules/lightningcss-linux-arm64-gnu
2306 silly reify mark deleted [ '/root/catalogo-oficial/node_modules/lightningcss-linux-arm64-gnu' ]
2307 verbose reify failed optional dependency /root/catalogo-oficial/node_modules/lightningcss-linux-arm-gnueabihf
2308 silly reify mark deleted [
2308 silly reify   '/root/catalogo-oficial/node_modules/lightningcss-linux-arm-gnueabihf'
2308 silly reify ]
2309 verbose reify failed optional dependency /root/catalogo-oficial/node_modules/lightningcss-freebsd-x64
2310 silly reify mark deleted [ '/root/catalogo-oficial/node_modules/lightningcss-freebsd-x64' ]
2311 verbose reify failed optional dependency /root/catalogo-oficial/node_modules/lightningcss-darwin-x64
2312 silly reify mark deleted [ '/root/catalogo-oficial/node_modules/lightningcss-darwin-x64' ]
2313 verbose reify failed optional dependency /root/catalogo-oficial/node_modules/lightningcss-darwin-arm64
2314 silly reify mark deleted [ '/root/catalogo-oficial/node_modules/lightningcss-darwin-arm64' ]
2315 verbose reify failed optional dependency /root/catalogo-oficial/node_modules/lightningcss-android-arm64
2316 silly reify mark deleted [ '/root/catalogo-oficial/node_modules/lightningcss-android-arm64' ]
2317 verbose reify failed optional dependency /root/catalogo-oficial/node_modules/fsevents
2318 silly reify mark deleted [ '/root/catalogo-oficial/node_modules/fsevents' ]
2319 verbose reify failed optional dependency /root/catalogo-oficial/node_modules/@img/sharp-win32-x64
2320 silly reify mark deleted [ '/root/catalogo-oficial/node_modules/@img/sharp-win32-x64' ]
2321 verbose reify failed optional dependency /root/catalogo-oficial/node_modules/@img/sharp-win32-ia32
2322 silly reify mark deleted [ '/root/catalogo-oficial/node_modules/@img/sharp-win32-ia32' ]
2323 verbose reify failed optional dependency /root/catalogo-oficial/node_modules/@img/sharp-win32-arm64
2324 silly reify mark deleted [ '/root/catalogo-oficial/node_modules/@img/sharp-win32-arm64' ]
2325 verbose reify failed optional dependency /root/catalogo-oficial/node_modules/@img/sharp-webcontainers-wasm32
2326 silly reify mark deleted [
2326 silly reify   '/root/catalogo-oficial/node_modules/@img/sharp-webcontainers-wasm32'
2326 silly reify ]
2327 verbose reify failed optional dependency /root/catalogo-oficial/node_modules/@img/sharp-linuxmusl-x64
2328 silly reify mark deleted [ '/root/catalogo-oficial/node_modules/@img/sharp-linuxmusl-x64' ]
2329 verbose reify failed optional dependency /root/catalogo-oficial/node_modules/@img/sharp-linuxmusl-arm64
2330 silly reify mark deleted [ '/root/catalogo-oficial/node_modules/@img/sharp-linuxmusl-arm64' ]
2331 verbose reify failed optional dependency /root/catalogo-oficial/node_modules/@img/sharp-linux-s390x
2332 silly reify mark deleted [ '/root/catalogo-oficial/node_modules/@img/sharp-linux-s390x' ]
2333 verbose reify failed optional dependency /root/catalogo-oficial/node_modules/@img/sharp-linux-riscv64
2334 silly reify mark deleted [ '/root/catalogo-oficial/node_modules/@img/sharp-linux-riscv64' ]
2335 verbose reify failed optional dependency /root/catalogo-oficial/node_modules/@img/sharp-linux-ppc64
2336 silly reify mark deleted [ '/root/catalogo-oficial/node_modules/@img/sharp-linux-ppc64' ]
2337 verbose reify failed optional dependency /root/catalogo-oficial/node_modules/@img/sharp-linux-arm64
2338 silly reify mark deleted [ '/root/catalogo-oficial/node_modules/@img/sharp-linux-arm64' ]
2339 verbose reify failed optional dependency /root/catalogo-oficial/node_modules/@img/sharp-linux-arm
2340 silly reify mark deleted [ '/root/catalogo-oficial/node_modules/@img/sharp-linux-arm' ]
2341 verbose reify failed optional dependency /root/catalogo-oficial/node_modules/@img/sharp-libvips-linuxmusl-x64
2342 silly reify mark deleted [
2342 silly reify   '/root/catalogo-oficial/node_modules/@img/sharp-libvips-linuxmusl-x64'
2342 silly reify ]
2343 verbose reify failed optional dependency /root/catalogo-oficial/node_modules/@img/sharp-libvips-linuxmusl-arm64
2344 silly reify mark deleted [
2344 silly reify   '/root/catalogo-oficial/node_modules/@img/sharp-libvips-linuxmusl-arm64'
2344 silly reify ]
2345 verbose reify failed optional dependency /root/catalogo-oficial/node_modules/@img/sharp-libvips-linux-s390x
2346 silly reify mark deleted [
2346 silly reify   '/root/catalogo-oficial/node_modules/@img/sharp-libvips-linux-s390x'
2346 silly reify ]
2347 verbose reify failed optional dependency /root/catalogo-oficial/node_modules/@img/sharp-libvips-linux-riscv64
2348 silly reify mark deleted [
2348 silly reify   '/root/catalogo-oficial/node_modules/@img/sharp-libvips-linux-riscv64'
2348 silly reify ]
2349 verbose reify failed optional dependency /root/catalogo-oficial/node_modules/@img/sharp-libvips-linux-ppc64
2350 silly reify mark deleted [
2350 silly reify   '/root/catalogo-oficial/node_modules/@img/sharp-libvips-linux-ppc64'
2350 silly reify ]
2351 verbose reify failed optional dependency /root/catalogo-oficial/node_modules/@img/sharp-libvips-linux-arm64
2352 silly reify mark deleted [
2352 silly reify   '/root/catalogo-oficial/node_modules/@img/sharp-libvips-linux-arm64'
2352 silly reify ]
2353 verbose reify failed optional dependency /root/catalogo-oficial/node_modules/@img/sharp-libvips-linux-arm
2354 silly reify mark deleted [ '/root/catalogo-oficial/node_modules/@img/sharp-libvips-linux-arm' ]
2355 verbose reify failed optional dependency /root/catalogo-oficial/node_modules/@img/sharp-libvips-darwin-x64
2356 silly reify mark deleted [ '/root/catalogo-oficial/node_modules/@img/sharp-libvips-darwin-x64' ]
2357 verbose reify failed optional dependency /root/catalogo-oficial/node_modules/@img/sharp-libvips-darwin-arm64
2358 silly reify mark deleted [
2358 silly reify   '/root/catalogo-oficial/node_modules/@img/sharp-libvips-darwin-arm64'
2358 silly reify ]
2359 verbose reify failed optional dependency /root/catalogo-oficial/node_modules/@img/sharp-freebsd-wasm32
2360 silly reify mark deleted [ '/root/catalogo-oficial/node_modules/@img/sharp-freebsd-wasm32' ]
2361 verbose reify failed optional dependency /root/catalogo-oficial/node_modules/@img/sharp-darwin-x64
2362 silly reify mark deleted [ '/root/catalogo-oficial/node_modules/@img/sharp-darwin-x64' ]
2363 verbose reify failed optional dependency /root/catalogo-oficial/node_modules/@img/sharp-darwin-arm64
2364 silly reify mark deleted [ '/root/catalogo-oficial/node_modules/@img/sharp-darwin-arm64' ]
2365 verbose reify failed optional dependency /root/catalogo-oficial/node_modules/@bruits/satteri-win32-x64-msvc
2366 silly reify mark deleted [
2366 silly reify   '/root/catalogo-oficial/node_modules/@bruits/satteri-win32-x64-msvc'
2366 silly reify ]
2367 verbose reify failed optional dependency /root/catalogo-oficial/node_modules/@bruits/satteri-win32-arm64-msvc
2368 silly reify mark deleted [
2368 silly reify   '/root/catalogo-oficial/node_modules/@bruits/satteri-win32-arm64-msvc'
2368 silly reify ]
2369 verbose reify failed optional dependency /root/catalogo-oficial/node_modules/@bruits/satteri-wasm32-wasi
2370 silly reify mark deleted [ '/root/catalogo-oficial/node_modules/@bruits/satteri-wasm32-wasi' ]
2371 verbose reify failed optional dependency /root/catalogo-oficial/node_modules/@bruits/satteri-wasm32-wasi/node_modules/@emnapi/core
2372 silly reify mark deleted [
2372 silly reify   '/root/catalogo-oficial/node_modules/@bruits/satteri-wasm32-wasi/node_modules/@emnapi/core'
2372 silly reify ]
2373 verbose reify failed optional dependency /root/catalogo-oficial/node_modules/@bruits/satteri-wasm32-wasi/node_modules/@emnapi/runtime
2374 silly reify mark deleted [
2374 silly reify   '/root/catalogo-oficial/node_modules/@bruits/satteri-wasm32-wasi/node_modules/@emnapi/runtime'
2374 silly reify ]
2375 verbose reify failed optional dependency /root/catalogo-oficial/node_modules/@bruits/satteri-wasm32-wasi/node_modules/@emnapi/wasi-threads
2376 silly reify mark deleted [
2376 silly reify   '/root/catalogo-oficial/node_modules/@bruits/satteri-wasm32-wasi/node_modules/@emnapi/wasi-threads'
2376 silly reify ]
2377 verbose reify failed optional dependency /root/catalogo-oficial/node_modules/@bruits/satteri-linux-x64-musl
2378 silly reify mark deleted [
2378 silly reify   '/root/catalogo-oficial/node_modules/@bruits/satteri-linux-x64-musl'
2378 silly reify ]
2379 verbose reify failed optional dependency /root/catalogo-oficial/node_modules/@bruits/satteri-linux-arm64-musl
2380 silly reify mark deleted [
2380 silly reify   '/root/catalogo-oficial/node_modules/@bruits/satteri-linux-arm64-musl'
2380 silly reify ]
2381 verbose reify failed optional dependency /root/catalogo-oficial/node_modules/@bruits/satteri-linux-arm64-gnu
2382 silly reify mark deleted [
2382 silly reify   '/root/catalogo-oficial/node_modules/@bruits/satteri-linux-arm64-gnu'
2382 silly reify ]
2383 verbose reify failed optional dependency /root/catalogo-oficial/node_modules/@bruits/satteri-darwin-x64
2384 silly reify mark deleted [ '/root/catalogo-oficial/node_modules/@bruits/satteri-darwin-x64' ]
2385 verbose reify failed optional dependency /root/catalogo-oficial/node_modules/@bruits/satteri-darwin-arm64
2386 silly reify mark deleted [ '/root/catalogo-oficial/node_modules/@bruits/satteri-darwin-arm64' ]
2387 verbose reify failed optional dependency /root/catalogo-oficial/node_modules/@esbuild/win32-x64
2388 silly reify mark deleted [ '/root/catalogo-oficial/node_modules/@esbuild/win32-x64' ]
2389 verbose reify failed optional dependency /root/catalogo-oficial/node_modules/@esbuild/win32-ia32
2390 silly reify mark deleted [ '/root/catalogo-oficial/node_modules/@esbuild/win32-ia32' ]
2391 verbose reify failed optional dependency /root/catalogo-oficial/node_modules/@esbuild/win32-arm64
2392 silly reify mark deleted [ '/root/catalogo-oficial/node_modules/@esbuild/win32-arm64' ]
2393 verbose reify failed optional dependency /root/catalogo-oficial/node_modules/@esbuild/sunos-x64
2394 silly reify mark deleted [ '/root/catalogo-oficial/node_modules/@esbuild/sunos-x64' ]
2395 verbose reify failed optional dependency /root/catalogo-oficial/node_modules/@esbuild/openharmony-arm64
2396 silly reify mark deleted [ '/root/catalogo-oficial/node_modules/@esbuild/openharmony-arm64' ]
2397 verbose reify failed optional dependency /root/catalogo-oficial/node_modules/@esbuild/openbsd-x64
2398 silly reify mark deleted [ '/root/catalogo-oficial/node_modules/@esbuild/openbsd-x64' ]
2399 verbose reify failed optional dependency /root/catalogo-oficial/node_modules/@esbuild/openbsd-arm64
2400 silly reify mark deleted [ '/root/catalogo-oficial/node_modules/@esbuild/openbsd-arm64' ]
2401 verbose reify failed optional dependency /root/catalogo-oficial/node_modules/@esbuild/netbsd-x64
2402 silly reify mark deleted [ '/root/catalogo-oficial/node_modules/@esbuild/netbsd-x64' ]
2403 verbose reify failed optional dependency /root/catalogo-oficial/node_modules/@esbuild/netbsd-arm64
2404 silly reify mark deleted [ '/root/catalogo-oficial/node_modules/@esbuild/netbsd-arm64' ]
2405 verbose reify failed optional dependency /root/catalogo-oficial/node_modules/@esbuild/linux-s390x
2406 silly reify mark deleted [ '/root/catalogo-oficial/node_modules/@esbuild/linux-s390x' ]
2407 verbose reify failed optional dependency /root/catalogo-oficial/node_modules/@esbuild/linux-riscv64
2408 silly reify mark deleted [ '/root/catalogo-oficial/node_modules/@esbuild/linux-riscv64' ]
2409 verbose reify failed optional dependency /root/catalogo-oficial/node_modules/@esbuild/linux-ppc64
2410 silly reify mark deleted [ '/root/catalogo-oficial/node_modules/@esbuild/linux-ppc64' ]
2411 verbose reify failed optional dependency /root/catalogo-oficial/node_modules/@esbuild/linux-mips64el
2412 silly reify mark deleted [ '/root/catalogo-oficial/node_modules/@esbuild/linux-mips64el' ]
2413 verbose reify failed optional dependency /root/catalogo-oficial/node_modules/@esbuild/linux-loong64
2414 silly reify mark deleted [ '/root/catalogo-oficial/node_modules/@esbuild/linux-loong64' ]
2415 verbose reify failed optional dependency /root/catalogo-oficial/node_modules/@esbuild/linux-ia32
2416 silly reify mark deleted [ '/root/catalogo-oficial/node_modules/@esbuild/linux-ia32' ]
2417 verbose reify failed optional dependency /root/catalogo-oficial/node_modules/@esbuild/linux-arm64
2418 silly reify mark deleted [ '/root/catalogo-oficial/node_modules/@esbuild/linux-arm64' ]
2419 verbose reify failed optional dependency /root/catalogo-oficial/node_modules/@esbuild/linux-arm
2420 silly reify mark deleted [ '/root/catalogo-oficial/node_modules/@esbuild/linux-arm' ]
2421 verbose reify failed optional dependency /root/catalogo-oficial/node_modules/@esbuild/freebsd-x64
2422 silly reify mark deleted [ '/root/catalogo-oficial/node_modules/@esbuild/freebsd-x64' ]
2423 verbose reify failed optional dependency /root/catalogo-oficial/node_modules/@esbuild/freebsd-arm64
2424 silly reify mark deleted [ '/root/catalogo-oficial/node_modules/@esbuild/freebsd-arm64' ]
2425 verbose reify failed optional dependency /root/catalogo-oficial/node_modules/@esbuild/darwin-x64
2426 silly reify mark deleted [ '/root/catalogo-oficial/node_modules/@esbuild/darwin-x64' ]
2427 verbose reify failed optional dependency /root/catalogo-oficial/node_modules/@esbuild/darwin-arm64
2428 silly reify mark deleted [ '/root/catalogo-oficial/node_modules/@esbuild/darwin-arm64' ]
2429 verbose reify failed optional dependency /root/catalogo-oficial/node_modules/@esbuild/android-x64
2430 silly reify mark deleted [ '/root/catalogo-oficial/node_modules/@esbuild/android-x64' ]
2431 verbose reify failed optional dependency /root/catalogo-oficial/node_modules/@esbuild/android-arm64
2432 silly reify mark deleted [ '/root/catalogo-oficial/node_modules/@esbuild/android-arm64' ]
2433 verbose reify failed optional dependency /root/catalogo-oficial/node_modules/@esbuild/android-arm
2434 silly reify mark deleted [ '/root/catalogo-oficial/node_modules/@esbuild/android-arm' ]
2435 verbose reify failed optional dependency /root/catalogo-oficial/node_modules/@esbuild/aix-ppc64
2436 silly reify mark deleted [ '/root/catalogo-oficial/node_modules/@esbuild/aix-ppc64' ]
2437 verbose reify failed optional dependency /root/catalogo-oficial/node_modules/@astrojs/compiler-binding-win32-x64-msvc
2438 silly reify mark deleted [
2438 silly reify   '/root/catalogo-oficial/node_modules/@astrojs/compiler-binding-win32-x64-msvc'
2438 silly reify ]
2439 verbose reify failed optional dependency /root/catalogo-oficial/node_modules/@astrojs/compiler-binding-win32-arm64-msvc
2440 silly reify mark deleted [
2440 silly reify   '/root/catalogo-oficial/node_modules/@astrojs/compiler-binding-win32-arm64-msvc'
2440 silly reify ]
2441 verbose reify failed optional dependency /root/catalogo-oficial/node_modules/@astrojs/compiler-binding-wasm32-wasi
2442 silly reify mark deleted [
2442 silly reify   '/root/catalogo-oficial/node_modules/@astrojs/compiler-binding-wasm32-wasi'
2442 silly reify ]
2443 verbose reify failed optional dependency /root/catalogo-oficial/node_modules/@astrojs/compiler-binding-linux-x64-musl
2444 silly reify mark deleted [
2444 silly reify   '/root/catalogo-oficial/node_modules/@astrojs/compiler-binding-linux-x64-musl'
2444 silly reify ]
2445 verbose reify failed optional dependency /root/catalogo-oficial/node_modules/@astrojs/compiler-binding-linux-arm64-musl
2446 silly reify mark deleted [
2446 silly reify   '/root/catalogo-oficial/node_modules/@astrojs/compiler-binding-linux-arm64-musl'
2446 silly reify ]
2447 verbose reify failed optional dependency /root/catalogo-oficial/node_modules/@astrojs/compiler-binding-linux-arm64-gnu
2448 silly reify mark deleted [
2448 silly reify   '/root/catalogo-oficial/node_modules/@astrojs/compiler-binding-linux-arm64-gnu'
2448 silly reify ]
2449 verbose reify failed optional dependency /root/catalogo-oficial/node_modules/@astrojs/compiler-binding-darwin-x64
2450 silly reify mark deleted [
2450 silly reify   '/root/catalogo-oficial/node_modules/@astrojs/compiler-binding-darwin-x64'
2450 silly reify ]
2451 verbose reify failed optional dependency /root/catalogo-oficial/node_modules/@astrojs/compiler-binding-darwin-arm64
2452 silly reify mark deleted [
2452 silly reify   '/root/catalogo-oficial/node_modules/@astrojs/compiler-binding-darwin-arm64'
2452 silly reify ]
2453 verbose reify failed optional dependency /root/catalogo-oficial/node_modules/@astrojs/compiler-binding-android-arm64
2454 silly reify mark deleted [
2454 silly reify   '/root/catalogo-oficial/node_modules/@astrojs/compiler-binding-android-arm64'
2454 silly reify ]
2455 http cache @rolldown/pluginutils@https://registry.npmjs.org/@rolldown/pluginutils/-/pluginutils-1.0.1.tgz 0ms (cache hit)
2456 http cache @rolldown/binding-linux-x64-gnu@https://registry.npmjs.org/@rolldown/binding-linux-x64-gnu/-/binding-linux-x64-gnu-1.2.12.tgz 0ms (cache hit)
2457 http cache lightningcss-linux-x64-gnu@https://registry.npmjs.org/lightningcss-linux-x64-gnu/-/lightningcss-linux-x64-gnu-1.33.0.tgz 0ms (cache hit)
2458 http cache lightningcss@https://registry.npmjs.org/lightningcss/-/lightningcss-1.33.0.tgz 0ms (cache hit)
2459 http cache rolldown@https://registry.npmjs.org/rolldown/-/rolldown-1.2.12.tgz 0ms (cache hit)
2460 http cache vfile-message@https://registry.npmjs.org/vfile-message/-/vfile-message-4.0.3.tgz 0ms (cache hit)
2461 http cache @oxc-project/types@https://registry.npmjs.org/@oxc-project/types/-/types-0.152.0.tgz 0ms (cache hit)
2462 http cache escalade@https://registry.npmjs.org/escalade/-/escalade-3.2.0.tgz 0ms (cache hit)
2463 http cache unist-util-stringify-position@https://registry.npmjs.org/unist-util-stringify-position/-/unist-util-stringify-position-4.0.0.tgz 0ms (cache hit)
2464 http cache uncrypto@https://registry.npmjs.org/uncrypto/-/uncrypto-0.1.3.tgz 0ms (cache hit)
2465 http cache radix3@https://registry.npmjs.org/radix3/-/radix3-1.1.2.tgz 0ms (cache hit)
2466 http cache node-mock-http@https://registry.npmjs.org/node-mock-http/-/node-mock-http-1.0.5.tgz 0ms (cache hit)
2467 http cache defu@https://registry.npmjs.org/defu/-/defu-6.1.7.tgz 0ms (cache hit)
2468 http cache crossws@https://registry.npmjs.org/crossws/-/crossws-0.3.5.tgz 0ms (cache hit)
2469 http cache iron-webcrypto@https://registry.npmjs.org/iron-webcrypto/-/iron-webcrypto-1.2.1.tgz 0ms (cache hit)
2470 http cache cookie-es@https://registry.npmjs.org/cookie-es/-/cookie-es-1.2.3.tgz 0ms (cache hit)
2471 http cache ofetch@https://registry.npmjs.org/ofetch/-/ofetch-1.5.1.tgz 0ms (cache hit)
2472 http cache ufo@https://registry.npmjs.org/ufo/-/ufo-1.6.4.tgz 0ms (cache hit)
2473 http cache node-fetch-native@https://registry.npmjs.org/node-fetch-native/-/node-fetch-native-1.6.7.tgz 0ms (cache hit)
2474 http cache lru-cache@https://registry.npmjs.org/lru-cache/-/lru-cache-11.5.3.tgz 0ms (cache hit)
2475 http cache h3@https://registry.npmjs.org/h3/-/h3-1.15.11.tgz 0ms (cache hit)
2476 http cache destr@https://registry.npmjs.org/destr/-/destr-2.0.5.tgz 0ms (cache hit)
2477 http cache unist-util-visit-parents@https://registry.npmjs.org/unist-util-visit-parents/-/unist-util-visit-parents-6.0.2.tgz 0ms (cache hit)
2478 http cache undici@https://registry.npmjs.org/undici/-/undici-8.11.2.tgz 0ms (cache hit)
2479 http cache ohash@https://registry.npmjs.org/ohash/-/ohash-2.0.12.tgz 0ms (cache hit)
2480 http cache trough@https://registry.npmjs.org/trough/-/trough-2.2.0.tgz 0ms (cache hit)
2481 http cache unist-util-is@https://registry.npmjs.org/unist-util-is/-/unist-util-is-6.0.1.tgz 0ms (cache hit)
2482 http cache is-plain-obj@https://registry.npmjs.org/is-plain-obj/-/is-plain-obj-4.1.0.tgz 0ms (cache hit)
2483 http cache is-number@https://registry.npmjs.org/is-number/-/is-number-7.0.0.tgz 0ms (cache hit)
2484 http cache bail@https://registry.npmjs.org/bail/-/bail-2.0.2.tgz 0ms (cache hit)
2485 http cache extend@https://registry.npmjs.org/extend/-/extend-3.0.2.tgz 0ms (cache hit)
2486 http cache fdir@https://registry.npmjs.org/fdir/-/fdir-6.5.0.tgz 0ms (cache hit)
2487 http cache thenify-all@https://registry.npmjs.org/thenify-all/-/thenify-all-1.6.0.tgz 0ms (cache hit)
2488 http cache thenify@https://registry.npmjs.org/thenify/-/thenify-3.3.1.tgz 0ms (cache hit)
2489 http cache object-assign@https://registry.npmjs.org/object-assign/-/object-assign-4.1.1.tgz 0ms (cache hit)
2490 http cache any-promise@https://registry.npmjs.org/any-promise/-/any-promise-1.3.0.tgz 0ms (cache hit)
2491 http cache @jridgewell/trace-mapping@https://registry.npmjs.org/@jridgewell/trace-mapping/-/trace-mapping-0.3.31.tgz 0ms (cache hit)
2492 http cache @jridgewell/resolve-uri@https://registry.npmjs.org/@jridgewell/resolve-uri/-/resolve-uri-3.1.2.tgz 0ms (cache hit)
2493 http cache ts-interface-checker@https://registry.npmjs.org/ts-interface-checker/-/ts-interface-checker-0.1.13.tgz 0ms (cache hit)
2494 http cache mz@https://registry.npmjs.org/mz/-/mz-2.7.0.tgz 0ms (cache hit)
2495 http cache pirates@https://registry.npmjs.org/pirates/-/pirates-4.0.7.tgz 0ms (cache hit)
2496 http cache lines-and-columns@https://registry.npmjs.org/lines-and-columns/-/lines-and-columns-1.2.4.tgz 0ms (cache hit)
2497 http cache queue-microtask@https://registry.npmjs.org/queue-microtask/-/queue-microtask-1.2.3.tgz 0ms (cache hit)
2498 http cache @jridgewell/gen-mapping@https://registry.npmjs.org/@jridgewell/gen-mapping/-/gen-mapping-0.3.13.tgz 0ms (cache hit)
2499 http cache function-bind@https://registry.npmjs.org/function-bind/-/function-bind-1.1.2.tgz 0ms (cache hit)
2500 http cache supports-preserve-symlinks-flag@https://registry.npmjs.org/supports-preserve-symlinks-flag/-/supports-preserve-symlinks-flag-1.0.0.tgz 0ms (cache hit)
2501 http cache path-parse@https://registry.npmjs.org/path-parse/-/path-parse-1.0.7.tgz 0ms (cache hit)
2502 http cache is-core-module@https://registry.npmjs.org/is-core-module/-/is-core-module-2.17.0.tgz 0ms (cache hit)
2503 http cache hasown@https://registry.npmjs.org/hasown/-/hasown-2.0.4.tgz 0ms (cache hit)
2504 http cache es-errors@https://registry.npmjs.org/es-errors/-/es-errors-1.3.0.tgz 0ms (cache hit)
2505 http cache util-deprecate@https://registry.npmjs.org/util-deprecate/-/util-deprecate-1.0.2.tgz 0ms (cache hit)
2506 http cache cssesc@https://registry.npmjs.org/cssesc/-/cssesc-3.0.0.tgz 0ms (cache hit)
2507 http cache camelcase-css@https://registry.npmjs.org/camelcase-css/-/camelcase-css-2.0.1.tgz 0ms (cache hit)
2508 http cache read-cache@https://registry.npmjs.org/read-cache/-/read-cache-1.0.2.tgz 0ms (cache hit)
2509 http cache is-extglob@https://registry.npmjs.org/is-extglob/-/is-extglob-2.1.1.tgz 0ms (cache hit)
2510 http cache binary-extensions@https://registry.npmjs.org/binary-extensions/-/binary-extensions-2.3.0.tgz 0ms (cache hit)
2511 http cache to-regex-range@https://registry.npmjs.org/to-regex-range/-/to-regex-range-5.0.1.tgz 0ms (cache hit)
2512 http cache run-parallel@https://registry.npmjs.org/run-parallel/-/run-parallel-1.2.0.tgz 0ms (cache hit)
2513 http cache reusify@https://registry.npmjs.org/reusify/-/reusify-1.1.0.tgz 0ms (cache hit)
2514 http cache fastq@https://registry.npmjs.org/fastq/-/fastq-1.20.3.tgz 0ms (cache hit)
2515 http cache @nodelib/fs.scandir@https://registry.npmjs.org/@nodelib/fs.scandir/-/fs.scandir-2.1.5.tgz 0ms (cache hit)
2516 http cache merge2@https://registry.npmjs.org/merge2/-/merge2-1.4.1.tgz 0ms (cache hit)
2517 http cache @nodelib/fs.stat@https://registry.npmjs.org/@nodelib/fs.stat/-/fs.stat-2.0.5.tgz 0ms (cache hit)
2518 http cache @nodelib/fs.walk@https://registry.npmjs.org/@nodelib/fs.walk/-/fs.walk-1.2.8.tgz 0ms (cache hit)
2519 http cache fill-range@https://registry.npmjs.org/fill-range/-/fill-range-7.1.1.tgz 0ms (cache hit)
2520 http cache is-binary-path@https://registry.npmjs.org/is-binary-path/-/is-binary-path-2.1.0.tgz 0ms (cache hit)
2521 http cache braces@https://registry.npmjs.org/braces/-/braces-3.0.3.tgz 0ms (cache hit)
2522 http cache readdirp@https://registry.npmjs.org/readdirp/-/readdirp-3.6.0.tgz 0ms (cache hit)
2523 http cache sucrase@https://registry.npmjs.org/sucrase/-/sucrase-3.35.1.tgz 0ms (cache hit)
2524 http cache resolve@https://registry.npmjs.org/resolve/-/resolve-1.22.12.tgz 0ms (cache hit)
2525 http cache postcss-nested@https://registry.npmjs.org/postcss-nested/-/postcss-nested-6.2.0.tgz 0ms (cache hit)
2526 http cache postcss-selector-parser@https://registry.npmjs.org/postcss-selector-parser/-/postcss-selector-parser-6.1.4.tgz 0ms (cache hit)
2527 http cache postcss-js@https://registry.npmjs.org/postcss-js/-/postcss-js-4.1.0.tgz 0ms (cache hit)
2528 http cache postcss-import@https://registry.npmjs.org/postcss-import/-/postcss-import-15.1.0.tgz 0ms (cache hit)
2529 http cache object-hash@https://registry.npmjs.org/object-hash/-/object-hash-3.0.0.tgz 0ms (cache hit)
2530 http cache normalize-path@https://registry.npmjs.org/normalize-path/-/normalize-path-3.0.0.tgz 0ms (cache hit)
2531 http cache micromatch@https://registry.npmjs.org/micromatch/-/micromatch-4.0.8.tgz 0ms (cache hit)
2532 http cache is-glob@https://registry.npmjs.org/is-glob/-/is-glob-4.0.3.tgz 0ms (cache hit)
2533 http cache jiti@https://registry.npmjs.org/jiti/-/jiti-1.21.7.tgz 0ms (cache hit)
2534 http cache glob-parent@https://registry.npmjs.org/glob-parent/-/glob-parent-6.0.2.tgz 0ms (cache hit)
2535 http cache fast-glob@https://registry.npmjs.org/fast-glob/-/fast-glob-3.3.3.tgz 0ms (cache hit)
2536 http cache dlv@https://registry.npmjs.org/dlv/-/dlv-1.1.3.tgz 0ms (cache hit)
2537 http cache didyoumean@https://registry.npmjs.org/didyoumean/-/didyoumean-1.2.2.tgz 0ms (cache hit)
2538 http cache chokidar@https://registry.npmjs.org/chokidar/-/chokidar-3.6.0.tgz 0ms (cache hit)
2539 http cache arg@https://registry.npmjs.org/arg/-/arg-5.0.2.tgz 0ms (cache hit)
2540 http cache @alloc/quick-lru@https://registry.npmjs.org/@alloc/quick-lru/-/quick-lru-5.3.0.tgz 0ms (cache hit)
2541 http cache entities@https://registry.npmjs.org/entities/-/entities-4.5.0.tgz 1ms (cache hit)
2542 http cache dom-serializer@https://registry.npmjs.org/dom-serializer/-/dom-serializer-2.0.0.tgz 0ms (cache hit)
2543 http cache nth-check@https://registry.npmjs.org/nth-check/-/nth-check-2.1.1.tgz 0ms (cache hit)
2544 http cache domelementtype@https://registry.npmjs.org/domelementtype/-/domelementtype-2.3.0.tgz 0ms (cache hit)
2545 http cache mdn-data@https://registry.npmjs.org/mdn-data/-/mdn-data-2.27.1.tgz 0ms (cache hit)
2546 http cache domutils@https://registry.npmjs.org/domutils/-/domutils-3.2.2.tgz 0ms (cache hit)
2547 http cache domhandler@https://registry.npmjs.org/domhandler/-/domhandler-5.0.3.tgz 0ms (cache hit)
2548 http cache boolbase@https://registry.npmjs.org/boolbase/-/boolbase-1.0.0.tgz 0ms (cache hit)
2549 http cache sax@https://registry.npmjs.org/sax/-/sax-1.6.1.tgz 0ms (cache hit)
2550 http cache csso@https://registry.npmjs.org/csso/-/csso-5.0.5.tgz 0ms (cache hit)
2551 http cache css-what@https://registry.npmjs.org/css-what/-/css-what-7.0.0.tgz 0ms (cache hit)
2552 http cache css-tree@https://registry.npmjs.org/css-tree/-/css-tree-3.2.1.tgz 0ms (cache hit)
2553 http cache css-select@https://registry.npmjs.org/css-select/-/css-select-6.0.0.tgz 0ms (cache hit)
2554 http cache commander@https://registry.npmjs.org/commander/-/commander-11.1.0.tgz 0ms (cache hit)
2555 http cache character-entities-legacy@https://registry.npmjs.org/character-entities-legacy/-/character-entities-legacy-3.0.0.tgz 0ms (cache hit)
2556 http cache character-entities-html4@https://registry.npmjs.org/character-entities-html4/-/character-entities-html4-2.1.0.tgz 0ms (cache hit)
2557 http cache regex-utilities@https://registry.npmjs.org/regex-utilities/-/regex-utilities-2.3.0.tgz 0ms (cache hit)
2558 http cache regex-recursion@https://registry.npmjs.org/regex-recursion/-/regex-recursion-6.0.2.tgz 0ms (cache hit)
2559 http cache regex@https://registry.npmjs.org/regex/-/regex-6.1.0.tgz 0ms (cache hit)
2560 http cache micromark-util-types@https://registry.npmjs.org/micromark-util-types/-/micromark-util-types-2.0.3.tgz 0ms (cache hit)
2561 http cache oniguruma-parser@https://registry.npmjs.org/oniguruma-parser/-/oniguruma-parser-0.12.2.tgz 0ms (cache hit)
2562 http cache micromark-util-symbol@https://registry.npmjs.org/micromark-util-symbol/-/micromark-util-symbol-2.0.1.tgz 0ms (cache hit)
2563 http cache micromark-util-encode@https://registry.npmjs.org/micromark-util-encode/-/micromark-util-encode-2.0.1.tgz 0ms (cache hit)
2564 http cache micromark-util-character@https://registry.npmjs.org/micromark-util-character/-/micromark-util-character-2.1.1.tgz 0ms (cache hit)
2565 http cache dequal@https://registry.npmjs.org/dequal/-/dequal-2.0.3.tgz 0ms (cache hit)
2566 http cache unist-util-position@https://registry.npmjs.org/unist-util-position/-/unist-util-position-5.0.0.tgz 0ms (cache hit)
2567 http cache vfile@https://registry.npmjs.org/vfile/-/vfile-6.0.3.tgz 0ms (cache hit)
2568 http cache trim-lines@https://registry.npmjs.org/trim-lines/-/trim-lines-3.0.1.tgz 0ms (cache hit)
2569 http cache micromark-util-sanitize-uri@https://registry.npmjs.org/micromark-util-sanitize-uri/-/micromark-util-sanitize-uri-2.0.1.tgz 0ms (cache hit)
2570 http cache devlop@https://registry.npmjs.org/devlop/-/devlop-1.1.0.tgz 0ms (cache hit)
2571 http cache zwitch@https://registry.npmjs.org/zwitch/-/zwitch-2.0.4.tgz 0ms (cache hit)
2572 http cache @ungap/structured-clone@https://registry.npmjs.org/@ungap/structured-clone/-/structured-clone-1.4.0.tgz 0ms (cache hit)
2573 http cache stringify-entities@https://registry.npmjs.org/stringify-entities/-/stringify-entities-4.0.4.tgz 0ms (cache hit)
2574 http cache space-separated-tokens@https://registry.npmjs.org/space-separated-tokens/-/space-separated-tokens-2.0.2.tgz 0ms (cache hit)
2575 http cache property-information@https://registry.npmjs.org/property-information/-/property-information-7.2.0.tgz 0ms (cache hit)
2576 http cache mdast-util-to-hast@https://registry.npmjs.org/mdast-util-to-hast/-/mdast-util-to-hast-13.2.1.tgz 0ms (cache hit)
2577 http cache html-void-elements@https://registry.npmjs.org/html-void-elements/-/html-void-elements-3.0.0.tgz 0ms (cache hit)
2578 http cache hast-util-whitespace@https://registry.npmjs.org/hast-util-whitespace/-/hast-util-whitespace-3.0.0.tgz 0ms (cache hit)
2579 http cache ccount@https://registry.npmjs.org/ccount/-/ccount-2.0.1.tgz 0ms (cache hit)
2580 http cache comma-separated-tokens@https://registry.npmjs.org/comma-separated-tokens/-/comma-separated-tokens-2.0.3.tgz 0ms (cache hit)
2581 http cache oniguruma-to-es@https://registry.npmjs.org/oniguruma-to-es/-/oniguruma-to-es-4.3.6.tgz 0ms (cache hit)
2582 http cache hast-util-to-html@https://registry.npmjs.org/hast-util-to-html/-/hast-util-to-html-9.0.5.tgz 0ms (cache hit)
2583 http cache @shikijs/primitive@https://registry.npmjs.org/@shikijs/primitive/-/primitive-4.4.3.tgz 0ms (cache hit)
2584 http cache @shikijs/types@https://registry.npmjs.org/@shikijs/types/-/types-4.4.3.tgz 0ms (cache hit)
2585 http cache @shikijs/vscode-textmate@https://registry.npmjs.org/@shikijs/vscode-textmate/-/vscode-textmate-10.0.2.tgz 0ms (cache hit)
2586 http cache @shikijs/langs@https://registry.npmjs.org/@shikijs/langs/-/langs-4.4.3.tgz 0ms (cache hit)
2587 http cache @shikijs/themes@https://registry.npmjs.org/@shikijs/themes/-/themes-4.4.3.tgz 0ms (cache hit)
2588 http cache @shikijs/engine-javascript@https://registry.npmjs.org/@shikijs/engine-javascript/-/engine-javascript-4.4.3.tgz 0ms (cache hit)
2589 http cache @shikijs/core@https://registry.npmjs.org/@shikijs/core/-/core-4.4.3.tgz 0ms (cache hit)
2590 http cache @img/sharp-wasm32@https://registry.npmjs.org/@img/sharp-wasm32/-/sharp-wasm32-0.35.5.tgz 0ms (cache hit)
2591 http cache semver@https://registry.npmjs.org/semver/-/semver-7.8.5.tgz 0ms (cache hit)
2592 http cache detect-libc@https://registry.npmjs.org/detect-libc/-/detect-libc-2.1.2.tgz 0ms (cache hit)
2593 http cache @shikijs/engine-oniguruma@https://registry.npmjs.org/@shikijs/engine-oniguruma/-/engine-oniguruma-4.4.3.tgz 0ms (cache hit)
2594 http cache @img/sharp-linux-x64@https://registry.npmjs.org/@img/sharp-linux-x64/-/sharp-linux-x64-0.35.5.tgz 0ms (cache hit)
2595 http cache @img/colour@https://registry.npmjs.org/@img/colour/-/colour-1.1.0.tgz 0ms (cache hit)
2596 http cache @img/sharp-libvips-linux-x64@https://registry.npmjs.org/@img/sharp-libvips-linux-x64/-/sharp-libvips-linux-x64-1.3.4.tgz 0ms (cache hit)
2597 http cache @types/estree@https://registry.npmjs.org/@types/estree/-/estree-1.0.9.tgz 0ms (cache hit)
2598 http cache @types/estree-jsx@https://registry.npmjs.org/@types/estree-jsx/-/estree-jsx-1.0.5.tgz 0ms (cache hit)
2599 http cache @bruits/satteri-linux-x64-gnu@https://registry.npmjs.org/@bruits/satteri-linux-x64-gnu/-/satteri-linux-x64-gnu-0.10.5.tgz 0ms (cache hit)
2600 http cache unist-util-visit@https://registry.npmjs.org/unist-util-visit/-/unist-util-visit-5.1.0.tgz 0ms (cache hit)
2601 http cache nlcst-to-string@https://registry.npmjs.org/nlcst-to-string/-/nlcst-to-string-4.0.0.tgz 0ms (cache hit)
2602 http cache @types/nlcst@https://registry.npmjs.org/@types/nlcst/-/nlcst-2.0.3.tgz 0ms (cache hit)
2603 http cache yaml@https://registry.npmjs.org/yaml/-/yaml-2.9.1.tgz 0ms (cache hit)
2604 http cache nanoid@https://registry.npmjs.org/nanoid/-/nanoid-3.3.19.tgz 0ms (cache hit)
2605 http cache lilconfig@https://registry.npmjs.org/lilconfig/-/lilconfig-3.1.3.tgz 0ms (cache hit)
2606 http cache p-timeout@https://registry.npmjs.org/p-timeout/-/p-timeout-7.0.2.tgz 0ms (cache hit)
2607 http cache eventemitter3@https://registry.npmjs.org/eventemitter3/-/eventemitter3-5.0.4.tgz 0ms (cache hit)
2608 http cache @babel/helper-string-parser@https://registry.npmjs.org/@babel/helper-string-parser/-/helper-string-parser-7.29.7.tgz 0ms (cache hit)
2609 http cache yocto-queue@https://registry.npmjs.org/yocto-queue/-/yocto-queue-1.2.2.tgz 0ms (cache hit)
2610 http cache @babel/helper-validator-identifier@https://registry.npmjs.org/@babel/helper-validator-identifier/-/helper-validator-identifier-7.29.7.tgz 0ms (cache hit)
2611 http cache source-map-js@https://registry.npmjs.org/source-map-js/-/source-map-js-1.2.2.tgz 0ms (cache hit)
2612 http cache @babel/types@https://registry.npmjs.org/@babel/types/-/types-7.29.8.tgz 0ms (cache hit)
2613 http cache @jridgewell/sourcemap-codec@https://registry.npmjs.org/@jridgewell/sourcemap-codec/-/sourcemap-codec-1.6.0.tgz 0ms (cache hit)
2614 http cache @babel/parser@https://registry.npmjs.org/@babel/parser/-/parser-7.29.9.tgz 0ms (cache hit)
2615 http cache argparse@https://registry.npmjs.org/argparse/-/argparse-2.0.1.tgz 0ms (cache hit)
2616 http cache tiny-inflate@https://registry.npmjs.org/tiny-inflate/-/tiny-inflate-1.0.3.tgz 0ms (cache hit)
2617 http cache resolve-pkg-maps@https://registry.npmjs.org/resolve-pkg-maps/-/resolve-pkg-maps-1.0.0.tgz 0ms (cache hit)
2618 http cache fast-string-truncated-width@https://registry.npmjs.org/fast-string-truncated-width/-/fast-string-truncated-width-3.0.3.tgz 0ms (cache hit)
2619 http cache @esbuild/linux-x64@https://registry.npmjs.org/@esbuild/linux-x64/-/linux-x64-0.28.2.tgz 0ms (cache hit)
2620 http cache update-browserslist-db@https://registry.npmjs.org/update-browserslist-db/-/update-browserslist-db-1.3.3.tgz 0ms (cache hit)
2621 http cache node-releases@https://registry.npmjs.org/node-releases/-/node-releases-2.0.57.tgz 0ms (cache hit)
2622 http cache electron-to-chromium@https://registry.npmjs.org/electron-to-chromium/-/electron-to-chromium-1.5.443.tgz 0ms (cache hit)
2623 http cache postcss-value-parser@https://registry.npmjs.org/postcss-value-parser/-/postcss-value-parser-4.2.0.tgz 0ms (cache hit)
2624 http cache baseline-browser-mapping@https://registry.npmjs.org/baseline-browser-mapping/-/baseline-browser-mapping-2.11.26.tgz 0ms (cache hit)
2625 http cache picocolors@https://registry.npmjs.org/picocolors/-/picocolors-1.1.1.tgz 0ms (cache hit)
2626 http cache caniuse-lite@https://registry.npmjs.org/caniuse-lite/-/caniuse-lite-1.0.30001814.tgz 0ms (cache hit)
2627 http cache browserslist@https://registry.npmjs.org/browserslist/-/browserslist-4.29.3.tgz 0ms (cache hit)
2628 http cache @types/unist@https://registry.npmjs.org/@types/unist/-/unist-3.0.3.tgz 0ms (cache hit)
2629 http cache process-ancestry@https://registry.npmjs.org/process-ancestry/-/process-ancestry-0.1.0.tgz 0ms (cache hit)
2630 http cache @tybys/wasm-util@https://registry.npmjs.org/@tybys/wasm-util/-/wasm-util-0.10.4.tgz 0ms (cache hit)
2631 http cache tslib@https://registry.npmjs.org/tslib/-/tslib-2.8.1.tgz 0ms (cache hit)
2632 http cache @emnapi/wasi-threads@https://registry.npmjs.org/@emnapi/wasi-threads/-/wasi-threads-1.2.3.tgz 0ms (cache hit)
2633 http cache sisteransi@https://registry.npmjs.org/sisteransi/-/sisteransi-1.0.5.tgz 0ms (cache hit)
2634 http cache fast-wrap-ansi@https://registry.npmjs.org/fast-wrap-ansi/-/fast-wrap-ansi-0.2.2.tgz 0ms (cache hit)
2635 http cache fast-string-width@https://registry.npmjs.org/fast-string-width/-/fast-string-width-3.0.2.tgz 0ms (cache hit)
2636 http cache @clack/core@https://registry.npmjs.org/@clack/core/-/core-1.5.1.tgz 0ms (cache hit)
2637 http cache is-docker@https://registry.npmjs.org/is-docker/-/is-docker-4.0.0.tgz 0ms (cache hit)
2638 http cache fontkitten@https://registry.npmjs.org/fontkitten/-/fontkitten-1.0.3.tgz 0ms (cache hit)
2639 http cache prismjs@https://registry.npmjs.org/prismjs/-/prismjs-1.30.0.tgz 0ms (cache hit)
2640 http cache satteri@https://registry.npmjs.org/satteri/-/satteri-0.10.5.tgz 0ms (cache hit)
2641 http cache @astrojs/prism@https://registry.npmjs.org/@astrojs/prism/-/prism-4.0.2.tgz 0ms (cache hit)
2642 http cache unified@https://registry.npmjs.org/unified/-/unified-11.0.5.tgz 0ms (cache hit)
2643 http cache fraction.js@https://registry.npmjs.org/fraction.js/-/fraction.js-5.3.4.tgz 0ms (cache hit)
2644 http cache @types/mdast@https://registry.npmjs.org/@types/mdast/-/mdast-4.0.4.tgz 0ms (cache hit)
2645 http cache retext-smartypants@https://registry.npmjs.org/retext-smartypants/-/retext-smartypants-6.2.0.tgz 0ms (cache hit)
2646 http cache @napi-rs/wasm-runtime@https://registry.npmjs.org/@napi-rs/wasm-runtime/-/wasm-runtime-1.2.4.tgz 0ms (cache hit)
2647 http cache @types/hast@https://registry.npmjs.org/@types/hast/-/hast-3.0.5.tgz 0ms (cache hit)
2648 http cache @emnapi/runtime@https://registry.npmjs.org/@emnapi/runtime/-/runtime-1.11.3.tgz 0ms (cache hit)
2649 http cache @emnapi/core@https://registry.npmjs.org/@emnapi/core/-/core-1.11.3.tgz 0ms (cache hit)
2650 http cache @astrojs/compiler-binding-linux-x64-gnu@https://registry.npmjs.org/@astrojs/compiler-binding-linux-x64-gnu/-/compiler-binding-linux-x64-gnu-0.5.1.tgz 0ms (cache hit)
2651 http cache zod@https://registry.npmjs.org/zod/-/zod-4.6.5.tgz 0ms (cache hit)
2652 http cache @astrojs/compiler-binding@https://registry.npmjs.org/@astrojs/compiler-binding/-/compiler-binding-0.5.1.tgz 0ms (cache hit)
2653 http cache yargs-parser@https://registry.npmjs.org/yargs-parser/-/yargs-parser-22.0.0.tgz 0ms (cache hit)
2654 http cache xxhash-wasm@https://registry.npmjs.org/xxhash-wasm/-/xxhash-wasm-1.1.0.tgz 0ms (cache hit)
2655 http cache vitefu@https://registry.npmjs.org/vitefu/-/vitefu-1.1.3.tgz 0ms (cache hit)
2656 http cache vite@https://registry.npmjs.org/vite/-/vite-8.3.1.tgz 0ms (cache hit)
2657 http cache verkit@https://registry.npmjs.org/verkit/-/verkit-0.4.1.tgz 0ms (cache hit)
2658 http cache unstorage@https://registry.npmjs.org/unstorage/-/unstorage-1.17.5.tgz 0ms (cache hit)
2659 http cache unifont@https://registry.npmjs.org/unifont/-/unifont-0.7.5.tgz 0ms (cache hit)
2660 http cache ultrahtml@https://registry.npmjs.org/ultrahtml/-/ultrahtml-1.7.0.tgz 0ms (cache hit)
2661 http cache tinyglobby@https://registry.npmjs.org/tinyglobby/-/tinyglobby-0.2.17.tgz 1ms (cache hit)
2662 http cache tinyexec@https://registry.npmjs.org/tinyexec/-/tinyexec-1.3.1.tgz 0ms (cache hit)
2663 http cache tinyclip@https://registry.npmjs.org/tinyclip/-/tinyclip-1.0.3.tgz 0ms (cache hit)
2664 http cache svgo@https://registry.npmjs.org/svgo/-/svgo-4.1.0.tgz 0ms (cache hit)
2665 http cache smol-toml@https://registry.npmjs.org/smol-toml/-/smol-toml-1.9.0.tgz 0ms (cache hit)
2666 http cache shiki@https://registry.npmjs.org/shiki/-/shiki-4.4.3.tgz 0ms (cache hit)
2667 http cache sharp@https://registry.npmjs.org/sharp/-/sharp-0.35.5.tgz 0ms (cache hit)
2668 http cache picomatch@https://registry.npmjs.org/picomatch/-/picomatch-4.0.7.tgz 0ms (cache hit)
2669 http cache piccolore@https://registry.npmjs.org/piccolore/-/piccolore-0.1.3.tgz 0ms (cache hit)
2670 http cache package-manager-detector@https://registry.npmjs.org/package-manager-detector/-/package-manager-detector-1.8.0.tgz 0ms (cache hit)
2671 http cache p-queue@https://registry.npmjs.org/p-queue/-/p-queue-9.3.3.tgz 0ms (cache hit)
2672 http cache p-limit@https://registry.npmjs.org/p-limit/-/p-limit-7.3.3.tgz 0ms (cache hit)
2673 http cache obug@https://registry.npmjs.org/obug/-/obug-3.0.0.tgz 0ms (cache hit)
2674 http cache neotraverse@https://registry.npmjs.org/neotraverse/-/neotraverse-1.0.1.tgz 0ms (cache hit)
2675 http cache mrmime@https://registry.npmjs.org/mrmime/-/mrmime-2.0.1.tgz 0ms (cache hit)
2676 http cache js-yaml@https://registry.npmjs.org/js-yaml/-/js-yaml-4.3.2.tgz 0ms (cache hit)
2677 http cache magicast@https://registry.npmjs.org/magicast/-/magicast-0.5.5.tgz 0ms (cache hit)
2678 http cache jsonc-parser@https://registry.npmjs.org/jsonc-parser/-/jsonc-parser-3.3.1.tgz 0ms (cache hit)
2679 http cache magic-string@https://registry.npmjs.org/magic-string/-/magic-string-1.4.2.tgz 0ms (cache hit)
2680 http cache http-cache-semantics@https://registry.npmjs.org/http-cache-semantics/-/http-cache-semantics-4.2.0.tgz 0ms (cache hit)
2681 http cache html-escaper@https://registry.npmjs.org/html-escaper/-/html-escaper-3.0.3.tgz 0ms (cache hit)
2682 http cache github-slugger@https://registry.npmjs.org/github-slugger/-/github-slugger-2.0.0.tgz 0ms (cache hit)
2683 http cache fontace@https://registry.npmjs.org/fontace/-/fontace-0.4.1.tgz 0ms (cache hit)
2684 http cache get-tsconfig@https://registry.npmjs.org/get-tsconfig/-/get-tsconfig-5.0.0-beta.4.tgz 0ms (cache hit)
2685 http cache flattie@https://registry.npmjs.org/flattie/-/flattie-1.1.1.tgz 0ms (cache hit)
2686 http cache find-proc@https://registry.npmjs.org/find-proc/-/find-proc-0.2.0.tgz 0ms (cache hit)
2687 http cache es-module-lexer@https://registry.npmjs.org/es-module-lexer/-/es-module-lexer-2.3.2.tgz 0ms (cache hit)
2688 http cache dset@https://registry.npmjs.org/dset/-/dset-3.1.4.tgz 0ms (cache hit)
2689 http cache diff@https://registry.npmjs.org/diff/-/diff-9.0.0.tgz 0ms (cache hit)
2690 http cache devalue@https://registry.npmjs.org/devalue/-/devalue-5.9.4.tgz 0ms (cache hit)
2691 http cache esbuild@https://registry.npmjs.org/esbuild/-/esbuild-0.28.2.tgz 0ms (cache hit)
2692 http cache cookie@https://registry.npmjs.org/cookie/-/cookie-2.0.1.tgz 0ms (cache hit)
2693 http cache common-ancestor-path@https://registry.npmjs.org/common-ancestor-path/-/common-ancestor-path-2.0.0.tgz 0ms (cache hit)
2694 http cache clsx@https://registry.npmjs.org/clsx/-/clsx-2.1.1.tgz 0ms (cache hit)
2695 http cache ci-info@https://registry.npmjs.org/ci-info/-/ci-info-4.4.0.tgz 0ms (cache hit)
2696 http cache axobject-query@https://registry.npmjs.org/axobject-query/-/axobject-query-4.1.0.tgz 0ms (cache hit)
2697 http cache am-i-vibing@https://registry.npmjs.org/am-i-vibing/-/am-i-vibing-0.4.0.tgz 0ms (cache hit)
2698 http cache aria-query@https://registry.npmjs.org/aria-query/-/aria-query-5.3.2.tgz 0ms (cache hit)
2699 http cache @oslojs/encoding@https://registry.npmjs.org/@oslojs/encoding/-/encoding-1.1.0.tgz 0ms (cache hit)
2700 http cache @clack/prompts@https://registry.npmjs.org/@clack/prompts/-/prompts-1.8.1.tgz 0ms (cache hit)
2701 http cache @capsizecss/unpack@https://registry.npmjs.org/@capsizecss/unpack/-/unpack-4.0.1.tgz 0ms (cache hit)
2702 http cache @astrojs/markdown-satteri@https://registry.npmjs.org/@astrojs/markdown-satteri/-/markdown-satteri-0.4.2.tgz 0ms (cache hit)
2703 http cache @astrojs/telemetry@https://registry.npmjs.org/@astrojs/telemetry/-/telemetry-3.3.3.tgz 0ms (cache hit)
2704 http cache @astrojs/internal-helpers@https://registry.npmjs.org/@astrojs/internal-helpers/-/internal-helpers-0.11.0.tgz 0ms (cache hit)
2705 http cache postcss@https://registry.npmjs.org/postcss/-/postcss-8.5.28.tgz 0ms (cache hit)
2706 http cache @astrojs/compiler-rs@https://registry.npmjs.org/@astrojs/compiler-rs/-/compiler-rs-0.5.1.tgz 0ms (cache hit)
2707 http cache postcss-load-config@https://registry.npmjs.org/postcss-load-config/-/postcss-load-config-4.0.2.tgz 0ms (cache hit)
2708 http cache tailwindcss@https://registry.npmjs.org/tailwindcss/-/tailwindcss-3.4.19.tgz 0ms (cache hit)
2709 http cache autoprefixer@https://registry.npmjs.org/autoprefixer/-/autoprefixer-10.6.1.tgz 0ms (cache hit)
2710 http cache astro@https://registry.npmjs.org/astro/-/astro-7.3.5.tgz 0ms (cache hit)
2711 http cache @astrojs/tailwind@https://registry.npmjs.org/@astrojs/tailwind/-/tailwind-6.0.2.tgz 0ms (cache hit)
2712 http cache picomatch@https://registry.npmjs.org/picomatch/-/picomatch-2.3.2.tgz 0ms (cache hit)
2713 http cache commander@https://registry.npmjs.org/commander/-/commander-4.1.1.tgz 0ms (cache hit)
2714 http cache glob-parent@https://registry.npmjs.org/glob-parent/-/glob-parent-5.1.2.tgz 0ms (cache hit)
2715 http cache picomatch@https://registry.npmjs.org/picomatch/-/picomatch-2.3.2.tgz 0ms (cache hit)
2716 http cache picomatch@https://registry.npmjs.org/picomatch/-/picomatch-2.3.2.tgz 0ms (cache hit)
2717 http cache css-tree@https://registry.npmjs.org/css-tree/-/css-tree-2.2.1.tgz 0ms (cache hit)
2718 http cache glob-parent@https://registry.npmjs.org/glob-parent/-/glob-parent-5.1.2.tgz 0ms (cache hit)
2719 http cache mdn-data@https://registry.npmjs.org/mdn-data/-/mdn-data-2.0.28.tgz 0ms (cache hit)
2720 http cache @emnapi/runtime@https://registry.npmjs.org/@emnapi/runtime/-/runtime-1.11.1.tgz 0ms (cache hit)
2721 http cache @emnapi/core@https://registry.npmjs.org/@emnapi/core/-/core-1.11.1.tgz 0ms (cache hit)
2722 http cache @emnapi/wasi-threads@https://registry.npmjs.org/@emnapi/wasi-threads/-/wasi-threads-1.2.2.tgz 0ms (cache hit)
2723 http cache chokidar@https://registry.npmjs.org/chokidar/-/chokidar-5.0.0.tgz 0ms (cache hit)
2724 http cache readdirp@https://registry.npmjs.org/readdirp/-/readdirp-5.1.1.tgz 0ms (cache hit)
2725 http cache anymatch@https://registry.npmjs.org/anymatch/-/anymatch-3.1.3.tgz 0ms (cache hit)
2726 silly tarball no local data for @rolldown/binding-linux-x64-gnu@https://registry.npmjs.org/@rolldown/binding-linux-x64-gnu/-/binding-linux-x64-gnu-1.2.12.tgz. Extracting by manifest.
2727 silly tarball no local data for rolldown@https://registry.npmjs.org/rolldown/-/rolldown-1.2.12.tgz. Extracting by manifest.
2728 silly tarball no local data for @oxc-project/types@https://registry.npmjs.org/@oxc-project/types/-/types-0.152.0.tgz. Extracting by manifest.
2729 silly tarball no local data for yaml@https://registry.npmjs.org/yaml/-/yaml-2.9.1.tgz. Extracting by manifest.
2730 silly tarball no local data for electron-to-chromium@https://registry.npmjs.org/electron-to-chromium/-/electron-to-chromium-1.5.443.tgz. Extracting by manifest.
2731 silly tarball no local data for caniuse-lite@https://registry.npmjs.org/caniuse-lite/-/caniuse-lite-1.0.30001814.tgz. Extracting by manifest.
2732 silly tarball no local data for postcss-load-config@https://registry.npmjs.org/postcss-load-config/-/postcss-load-config-4.0.2.tgz. Extracting by manifest.
2733 silly tarball no local data for @astrojs/tailwind@https://registry.npmjs.org/@astrojs/tailwind/-/tailwind-6.0.2.tgz. Extracting by manifest.
2734 http fetch POST 200 https://registry.npmjs.org/-/npm/v1/security/advisories/bulk 1295ms
2735 silly audit report {}
2736 http fetch GET 200 https://registry.npmjs.org/@oxc-project/types/-/types-0.152.0.tgz 1566ms (cache miss)
2737 http fetch GET 200 https://registry.npmjs.org/postcss-load-config/-/postcss-load-config-4.0.2.tgz 1569ms (cache miss)
2738 http fetch GET 200 https://registry.npmjs.org/@astrojs/tailwind/-/tailwind-6.0.2.tgz 1615ms (cache miss)
2739 http fetch GET 200 https://registry.npmjs.org/electron-to-chromium/-/electron-to-chromium-1.5.443.tgz 1730ms (cache miss)
2740 http fetch GET 200 https://registry.npmjs.org/rolldown/-/rolldown-1.2.12.tgz 2154ms (cache miss)
2741 http fetch GET 200 https://registry.npmjs.org/yaml/-/yaml-2.9.1.tgz 3039ms (cache miss)
2742 http fetch GET 200 https://registry.npmjs.org/@rolldown/binding-linux-x64-gnu/-/binding-linux-x64-gnu-1.2.12.tgz 3055ms (cache miss)
2743 http fetch GET 200 https://registry.npmjs.org/caniuse-lite/-/caniuse-lite-1.0.30001814.tgz 3491ms (cache miss)
2744 info run esbuild@0.28.2 postinstall node_modules/esbuild node install.js
2745 info run esbuild@0.28.2 postinstall { code: 0, signal: null }
2746 silly ADD node_modules/@rolldown/pluginutils
2747 silly ADD
2748 silly ADD
2749 silly ADD
2750 silly ADD
2751 silly ADD node_modules/@rolldown/binding-linux-x64-gnu
2752 silly ADD
2753 silly ADD
2754 silly ADD
2755 silly ADD
2756 silly ADD
2757 silly ADD
2758 silly ADD
2759 silly ADD
2760 silly ADD
2761 silly ADD
2762 silly ADD node_modules/@oxc-project/types
2763 silly ADD
2764 silly ADD
2765 silly ADD
2766 silly ADD node_modules/lightningcss-linux-x64-gnu
2767 silly ADD
2768 silly ADD
2769 silly ADD
2770 silly ADD
2771 silly ADD
2772 silly ADD
2773 silly ADD
2774 silly ADD node_modules/rolldown
2775 silly ADD node_modules/lightningcss
2776 silly ADD node_modules/unist-util-stringify-position
2777 silly ADD node_modules/vfile-message
2778 silly ADD node_modules/escalade
2779 silly ADD node_modules/uncrypto
2780 silly ADD node_modules/radix3
2781 silly ADD node_modules/node-mock-http
2782 silly ADD node_modules/iron-webcrypto
2783 silly ADD node_modules/defu
2784 silly ADD node_modules/crossws
2785 silly ADD node_modules/cookie-es
2786 silly ADD node_modules/ufo
2787 silly ADD node_modules/ofetch
2788 silly ADD node_modules/node-fetch-native
2789 silly ADD node_modules/lru-cache
2790 silly ADD node_modules/h3
2791 silly ADD node_modules/destr
2792 silly ADD node_modules/unist-util-visit-parents
2793 silly ADD node_modules/unist-util-is
2794 silly ADD node_modules/undici
2795 silly ADD node_modules/ohash
2796 silly ADD node_modules/trough
2797 silly ADD node_modules/is-plain-obj
2798 silly ADD node_modules/extend
2799 silly ADD node_modules/bail
2800 silly ADD node_modules/is-number
2801 silly ADD node_modules/fdir
2802 silly ADD node_modules/thenify
2803 silly ADD node_modules/thenify-all
2804 silly ADD node_modules/object-assign
2805 silly ADD node_modules/any-promise
2806 silly ADD node_modules/@jridgewell/resolve-uri
2807 silly ADD node_modules/@jridgewell/trace-mapping
2808 silly ADD node_modules/ts-interface-checker
2809 silly ADD node_modules/pirates
2810 silly ADD node_modules/mz
2811 silly ADD node_modules/lines-and-columns
2812 silly ADD node_modules/@jridgewell/gen-mapping
2813 silly ADD node_modules/queue-microtask
2814 silly ADD node_modules/function-bind
2815 silly ADD node_modules/hasown
2816 silly ADD node_modules/supports-preserve-symlinks-flag
2817 silly ADD node_modules/path-parse
2818 silly ADD node_modules/is-core-module
2819 silly ADD node_modules/es-errors
2820 silly ADD node_modules/util-deprecate
2821 silly ADD node_modules/cssesc
2822 silly ADD node_modules/camelcase-css
2823 silly ADD node_modules/read-cache
2824 silly ADD node_modules/is-extglob
2825 silly ADD node_modules/binary-extensions
2826 silly ADD node_modules/to-regex-range
2827 silly ADD node_modules/reusify
2828 silly ADD node_modules/run-parallel
2829 silly ADD node_modules/fastq
2830 silly ADD node_modules/@nodelib/fs.scandir
2831 silly ADD node_modules/merge2
2832 silly ADD node_modules/@nodelib/fs.walk
2833 silly ADD node_modules/@nodelib/fs.stat
2834 silly ADD node_modules/fill-range
2835 silly ADD node_modules/readdirp
2836 silly ADD node_modules/readdirp/node_modules/picomatch
2837 silly ADD node_modules/is-binary-path
2838 silly ADD
2839 silly ADD node_modules/braces
2840 silly ADD node_modules/anymatch
2841 silly ADD node_modules/anymatch/node_modules/picomatch
2842 silly ADD node_modules/sucrase
2843 silly ADD node_modules/sucrase/node_modules/commander
2844 silly ADD node_modules/resolve
2845 silly ADD node_modules/postcss-selector-parser
2846 silly ADD node_modules/postcss-nested
2847 silly ADD node_modules/postcss-js
2848 silly ADD node_modules/postcss-import
2849 silly ADD node_modules/object-hash
2850 silly ADD node_modules/normalize-path
2851 silly ADD node_modules/micromatch
2852 silly ADD node_modules/micromatch/node_modules/picomatch
2853 silly ADD node_modules/jiti
2854 silly ADD node_modules/is-glob
2855 silly ADD node_modules/glob-parent
2856 silly ADD node_modules/fast-glob
2857 silly ADD node_modules/fast-glob/node_modules/glob-parent
2858 silly ADD node_modules/dlv
2859 silly ADD node_modules/didyoumean
2860 silly ADD node_modules/chokidar
2861 silly ADD node_modules/chokidar/node_modules/glob-parent
2862 silly ADD node_modules/arg
2863 silly ADD node_modules/@alloc/quick-lru
2864 silly ADD node_modules/entities
2865 silly ADD node_modules/dom-serializer
2866 silly ADD node_modules/domelementtype
2867 silly ADD node_modules/mdn-data
2868 silly ADD node_modules/nth-check
2869 silly ADD node_modules/domutils
2870 silly ADD node_modules/domhandler
2871 silly ADD node_modules/boolbase
2872 silly ADD node_modules/sax
2873 silly ADD node_modules/csso
2874 silly ADD node_modules/csso/node_modules/mdn-data
2875 silly ADD node_modules/csso/node_modules/css-tree
2876 silly ADD node_modules/css-what
2877 silly ADD node_modules/css-tree
2878 silly ADD node_modules/css-select
2879 silly ADD node_modules/commander
2880 silly ADD node_modules/character-entities-legacy
2881 silly ADD node_modules/character-entities-html4
2882 silly ADD node_modules/regex-utilities
2883 silly ADD node_modules/regex-recursion
2884 silly ADD node_modules/regex
2885 silly ADD node_modules/oniguruma-parser
2886 silly ADD node_modules/micromark-util-types
2887 silly ADD node_modules/micromark-util-symbol
2888 silly ADD node_modules/micromark-util-encode
2889 silly ADD node_modules/micromark-util-character
2890 silly ADD node_modules/dequal
2891 silly ADD node_modules/vfile
2892 silly ADD node_modules/unist-util-position
2893 silly ADD node_modules/trim-lines
2894 silly ADD node_modules/micromark-util-sanitize-uri
2895 silly ADD node_modules/devlop
2896 silly ADD node_modules/@ungap/structured-clone
2897 silly ADD node_modules/zwitch
2898 silly ADD node_modules/stringify-entities
2899 silly ADD node_modules/space-separated-tokens
2900 silly ADD node_modules/property-information
2901 silly ADD node_modules/mdast-util-to-hast
2902 silly ADD node_modules/html-void-elements
2903 silly ADD node_modules/hast-util-whitespace
2904 silly ADD node_modules/comma-separated-tokens
2905 silly ADD node_modules/ccount
2906 silly ADD node_modules/oniguruma-to-es
2907 silly ADD node_modules/hast-util-to-html
2908 silly ADD node_modules/@shikijs/primitive
2909 silly ADD node_modules/@shikijs/vscode-textmate
2910 silly ADD node_modules/@shikijs/types
2911 silly ADD node_modules/@shikijs/themes
2912 silly ADD node_modules/@shikijs/langs
2913 silly ADD node_modules/@shikijs/engine-oniguruma
2914 silly ADD node_modules/@shikijs/engine-javascript
2915 silly ADD node_modules/@shikijs/core
2916 silly ADD node_modules/@img/sharp-wasm32
2917 silly ADD node_modules/semver
2918 silly ADD node_modules/detect-libc
2919 silly ADD
2920 silly ADD
2921 silly ADD
2922 silly ADD
2923 silly ADD
2924 silly ADD
2925 silly ADD node_modules/@img/sharp-linux-x64
2926 silly ADD
2927 silly ADD
2928 silly ADD
2929 silly ADD
2930 silly ADD
2931 silly ADD
2932 silly ADD
2933 silly ADD node_modules/@img/sharp-libvips-linux-x64
2934 silly ADD
2935 silly ADD
2936 silly ADD
2937 silly ADD
2938 silly ADD
2939 silly ADD
2940 silly ADD
2941 silly ADD
2942 silly ADD
2943 silly ADD
2944 silly ADD node_modules/@img/colour
2945 silly ADD node_modules/@types/estree
2946 silly ADD node_modules/@types/estree-jsx
2947 silly ADD
2948 silly ADD
2949 silly ADD
2950 silly ADD node_modules/@emnapi/wasi-threads
2951 silly ADD node_modules/@emnapi/runtime
2952 silly ADD node_modules/@emnapi/core
2953 silly ADD
2954 silly ADD node_modules/@bruits/satteri-linux-x64-gnu
2955 silly ADD
2956 silly ADD
2957 silly ADD
2958 silly ADD
2959 silly ADD node_modules/unist-util-visit
2960 silly ADD node_modules/nlcst-to-string
2961 silly ADD node_modules/@types/nlcst
2962 silly ADD node_modules/yaml
2963 silly ADD node_modules/lilconfig
2964 silly ADD node_modules/nanoid
2965 silly ADD node_modules/p-timeout
2966 silly ADD node_modules/eventemitter3
2967 silly ADD node_modules/yocto-queue
2968 silly ADD node_modules/@babel/helper-validator-identifier
2969 silly ADD node_modules/@babel/helper-string-parser
2970 silly ADD node_modules/source-map-js
2971 silly ADD node_modules/@babel/types
2972 silly ADD node_modules/@babel/parser
2973 silly ADD node_modules/@jridgewell/sourcemap-codec
2974 silly ADD node_modules/argparse
2975 silly ADD node_modules/resolve-pkg-maps
2976 silly ADD node_modules/tiny-inflate
2977 silly ADD node_modules/fast-string-truncated-width
2978 silly ADD
2979 silly ADD
2980 silly ADD
2981 silly ADD
2982 silly ADD
2983 silly ADD
2984 silly ADD
2985 silly ADD
2986 silly ADD
2987 silly ADD node_modules/@esbuild/linux-x64
2988 silly ADD
2989 silly ADD
2990 silly ADD
2991 silly ADD
2992 silly ADD
2993 silly ADD
2994 silly ADD
2995 silly ADD
2996 silly ADD
2997 silly ADD
2998 silly ADD
2999 silly ADD
3000 silly ADD
3001 silly ADD
3002 silly ADD
3003 silly ADD
3004 silly ADD node_modules/update-browserslist-db
3005 silly ADD node_modules/node-releases
3006 silly ADD node_modules/electron-to-chromium
3007 silly ADD node_modules/baseline-browser-mapping
3008 silly ADD node_modules/postcss-value-parser
3009 silly ADD node_modules/picocolors
3010 silly ADD node_modules/fraction.js
3011 silly ADD node_modules/caniuse-lite
3012 silly ADD node_modules/browserslist
3013 silly ADD node_modules/process-ancestry
3014 silly ADD node_modules/@types/unist
3015 silly ADD node_modules/@tybys/wasm-util
3016 silly ADD node_modules/tslib
3017 silly ADD node_modules/@emnapi/wasi-threads
3018 silly ADD node_modules/sisteransi
3019 silly ADD node_modules/fast-wrap-ansi
3020 silly ADD node_modules/fast-string-width
3021 silly ADD node_modules/@clack/core
3022 silly ADD node_modules/fontkitten
3023 silly ADD node_modules/is-docker
3024 silly ADD node_modules/prismjs
3025 silly ADD node_modules/satteri
3026 silly ADD node_modules/@astrojs/prism
3027 silly ADD node_modules/unified
3028 silly ADD node_modules/retext-smartypants
3029 silly ADD node_modules/@types/mdast
3030 silly ADD node_modules/@types/hast
3031 silly ADD node_modules/@napi-rs/wasm-runtime
3032 silly ADD node_modules/@emnapi/runtime
3033 silly ADD node_modules/@emnapi/core
3034 silly ADD
3035 silly ADD
3036 silly ADD
3037 silly ADD
3038 silly ADD node_modules/@astrojs/compiler-binding-linux-x64-gnu
3039 silly ADD
3040 silly ADD
3041 silly ADD
3042 silly ADD
3043 silly ADD
3044 silly ADD node_modules/@astrojs/compiler-binding
3045 silly ADD node_modules/zod
3046 silly ADD node_modules/yargs-parser
3047 silly ADD node_modules/xxhash-wasm
3048 silly ADD node_modules/vitefu
3049 silly ADD node_modules/vite
3050 silly ADD node_modules/verkit
3051 silly ADD node_modules/unstorage
3052 silly ADD node_modules/unstorage/node_modules/readdirp
3053 silly ADD node_modules/unstorage/node_modules/chokidar
3054 silly ADD node_modules/unifont
3055 silly ADD node_modules/ultrahtml
3056 silly ADD node_modules/tinyglobby
3057 silly ADD node_modules/tinyexec
3058 silly ADD node_modules/tinyclip
3059 silly ADD node_modules/svgo
3060 silly ADD node_modules/smol-toml
3061 silly ADD node_modules/shiki
3062 silly ADD node_modules/sharp
3063 silly ADD node_modules/picomatch
3064 silly ADD node_modules/piccolore
3065 silly ADD node_modules/package-manager-detector
3066 silly ADD node_modules/p-queue
3067 silly ADD node_modules/p-limit
3068 silly ADD node_modules/obug
3069 silly ADD node_modules/neotraverse
3070 silly ADD node_modules/mrmime
3071 silly ADD node_modules/magicast
3072 silly ADD node_modules/magic-string
3073 silly ADD node_modules/jsonc-parser
3074 silly ADD node_modules/js-yaml
3075 silly ADD node_modules/http-cache-semantics
3076 silly ADD node_modules/html-escaper
3077 silly ADD node_modules/github-slugger
3078 silly ADD node_modules/get-tsconfig
3079 silly ADD node_modules/fontace
3080 silly ADD node_modules/flattie
3081 silly ADD node_modules/find-proc
3082 silly ADD node_modules/esbuild
3083 silly ADD node_modules/es-module-lexer
3084 silly ADD node_modules/dset
3085 silly ADD node_modules/diff
3086 silly ADD node_modules/devalue
3087 silly ADD node_modules/cookie
3088 silly ADD node_modules/common-ancestor-path
3089 silly ADD node_modules/clsx
3090 silly ADD node_modules/ci-info
3091 silly ADD node_modules/axobject-query
3092 silly ADD node_modules/aria-query
3093 silly ADD node_modules/am-i-vibing
3094 silly ADD node_modules/@oslojs/encoding
3095 silly ADD node_modules/@clack/prompts
3096 silly ADD node_modules/@capsizecss/unpack
3097 silly ADD node_modules/@astrojs/telemetry
3098 silly ADD node_modules/@astrojs/markdown-satteri
3099 silly ADD node_modules/@astrojs/internal-helpers
3100 silly ADD node_modules/@astrojs/compiler-rs
3101 silly ADD node_modules/postcss-load-config
3102 silly ADD node_modules/postcss
3103 silly ADD node_modules/autoprefixer
3104 silly ADD node_modules/tailwindcss
3105 silly ADD node_modules/astro
3106 silly ADD node_modules/@astrojs/tailwind
3107 verbose cwd /root/catalogo-oficial
3108 verbose os Linux 7.0.0-31-generic
3109 verbose node v22.23.3
3110 verbose npm  v10.9.9
3111 verbose exit 0
3112 info ok
