0 verbose cli /usr/bin/node /usr/lib/node_modules/npm/bin/npm-cli.js
1 info using npm@10.9.9
2 info using node@v22.23.3
3 silly config load:file:/usr/lib/node_modules/npm/npmrc
4 silly config load:file:/root/.npmrc
5 silly config load:file:/usr/etc/npmrc
6 verbose title npm exec astro dev --host 0.0.0.0
7 verbose argv "exec" "--" "astro" "dev" "--host" "0.0.0.0"
8 verbose logfile logs-max:10 dir:/root/.npm/_logs/2026-09-30T14_16_00_354Z-
9 verbose logfile /root/.npm/_logs/2026-09-30T14_16_00_354Z-debug-0.log
10 silly logfile start cleaning logs, removing 1 files
11 silly logfile done cleaning log files
12 silly packumentCache heap:2197815296 maxSize:549453824 maxEntrySize:274726912
13 http fetch GET 200 https://registry.npmjs.org/astro 260ms (cache miss)
14 silly packumentCache heap:2197815296 maxSize:549453824 maxEntrySize:274726912
15 silly packumentCache heap:2197815296 maxSize:549453824 maxEntrySize:274726912
16 silly idealTree buildDeps
17 silly fetch manifest astro@7.3.5
18 silly packumentCache full:https://registry.npmjs.org/astro cache-miss
19 http fetch GET 200 https://registry.npmjs.org/astro 255ms (cache revalidated)
20 silly packumentCache full:https://registry.npmjs.org/astro set size:9521149 disposed:false
21 silly fetch manifest @astrojs/markdown-remark@^7.3.0
22 silly packumentCache full:https://registry.npmjs.org/@astrojs%2fmarkdown-remark cache-miss
23 http fetch GET 200 https://registry.npmjs.org/@astrojs%2fmarkdown-remark 41ms (cache revalidated)
24 silly packumentCache full:https://registry.npmjs.org/@astrojs%2fmarkdown-remark set size:615385 disposed:false
25 silly placeDep ROOT astro@7.3.5 OK for:  want: 7.3.5
26 silly fetch manifest zod@^4.5.4
27 silly packumentCache full:https://registry.npmjs.org/zod cache-miss
28 silly fetch manifest clsx@^2.1.1
29 silly packumentCache full:https://registry.npmjs.org/clsx cache-miss
30 silly fetch manifest diff@^9.0.0
31 silly packumentCache full:https://registry.npmjs.org/diff cache-miss
32 http fetch GET 200 https://registry.npmjs.org/clsx 39ms (cache revalidated)
33 silly packumentCache full:https://registry.npmjs.org/clsx set size:42531 disposed:false
34 silly fetch manifest dset@^3.1.4
35 silly packumentCache full:https://registry.npmjs.org/dset cache-miss
36 http fetch GET 200 https://registry.npmjs.org/diff 65ms (cache revalidated)
37 silly packumentCache full:https://registry.npmjs.org/diff set size:154400 disposed:false
38 silly fetch manifest obug@^3.0.0
39 silly packumentCache full:https://registry.npmjs.org/obug cache-miss
40 http fetch GET 200 https://registry.npmjs.org/dset 30ms (cache revalidated)
41 silly packumentCache full:https://registry.npmjs.org/dset set size:33440 disposed:false
42 silly fetch manifest svgo@^4.1.0
43 silly packumentCache full:https://registry.npmjs.org/svgo cache-miss
44 http fetch GET 200 https://registry.npmjs.org/zod 89ms (cache revalidated)
45 silly packumentCache full:https://registry.npmjs.org/zod set size:4166672 disposed:false
46 silly fetch manifest vite@^8.0.13
47 silly packumentCache full:https://registry.npmjs.org/vite cache-miss
48 http fetch GET 200 https://registry.npmjs.org/obug 64ms (cache revalidated)
49 silly packumentCache full:https://registry.npmjs.org/obug set size:59677 disposed:false
50 silly fetch manifest shiki@^4.0.2
51 silly packumentCache full:https://registry.npmjs.org/shiki cache-miss
52 http fetch GET 200 https://registry.npmjs.org/svgo 65ms (cache revalidated)
53 silly packumentCache full:https://registry.npmjs.org/svgo set size:329744 disposed:false
54 silly fetch manifest cookie@^2.0.1
55 silly packumentCache full:https://registry.npmjs.org/cookie cache-miss
56 http fetch GET 200 https://registry.npmjs.org/cookie 43ms (cache revalidated)
57 silly packumentCache full:https://registry.npmjs.org/cookie set size:78274 disposed:false
58 silly fetch manifest mrmime@^2.0.1
59 silly packumentCache full:https://registry.npmjs.org/mrmime cache-miss
60 http fetch GET 200 https://registry.npmjs.org/shiki 58ms (cache revalidated)
61 silly packumentCache full:https://registry.npmjs.org/shiki set size:632790 disposed:false
62 silly fetch manifest verkit@^0.4.0
63 silly packumentCache full:https://registry.npmjs.org/verkit cache-miss
64 http fetch GET 200 https://registry.npmjs.org/mrmime 37ms (cache revalidated)
65 silly packumentCache full:https://registry.npmjs.org/mrmime set size:17044 disposed:false
66 silly fetch manifest vitefu@^1.1.2
67 silly packumentCache full:https://registry.npmjs.org/vitefu cache-miss
68 http fetch GET 200 https://registry.npmjs.org/vite 186ms (cache revalidated)
69 silly packumentCache full:https://registry.npmjs.org/vite set size:38950704 disposed:false
70 silly fetch manifest ci-info@^4.4.0
71 silly packumentCache full:https://registry.npmjs.org/ci-info cache-miss
72 http fetch GET 200 https://registry.npmjs.org/verkit 678ms (cache revalidated)
73 silly packumentCache full:https://registry.npmjs.org/verkit set size:37460 disposed:false
74 silly fetch manifest devalue@^5.8.1
75 silly packumentCache full:https://registry.npmjs.org/devalue cache-miss
76 http fetch GET 200 https://registry.npmjs.org/ci-info 33ms (cache revalidated)
77 silly packumentCache full:https://registry.npmjs.org/ci-info set size:91363 disposed:false
78 silly fetch manifest esbuild@^0.28.0
79 silly packumentCache full:https://registry.npmjs.org/esbuild cache-miss
80 http fetch GET 200 https://registry.npmjs.org/devalue 32ms (cache revalidated)
81 silly packumentCache full:https://registry.npmjs.org/devalue set size:138949 disposed:false
82 silly fetch manifest flattie@^1.1.1
83 silly packumentCache full:https://registry.npmjs.org/flattie cache-miss
84 http fetch GET 200 https://registry.npmjs.org/flattie 23ms (cache revalidated)
85 silly packumentCache full:https://registry.npmjs.org/flattie set size:13792 disposed:false
86 silly fetch manifest fontace@~0.4.1
87 silly packumentCache full:https://registry.npmjs.org/fontace cache-miss
88 http fetch GET 200 https://registry.npmjs.org/esbuild 37ms (cache revalidated)
89 silly packumentCache full:https://registry.npmjs.org/esbuild set size:1264676 disposed:false
90 silly fetch manifest js-yaml@^4.3.2
91 silly packumentCache full:https://registry.npmjs.org/js-yaml cache-miss
92 http fetch GET 200 https://registry.npmjs.org/fontace 39ms (cache revalidated)
93 silly packumentCache full:https://registry.npmjs.org/fontace set size:23186 disposed:false
94 silly fetch manifest p-limit@^7.3.0
95 silly packumentCache full:https://registry.npmjs.org/p-limit cache-miss
96 http fetch GET 200 https://registry.npmjs.org/js-yaml 28ms (cache revalidated)
97 silly packumentCache full:https://registry.npmjs.org/js-yaml set size:198692 disposed:false
98 silly fetch manifest p-queue@^9.1.0
99 silly packumentCache full:https://registry.npmjs.org/p-queue cache-miss
100 http fetch GET 200 https://registry.npmjs.org/p-limit 20ms (cache revalidated)
101 silly packumentCache full:https://registry.npmjs.org/p-limit set size:68604 disposed:false
102 silly fetch manifest unifont@~0.7.5
103 silly packumentCache full:https://registry.npmjs.org/unifont cache-miss
104 http fetch GET 200 https://registry.npmjs.org/p-queue 23ms (cache revalidated)
105 silly packumentCache full:https://registry.npmjs.org/p-queue set size:187782 disposed:false
106 silly fetch manifest magicast@^0.5.2
107 silly packumentCache full:https://registry.npmjs.org/magicast cache-miss
108 http fetch GET 200 https://registry.npmjs.org/unifont 21ms (cache revalidated)
109 silly packumentCache full:https://registry.npmjs.org/unifont set size:77164 disposed:false
110 silly fetch manifest tinyclip@^1.0.1
111 silly packumentCache full:https://registry.npmjs.org/tinyclip cache-miss
112 http fetch GET 200 https://registry.npmjs.org/tinyclip 23ms (cache revalidated)
113 silly packumentCache full:https://registry.npmjs.org/tinyclip set size:29429 disposed:false
114 silly fetch manifest tinyexec@^1.0.4
115 silly packumentCache full:https://registry.npmjs.org/tinyexec cache-miss
116 http fetch GET 200 https://registry.npmjs.org/magicast 34ms (cache revalidated)
117 silly packumentCache full:https://registry.npmjs.org/magicast set size:90121 disposed:false
118 silly fetch manifest find-proc@0.2.0
119 silly packumentCache full:https://registry.npmjs.org/find-proc cache-miss
120 http fetch GET 200 https://registry.npmjs.org/vitefu 866ms (cache revalidated)
121 silly packumentCache full:https://registry.npmjs.org/vitefu set size:46970 disposed:false
122 silly fetch manifest piccolore@^0.1.3
123 silly packumentCache full:https://registry.npmjs.org/piccolore cache-miss
124 http fetch GET 200 https://registry.npmjs.org/tinyexec 43ms (cache revalidated)
125 silly packumentCache full:https://registry.npmjs.org/tinyexec set size:68252 disposed:false
126 silly fetch manifest picomatch@^4.0.4
127 silly packumentCache full:https://registry.npmjs.org/picomatch cache-miss
128 http fetch GET 200 https://registry.npmjs.org/find-proc 42ms (cache revalidated)
129 silly packumentCache full:https://registry.npmjs.org/find-proc set size:8150 disposed:false
130 silly fetch manifest smol-toml@^1.8.0
131 silly packumentCache full:https://registry.npmjs.org/smol-toml cache-miss
132 http fetch GET 200 https://registry.npmjs.org/piccolore 34ms (cache revalidated)
133 silly packumentCache full:https://registry.npmjs.org/piccolore set size:8640 disposed:false
134 silly fetch manifest ultrahtml@^1.6.0
135 silly packumentCache full:https://registry.npmjs.org/ultrahtml cache-miss
136 http fetch GET 200 https://registry.npmjs.org/picomatch 30ms (cache revalidated)
137 silly packumentCache full:https://registry.npmjs.org/picomatch set size:134451 disposed:false
138 silly fetch manifest unstorage@^1.17.5
139 silly packumentCache full:https://registry.npmjs.org/unstorage cache-miss
140 http fetch GET 200 https://registry.npmjs.org/smol-toml 30ms (cache revalidated)
141 silly packumentCache full:https://registry.npmjs.org/smol-toml set size:104544 disposed:false
142 silly fetch manifest aria-query@^5.3.2
143 silly packumentCache full:https://registry.npmjs.org/aria-query cache-miss
144 http fetch GET 200 https://registry.npmjs.org/ultrahtml 32ms (cache revalidated)
145 silly packumentCache full:https://registry.npmjs.org/ultrahtml set size:122052 disposed:false
146 silly fetch manifest tinyglobby@^0.2.15
147 silly packumentCache full:https://registry.npmjs.org/tinyglobby cache-miss
148 http fetch GET 200 https://registry.npmjs.org/unstorage 34ms (cache revalidated)
149 silly packumentCache full:https://registry.npmjs.org/unstorage set size:362113 disposed:false
150 silly fetch manifest am-i-vibing@^0.4.0
151 silly packumentCache full:https://registry.npmjs.org/am-i-vibing cache-miss
152 http fetch GET 200 https://registry.npmjs.org/aria-query 38ms (cache revalidated)
153 silly packumentCache full:https://registry.npmjs.org/aria-query set size:98864 disposed:false
154 silly fetch manifest neotraverse@^1.0.1
155 silly packumentCache full:https://registry.npmjs.org/neotraverse cache-miss
156 http fetch GET 200 https://registry.npmjs.org/tinyglobby 32ms (cache revalidated)
157 silly packumentCache full:https://registry.npmjs.org/tinyglobby set size:54291 disposed:false
158 silly fetch manifest xxhash-wasm@^1.1.0
159 silly packumentCache full:https://registry.npmjs.org/xxhash-wasm cache-miss
160 http fetch GET 200 https://registry.npmjs.org/am-i-vibing 29ms (cache revalidated)
161 silly packumentCache full:https://registry.npmjs.org/am-i-vibing set size:32244 disposed:false
162 silly fetch manifest get-tsconfig@5.0.0-beta.4
163 silly packumentCache full:https://registry.npmjs.org/get-tsconfig cache-miss
164 http fetch GET 200 https://registry.npmjs.org/neotraverse 29ms (cache revalidated)
165 silly packumentCache full:https://registry.npmjs.org/neotraverse set size:63175 disposed:false
166 silly fetch manifest html-escaper@3.0.3
167 silly packumentCache full:https://registry.npmjs.org/html-escaper cache-miss
168 http fetch GET 200 https://registry.npmjs.org/xxhash-wasm 26ms (cache revalidated)
169 silly packumentCache full:https://registry.npmjs.org/xxhash-wasm set size:49853 disposed:false
170 silly fetch manifest jsonc-parser@^3.3.1
171 silly packumentCache full:https://registry.npmjs.org/jsonc-parser cache-miss
172 http fetch GET 200 https://registry.npmjs.org/get-tsconfig 26ms (cache revalidated)
173 silly packumentCache full:https://registry.npmjs.org/get-tsconfig set size:146232 disposed:false
174 silly fetch manifest magic-string@^1.0.0
175 silly packumentCache full:https://registry.npmjs.org/magic-string cache-miss
176 http fetch GET 200 https://registry.npmjs.org/html-escaper 28ms (cache revalidated)
177 silly packumentCache full:https://registry.npmjs.org/html-escaper set size:29853 disposed:false
178 silly fetch manifest yargs-parser@^22.0.0
179 silly packumentCache full:https://registry.npmjs.org/yargs-parser cache-miss
180 http fetch GET 200 https://registry.npmjs.org/jsonc-parser 24ms (cache revalidated)
181 silly packumentCache full:https://registry.npmjs.org/jsonc-parser set size:102715 disposed:false
182 silly fetch manifest @clack/prompts@^1.1.0
183 silly packumentCache full:https://registry.npmjs.org/@clack%2fprompts cache-miss
184 http fetch GET 200 https://registry.npmjs.org/magic-string 33ms (cache revalidated)
185 silly packumentCache full:https://registry.npmjs.org/magic-string set size:368756 disposed:false
186 silly fetch manifest axobject-query@^4.1.0
187 silly packumentCache full:https://registry.npmjs.org/axobject-query cache-miss
188 http fetch GET 200 https://registry.npmjs.org/yargs-parser 43ms (cache revalidated)
189 silly packumentCache full:https://registry.npmjs.org/yargs-parser set size:238681 disposed:false
190 silly fetch manifest github-slugger@^2.0.0
191 silly packumentCache full:https://registry.npmjs.org/github-slugger cache-miss
192 http fetch GET 200 https://registry.npmjs.org/axobject-query 40ms (cache revalidated)
193 silly packumentCache full:https://registry.npmjs.org/axobject-query set size:75032 disposed:false
194 silly fetch manifest es-module-lexer@^2.0.0
195 silly packumentCache full:https://registry.npmjs.org/es-module-lexer cache-miss
196 http fetch GET 200 https://registry.npmjs.org/github-slugger 33ms (cache revalidated)
197 silly packumentCache full:https://registry.npmjs.org/github-slugger set size:31752 disposed:false
198 silly fetch manifest @oslojs/encoding@^1.1.0
199 silly packumentCache full:https://registry.npmjs.org/@oslojs%2fencoding cache-miss
200 http fetch GET 200 https://registry.npmjs.org/@clack%2fprompts 70ms (cache revalidated)
201 silly packumentCache full:https://registry.npmjs.org/@clack%2fprompts set size:182253 disposed:false
202 silly fetch manifest @astrojs/telemetry@3.3.3
203 silly packumentCache full:https://registry.npmjs.org/@astrojs%2ftelemetry cache-miss
204 http fetch GET 200 https://registry.npmjs.org/es-module-lexer 36ms (cache revalidated)
205 silly packumentCache full:https://registry.npmjs.org/es-module-lexer set size:230033 disposed:false
206 silly fetch manifest @capsizecss/unpack@^4.0.0
207 silly packumentCache full:https://registry.npmjs.org/@capsizecss%2funpack cache-miss
208 http fetch GET 200 https://registry.npmjs.org/@astrojs%2ftelemetry 37ms (cache revalidated)
209 silly packumentCache full:https://registry.npmjs.org/@astrojs%2ftelemetry set size:141001 disposed:false
210 silly fetch manifest @astrojs/compiler-rs@^0.5.0
211 silly packumentCache full:https://registry.npmjs.org/@astrojs%2fcompiler-rs cache-miss
212 http fetch GET 200 https://registry.npmjs.org/@oslojs%2fencoding 61ms (cache revalidated)
213 silly packumentCache full:https://registry.npmjs.org/@oslojs%2fencoding set size:16136 disposed:false
214 silly fetch manifest common-ancestor-path@^2.0.0
215 silly packumentCache full:https://registry.npmjs.org/common-ancestor-path cache-miss
216 http fetch GET 200 https://registry.npmjs.org/@capsizecss%2funpack 38ms (cache revalidated)
217 silly packumentCache full:https://registry.npmjs.org/@capsizecss%2funpack set size:113289 disposed:false
218 silly fetch manifest http-cache-semantics@^4.2.0
219 silly packumentCache full:https://registry.npmjs.org/http-cache-semantics cache-miss
220 http fetch GET 200 https://registry.npmjs.org/@astrojs%2fcompiler-rs 37ms (cache revalidated)
221 silly packumentCache full:https://registry.npmjs.org/@astrojs%2fcompiler-rs set size:60996 disposed:false
222 silly fetch manifest package-manager-detector@^1.6.0
223 silly packumentCache full:https://registry.npmjs.org/package-manager-detector cache-miss
224 http fetch GET 200 https://registry.npmjs.org/common-ancestor-path 31ms (cache revalidated)
225 silly packumentCache full:https://registry.npmjs.org/common-ancestor-path set size:8954 disposed:false
226 silly fetch manifest @astrojs/internal-helpers@0.11.0
227 silly packumentCache full:https://registry.npmjs.org/@astrojs%2finternal-helpers cache-miss
228 http fetch GET 200 https://registry.npmjs.org/http-cache-semantics 28ms (cache revalidated)
229 silly packumentCache full:https://registry.npmjs.org/http-cache-semantics set size:66288 disposed:false
230 silly fetch manifest @astrojs/markdown-satteri@0.4.2
231 silly packumentCache full:https://registry.npmjs.org/@astrojs%2fmarkdown-satteri cache-miss
232 http fetch GET 200 https://registry.npmjs.org/package-manager-detector 29ms (cache revalidated)
233 silly packumentCache full:https://registry.npmjs.org/package-manager-detector set size:71217 disposed:false
234 silly fetch manifest sharp@^0.35.4
235 silly packumentCache full:https://registry.npmjs.org/sharp cache-miss
236 http fetch GET 200 https://registry.npmjs.org/@astrojs%2finternal-helpers 52ms (cache revalidated)
237 silly packumentCache full:https://registry.npmjs.org/@astrojs%2finternal-helpers set size:97382 disposed:false
238 http fetch GET 200 https://registry.npmjs.org/sharp 37ms (cache revalidated)
239 silly packumentCache full:https://registry.npmjs.org/sharp set size:1250806 disposed:false
240 http fetch GET 200 https://registry.npmjs.org/@astrojs%2fmarkdown-satteri 76ms (cache revalidated)
241 silly packumentCache full:https://registry.npmjs.org/@astrojs%2fmarkdown-satteri set size:41028 disposed:false
242 silly fetch manifest @types/node@^20.19.0 || >=22.12.0
243 silly packumentCache full:https://registry.npmjs.org/@types%2fnode cache-miss
244 http fetch GET 200 https://registry.npmjs.org/@types%2fnode 94ms (cache revalidated)
245 silly packumentCache full:https://registry.npmjs.org/@types%2fnode set size:11157642 disposed:false
246 silly fetch manifest @vitejs/devtools@^0.7.1
247 silly packumentCache full:https://registry.npmjs.org/@vitejs%2fdevtools cache-miss
248 http fetch GET 200 https://registry.npmjs.org/@vitejs%2fdevtools 31ms (cache revalidated)
249 silly packumentCache full:https://registry.npmjs.org/@vitejs%2fdevtools set size:328242 disposed:false
250 silly fetch manifest @vitejs/devtools-oxc@^0.7.6
251 silly packumentCache full:https://registry.npmjs.org/@vitejs%2fdevtools-oxc cache-miss
252 http fetch GET 200 https://registry.npmjs.org/@vitejs%2fdevtools-oxc 33ms (cache revalidated)
253 silly packumentCache full:https://registry.npmjs.org/@vitejs%2fdevtools-oxc set size:80408 disposed:false
254 silly fetch manifest @vitejs/devtools-rolldown@^0.7.6
255 silly packumentCache full:https://registry.npmjs.org/@vitejs%2fdevtools-rolldown cache-miss
256 http fetch GET 200 https://registry.npmjs.org/@vitejs%2fdevtools-rolldown 46ms (cache revalidated)
257 silly packumentCache full:https://registry.npmjs.org/@vitejs%2fdevtools-rolldown set size:237827 disposed:false
258 silly fetch manifest @vitejs/devtools-vite@^0.7.6
259 silly packumentCache full:https://registry.npmjs.org/@vitejs%2fdevtools-vite cache-miss
260 http fetch GET 200 https://registry.npmjs.org/@vitejs%2fdevtools-vite 35ms (cache revalidated)
261 silly packumentCache full:https://registry.npmjs.org/@vitejs%2fdevtools-vite set size:166521 disposed:false
262 silly fetch manifest @vitejs/devtools-vitest@^0.7.6
263 silly packumentCache full:https://registry.npmjs.org/@vitejs%2fdevtools-vitest cache-miss
264 http fetch GET 200 https://registry.npmjs.org/@vitejs%2fdevtools-vitest 32ms (cache revalidated)
265 silly packumentCache full:https://registry.npmjs.org/@vitejs%2fdevtools-vitest set size:57045 disposed:false
266 silly fetch manifest vitest@*
267 silly packumentCache full:https://registry.npmjs.org/vitest cache-miss
268 http fetch GET 200 https://registry.npmjs.org/vitest 142ms (cache updated)
269 silly packumentCache full:https://registry.npmjs.org/vitest set size:undefined disposed:false
270 silly fetch manifest @edge-runtime/vm@*
271 silly packumentCache full:https://registry.npmjs.org/@edge-runtime%2fvm cache-miss
272 http fetch GET 200 https://registry.npmjs.org/@edge-runtime%2fvm 40ms (cache revalidated)
273 silly packumentCache full:https://registry.npmjs.org/@edge-runtime%2fvm set size:269934 disposed:false
274 silly fetch manifest @opentelemetry/api@^1.9.0
275 silly packumentCache full:https://registry.npmjs.org/@opentelemetry%2fapi cache-miss
276 http fetch GET 200 https://registry.npmjs.org/@opentelemetry%2fapi 33ms (cache revalidated)
277 silly packumentCache full:https://registry.npmjs.org/@opentelemetry%2fapi set size:272967 disposed:false
278 silly fetch manifest @vitest/browser-playwright@5.0.3
279 silly packumentCache full:https://registry.npmjs.org/@vitest%2fbrowser-playwright cache-miss
280 http fetch GET 200 https://registry.npmjs.org/@vitest%2fbrowser-playwright 223ms (cache updated)
281 silly packumentCache full:https://registry.npmjs.org/@vitest%2fbrowser-playwright set size:undefined disposed:false
282 silly fetch manifest playwright@*
283 silly packumentCache full:https://registry.npmjs.org/playwright cache-miss
284 http fetch GET 200 https://registry.npmjs.org/playwright 92ms (cache revalidated)
285 silly packumentCache full:https://registry.npmjs.org/playwright set size:16810037 disposed:false
286 silly fetch manifest @vitest/browser-preview@5.0.3
287 silly packumentCache full:https://registry.npmjs.org/@vitest%2fbrowser-preview cache-miss
288 http fetch GET 200 https://registry.npmjs.org/@vitest%2fbrowser-preview 44ms (cache updated)
289 silly packumentCache full:https://registry.npmjs.org/@vitest%2fbrowser-preview set size:undefined disposed:false
290 silly fetch manifest @vitest/browser-webdriverio@^5.0.0-beta.5 || >=5.0.0
291 silly packumentCache full:https://registry.npmjs.org/@vitest%2fbrowser-webdriverio cache-miss
292 http fetch GET 200 https://registry.npmjs.org/@vitest%2fbrowser-webdriverio 50ms (cache revalidated)
293 silly packumentCache full:https://registry.npmjs.org/@vitest%2fbrowser-webdriverio set size:144024 disposed:false
294 silly fetch manifest webdriverio@*
295 silly packumentCache full:https://registry.npmjs.org/webdriverio cache-miss
296 http fetch GET 200 https://registry.npmjs.org/webdriverio 41ms (cache revalidated)
297 silly packumentCache full:https://registry.npmjs.org/webdriverio set size:3204730 disposed:false
298 silly fetch manifest puppeteer-core@>=22.x <=24.x
299 silly packumentCache full:https://registry.npmjs.org/puppeteer-core cache-miss
300 http fetch GET 200 https://registry.npmjs.org/puppeteer-core 28ms (cache revalidated)
301 silly packumentCache full:https://registry.npmjs.org/puppeteer-core set size:1589664 disposed:false
302 silly fetch manifest @vitest/coverage-istanbul@5.0.3
303 silly packumentCache full:https://registry.npmjs.org/@vitest%2fcoverage-istanbul cache-miss
304 http fetch GET 200 https://registry.npmjs.org/@vitest%2fcoverage-istanbul 84ms (cache updated)
305 silly packumentCache full:https://registry.npmjs.org/@vitest%2fcoverage-istanbul set size:undefined disposed:false
306 silly fetch manifest @vitest/coverage-v8@5.0.3
307 silly packumentCache full:https://registry.npmjs.org/@vitest%2fcoverage-v8 cache-miss
308 http fetch GET 200 https://registry.npmjs.org/@vitest%2fcoverage-v8 62ms (cache updated)
309 silly packumentCache full:https://registry.npmjs.org/@vitest%2fcoverage-v8 set size:undefined disposed:false
310 silly fetch manifest @vitest/browser@5.0.3
311 silly packumentCache full:https://registry.npmjs.org/@vitest%2fbrowser cache-miss
312 http fetch GET 200 https://registry.npmjs.org/@vitest%2fbrowser 63ms (cache updated)
313 silly packumentCache full:https://registry.npmjs.org/@vitest%2fbrowser set size:undefined disposed:false
314 silly fetch manifest @vitest/ui@5.0.3
315 silly packumentCache full:https://registry.npmjs.org/@vitest%2fui cache-miss
316 http fetch GET 200 https://registry.npmjs.org/@vitest%2fui 123ms (cache updated)
317 silly packumentCache full:https://registry.npmjs.org/@vitest%2fui set size:undefined disposed:false
318 silly fetch manifest happy-dom@*
319 silly packumentCache full:https://registry.npmjs.org/happy-dom cache-miss
320 http fetch GET 200 https://registry.npmjs.org/happy-dom 44ms (cache revalidated)
321 silly packumentCache full:https://registry.npmjs.org/happy-dom set size:2551937 disposed:false
322 silly fetch manifest jsdom@*
323 silly packumentCache full:https://registry.npmjs.org/jsdom cache-miss
324 http fetch GET 200 https://registry.npmjs.org/jsdom 30ms (cache revalidated)
325 silly packumentCache full:https://registry.npmjs.org/jsdom set size:1083886 disposed:false
326 silly fetch manifest canvas@^3.2.3
327 silly packumentCache full:https://registry.npmjs.org/canvas cache-miss
328 http fetch GET 200 https://registry.npmjs.org/canvas 32ms (cache revalidated)
329 silly packumentCache full:https://registry.npmjs.org/canvas set size:353371 disposed:false
330 silly fetch manifest jiti@>=1.21.0
331 silly packumentCache full:https://registry.npmjs.org/jiti cache-miss
332 http fetch GET 200 https://registry.npmjs.org/jiti 26ms (cache revalidated)
333 silly packumentCache full:https://registry.npmjs.org/jiti set size:387989 disposed:false
334 silly fetch manifest less@^4.0.0
335 silly packumentCache full:https://registry.npmjs.org/less cache-miss
336 http fetch GET 200 https://registry.npmjs.org/less 25ms (cache revalidated)
337 silly packumentCache full:https://registry.npmjs.org/less set size:561097 disposed:false
338 silly fetch manifest sass@^1.70.0
339 silly packumentCache full:https://registry.npmjs.org/sass cache-miss
340 http fetch GET 200 https://registry.npmjs.org/sass 31ms (cache revalidated)
341 silly packumentCache full:https://registry.npmjs.org/sass set size:756819 disposed:false
342 silly fetch manifest sass-embedded@^1.70.0
343 silly packumentCache full:https://registry.npmjs.org/sass-embedded cache-miss
344 http fetch GET 200 https://registry.npmjs.org/sass-embedded 25ms (cache revalidated)
345 silly packumentCache full:https://registry.npmjs.org/sass-embedded set size:445832 disposed:false
346 silly fetch manifest stylus@>=0.54.8
347 silly packumentCache full:https://registry.npmjs.org/stylus cache-miss
348 http fetch GET 200 https://registry.npmjs.org/stylus 26ms (cache revalidated)
349 silly packumentCache full:https://registry.npmjs.org/stylus set size:286766 disposed:false
350 silly fetch manifest sugarss@^5.0.0
351 silly packumentCache full:https://registry.npmjs.org/sugarss cache-miss
352 http fetch GET 200 https://registry.npmjs.org/sugarss 27ms (cache revalidated)
353 silly packumentCache full:https://registry.npmjs.org/sugarss set size:44975 disposed:false
354 silly fetch manifest postcss@^8.3.3
355 silly packumentCache full:https://registry.npmjs.org/postcss cache-miss
356 http fetch GET 200 https://registry.npmjs.org/postcss 31ms (cache revalidated)
357 silly packumentCache full:https://registry.npmjs.org/postcss set size:766699 disposed:false
358 silly fetch manifest terser@^5.16.0
359 silly packumentCache full:https://registry.npmjs.org/terser cache-miss
360 http fetch GET 200 https://registry.npmjs.org/terser 27ms (cache revalidated)
361 silly packumentCache full:https://registry.npmjs.org/terser set size:827672 disposed:false
362 silly fetch manifest tsx@^4.8.1
363 silly packumentCache full:https://registry.npmjs.org/tsx cache-miss
364 http fetch GET 200 https://registry.npmjs.org/tsx 35ms (cache revalidated)
365 silly packumentCache full:https://registry.npmjs.org/tsx set size:349770 disposed:false
366 silly fetch manifest yaml@^2.4.2
367 silly packumentCache full:https://registry.npmjs.org/yaml cache-miss
368 http fetch GET 200 https://registry.npmjs.org/yaml 21ms (cache revalidated)
369 silly packumentCache full:https://registry.npmjs.org/yaml set size:386415 disposed:false
370 silly fetch manifest @azure/app-configuration@^1.8.0
371 silly packumentCache full:https://registry.npmjs.org/@azure%2fapp-configuration cache-miss
372 http fetch GET 200 https://registry.npmjs.org/@azure%2fapp-configuration 75ms (cache revalidated)
373 silly packumentCache full:https://registry.npmjs.org/@azure%2fapp-configuration set size:4289588 disposed:false
374 silly fetch manifest @azure/cosmos@^4.2.0
375 silly packumentCache full:https://registry.npmjs.org/@azure%2fcosmos cache-miss
376 http fetch GET 200 https://registry.npmjs.org/@azure%2fcosmos 74ms (cache revalidated)
377 silly packumentCache full:https://registry.npmjs.org/@azure%2fcosmos set size:6956705 disposed:false
378 silly fetch manifest @azure/data-tables@^13.3.0
379 silly packumentCache full:https://registry.npmjs.org/@azure%2fdata-tables cache-miss
380 http fetch GET 200 https://registry.npmjs.org/@azure%2fdata-tables 47ms (cache revalidated)
381 silly packumentCache full:https://registry.npmjs.org/@azure%2fdata-tables set size:3655328 disposed:false
382 silly fetch manifest @azure/identity@^4.6.0
383 silly packumentCache full:https://registry.npmjs.org/@azure%2fidentity cache-miss
384 http fetch GET 200 https://registry.npmjs.org/@azure%2fidentity 66ms (cache revalidated)
385 silly packumentCache full:https://registry.npmjs.org/@azure%2fidentity set size:6103443 disposed:false
386 silly fetch manifest @azure/keyvault-secrets@^4.9.0
387 silly packumentCache full:https://registry.npmjs.org/@azure%2fkeyvault-secrets cache-miss
388 http fetch GET 200 https://registry.npmjs.org/@azure%2fkeyvault-secrets 78ms (cache revalidated)
389 silly packumentCache full:https://registry.npmjs.org/@azure%2fkeyvault-secrets set size:4226133 disposed:false
390 silly fetch manifest @azure/storage-blob@^12.26.0
391 silly packumentCache full:https://registry.npmjs.org/@azure%2fstorage-blob cache-miss
392 http fetch GET 200 https://registry.npmjs.org/@azure%2fstorage-blob 62ms (cache revalidated)
393 silly packumentCache full:https://registry.npmjs.org/@azure%2fstorage-blob set size:4759459 disposed:false
394 silly fetch manifest @capacitor/preferences@^6 || ^7 || ^8
395 silly packumentCache full:https://registry.npmjs.org/@capacitor%2fpreferences cache-miss
396 http fetch GET 200 https://registry.npmjs.org/@capacitor%2fpreferences 49ms (cache revalidated)
397 silly packumentCache full:https://registry.npmjs.org/@capacitor%2fpreferences set size:4984451 disposed:false
398 silly fetch manifest @capacitor/core@>=8.0.0
399 silly packumentCache full:https://registry.npmjs.org/@capacitor%2fcore cache-miss
400 http fetch GET 200 https://registry.npmjs.org/@capacitor%2fcore 61ms (cache revalidated)
401 silly packumentCache full:https://registry.npmjs.org/@capacitor%2fcore set size:4872587 disposed:false
402 silly fetch manifest @deno/kv@>=0.9.0
403 silly packumentCache full:https://registry.npmjs.org/@deno%2fkv cache-miss
404 http fetch GET 200 https://registry.npmjs.org/@deno%2fkv 32ms (cache revalidated)
405 silly packumentCache full:https://registry.npmjs.org/@deno%2fkv set size:37246 disposed:false
406 silly fetch manifest @netlify/blobs@^6.5.0 || ^7.0.0 || ^8.1.0 || ^9.0.0 || ^10.0.0
407 silly packumentCache full:https://registry.npmjs.org/@netlify%2fblobs cache-miss
408 http fetch GET 200 https://registry.npmjs.org/@netlify%2fblobs 60ms (cache updated)
409 silly packumentCache full:https://registry.npmjs.org/@netlify%2fblobs set size:undefined disposed:false
410 silly fetch manifest @planetscale/database@^1.19.0
411 silly packumentCache full:https://registry.npmjs.org/@planetscale%2fdatabase cache-miss
412 http fetch GET 200 https://registry.npmjs.org/@planetscale%2fdatabase 42ms (cache revalidated)
413 silly packumentCache full:https://registry.npmjs.org/@planetscale%2fdatabase set size:138457 disposed:false
414 silly fetch manifest @upstash/redis@^1.34.3
415 silly packumentCache full:https://registry.npmjs.org/@upstash%2fredis cache-miss
416 http fetch GET 200 https://registry.npmjs.org/@upstash%2fredis 56ms (cache revalidated)
417 silly packumentCache full:https://registry.npmjs.org/@upstash%2fredis set size:4085369 disposed:false
418 silly fetch manifest @vercel/blob@>=0.27.1
419 silly packumentCache full:https://registry.npmjs.org/@vercel%2fblob cache-miss
420 http fetch GET 200 https://registry.npmjs.org/@vercel%2fblob 47ms (cache revalidated)
421 silly packumentCache full:https://registry.npmjs.org/@vercel%2fblob set size:1054009 disposed:false
422 silly fetch manifest @vercel/functions@^2.2.12 || ^3.0.0
423 silly packumentCache full:https://registry.npmjs.org/@vercel%2ffunctions cache-miss
424 http fetch GET 200 https://registry.npmjs.org/@vercel%2ffunctions 38ms (cache revalidated)
425 silly packumentCache full:https://registry.npmjs.org/@vercel%2ffunctions set size:258574 disposed:false
426 silly fetch manifest @aws-sdk/credential-provider-web-identity@*
427 silly packumentCache full:https://registry.npmjs.org/@aws-sdk%2fcredential-provider-web-identity cache-miss
428 http fetch GET 200 https://registry.npmjs.org/@aws-sdk%2fcredential-provider-web-identity 43ms (cache revalidated)
429 silly packumentCache full:https://registry.npmjs.org/@aws-sdk%2fcredential-provider-web-identity set size:1064867 disposed:false
430 silly fetch manifest ws@>=8
431 silly packumentCache full:https://registry.npmjs.org/ws cache-miss
432 http fetch GET 200 https://registry.npmjs.org/ws 25ms (cache revalidated)
433 silly packumentCache full:https://registry.npmjs.org/ws set size:450180 disposed:false
434 silly fetch manifest bufferutil@^4.0.1
435 silly packumentCache full:https://registry.npmjs.org/bufferutil cache-miss
436 http fetch GET 200 https://registry.npmjs.org/bufferutil 32ms (cache revalidated)
437 silly packumentCache full:https://registry.npmjs.org/bufferutil set size:52668 disposed:false
438 silly fetch manifest utf-8-validate@>=5.0.2
439 silly packumentCache full:https://registry.npmjs.org/utf-8-validate cache-miss
440 http fetch GET 200 https://registry.npmjs.org/utf-8-validate 29ms (cache revalidated)
441 silly packumentCache full:https://registry.npmjs.org/utf-8-validate set size:77012 disposed:false
442 silly fetch manifest @vercel/kv@^1 || ^2 || ^3
443 silly packumentCache full:https://registry.npmjs.org/@vercel%2fkv cache-miss
444 http fetch GET 200 https://registry.npmjs.org/@vercel%2fkv 38ms (cache revalidated)
445 silly packumentCache full:https://registry.npmjs.org/@vercel%2fkv set size:112611 disposed:false
446 silly fetch manifest aws4fetch@^1.0.20
447 silly packumentCache full:https://registry.npmjs.org/aws4fetch cache-miss
448 http fetch GET 200 https://registry.npmjs.org/aws4fetch 26ms (cache revalidated)
449 silly packumentCache full:https://registry.npmjs.org/aws4fetch set size:75112 disposed:false
450 silly fetch manifest db0@>=0.2.1
451 silly packumentCache full:https://registry.npmjs.org/db0 cache-miss
452 http fetch GET 200 https://registry.npmjs.org/db0 26ms (cache revalidated)
453 silly packumentCache full:https://registry.npmjs.org/db0 set size:77956 disposed:false
454 silly fetch manifest idb-keyval@^6.2.1
455 silly packumentCache full:https://registry.npmjs.org/idb-keyval cache-miss
456 http fetch GET 200 https://registry.npmjs.org/idb-keyval 25ms (cache revalidated)
457 silly packumentCache full:https://registry.npmjs.org/idb-keyval set size:140904 disposed:false
458 silly fetch manifest ioredis@^5.4.2
459 silly packumentCache full:https://registry.npmjs.org/ioredis cache-miss
460 http fetch GET 200 https://registry.npmjs.org/ioredis 32ms (cache revalidated)
461 silly packumentCache full:https://registry.npmjs.org/ioredis set size:859203 disposed:false
462 silly fetch manifest uploadthing@^7.4.4
463 silly packumentCache full:https://registry.npmjs.org/uploadthing cache-miss
464 http fetch GET 200 https://registry.npmjs.org/uploadthing 28ms (cache revalidated)
465 silly packumentCache full:https://registry.npmjs.org/uploadthing set size:1017149 disposed:false
466 silly fetch manifest express@*
467 silly packumentCache full:https://registry.npmjs.org/express cache-miss
468 http fetch GET 200 https://registry.npmjs.org/express 26ms (cache revalidated)
469 silly packumentCache full:https://registry.npmjs.org/express set size:808982 disposed:false
470 silly fetch manifest h3@*
471 silly packumentCache full:https://registry.npmjs.org/h3 cache-miss
472 http fetch GET 200 https://registry.npmjs.org/h3 29ms (cache revalidated)
473 silly packumentCache full:https://registry.npmjs.org/h3 set size:491457 disposed:false
474 silly fetch manifest crossws@^0.4.12
475 silly packumentCache full:https://registry.npmjs.org/crossws cache-miss
476 http fetch GET 200 https://registry.npmjs.org/crossws 25ms (cache revalidated)
477 silly packumentCache full:https://registry.npmjs.org/crossws set size:120040 disposed:false
478 silly fetch manifest srvx@>=0.11.5
479 silly packumentCache full:https://registry.npmjs.org/srvx cache-miss
480 http fetch GET 200 https://registry.npmjs.org/srvx 21ms (cache revalidated)
481 silly packumentCache full:https://registry.npmjs.org/srvx set size:327556 disposed:false
482 silly fetch manifest ocache@>=0.3.0
483 silly packumentCache full:https://registry.npmjs.org/ocache cache-miss
484 http fetch GET 200 https://registry.npmjs.org/ocache 26ms (cache revalidated)
485 silly packumentCache full:https://registry.npmjs.org/ocache set size:27860 disposed:false
486 silly fetch manifest tailwindcss@^3.0.0 || ^4.0.0-beta.0
487 silly packumentCache full:https://registry.npmjs.org/tailwindcss cache-miss
488 http fetch GET 200 https://registry.npmjs.org/tailwindcss 79ms (cache revalidated)
489 silly packumentCache full:https://registry.npmjs.org/tailwindcss set size:10893093 disposed:false
490 silly placeDep ROOT @astrojs/compiler-rs@0.5.1 OK for: astro@7.3.5 want: ^0.5.0
491 silly placeDep ROOT @astrojs/internal-helpers@0.11.0 OK for: astro@7.3.5 want: 0.11.0
492 silly placeDep ROOT @astrojs/markdown-satteri@0.4.2 OK for: astro@7.3.5 want: 0.4.2
493 silly placeDep ROOT @astrojs/telemetry@3.3.3 OK for: astro@7.3.5 want: 3.3.3
494 silly placeDep ROOT @capsizecss/unpack@4.0.1 OK for: astro@7.3.5 want: ^4.0.0
495 silly placeDep ROOT @clack/prompts@1.8.1 OK for: astro@7.3.5 want: ^1.1.0
496 silly placeDep ROOT @oslojs/encoding@1.1.0 OK for: astro@7.3.5 want: ^1.1.0
497 silly placeDep ROOT am-i-vibing@0.4.0 OK for: astro@7.3.5 want: ^0.4.0
498 silly placeDep ROOT aria-query@5.3.2 OK for: astro@7.3.5 want: ^5.3.2
499 silly placeDep ROOT axobject-query@4.1.0 OK for: astro@7.3.5 want: ^4.1.0
500 silly placeDep ROOT ci-info@4.4.0 OK for: astro@7.3.5 want: ^4.4.0
501 silly placeDep ROOT clsx@2.1.1 OK for: astro@7.3.5 want: ^2.1.1
502 silly placeDep ROOT common-ancestor-path@2.0.0 OK for: astro@7.3.5 want: ^2.0.0
503 silly placeDep ROOT cookie@2.0.1 OK for: astro@7.3.5 want: ^2.0.1
504 silly placeDep ROOT devalue@5.9.4 OK for: astro@7.3.5 want: ^5.8.1
505 silly placeDep ROOT diff@9.0.0 OK for: astro@7.3.5 want: ^9.0.0
506 silly placeDep ROOT dset@3.1.4 OK for: astro@7.3.5 want: ^3.1.4
507 silly placeDep ROOT es-module-lexer@2.3.2 OK for: astro@7.3.5 want: ^2.0.0
508 silly placeDep ROOT esbuild@0.28.2 OK for: astro@7.3.5 want: ^0.28.0
509 silly placeDep ROOT find-proc@0.2.0 OK for: astro@7.3.5 want: 0.2.0
510 silly placeDep ROOT flattie@1.1.1 OK for: astro@7.3.5 want: ^1.1.1
511 silly placeDep ROOT fontace@0.4.1 OK for: astro@7.3.5 want: ~0.4.1
512 silly placeDep ROOT get-tsconfig@5.0.0-beta.4 OK for: astro@7.3.5 want: 5.0.0-beta.4
513 silly placeDep ROOT github-slugger@2.0.0 OK for: astro@7.3.5 want: ^2.0.0
514 silly placeDep ROOT html-escaper@3.0.3 OK for: astro@7.3.5 want: 3.0.3
515 silly placeDep ROOT http-cache-semantics@4.2.0 OK for: astro@7.3.5 want: ^4.2.0
516 silly placeDep ROOT js-yaml@4.3.2 OK for: astro@7.3.5 want: ^4.3.2
517 silly placeDep ROOT jsonc-parser@3.3.1 OK for: astro@7.3.5 want: ^3.3.1
518 silly placeDep ROOT magic-string@1.4.2 OK for: astro@7.3.5 want: ^1.0.0
519 silly placeDep ROOT magicast@0.5.5 OK for: astro@7.3.5 want: ^0.5.2
520 silly placeDep ROOT mrmime@2.0.1 OK for: astro@7.3.5 want: ^2.0.1
521 silly placeDep ROOT neotraverse@1.0.1 OK for: astro@7.3.5 want: ^1.0.1
522 silly placeDep ROOT obug@3.0.0 OK for: astro@7.3.5 want: ^3.0.0
523 silly placeDep ROOT p-limit@7.3.3 OK for: astro@7.3.5 want: ^7.3.0
524 silly placeDep ROOT p-queue@9.3.3 OK for: astro@7.3.5 want: ^9.1.0
525 silly placeDep ROOT package-manager-detector@1.8.0 OK for: astro@7.3.5 want: ^1.6.0
526 silly placeDep ROOT piccolore@0.1.3 OK for: astro@7.3.5 want: ^0.1.3
527 silly placeDep ROOT picomatch@4.0.7 OK for: astro@7.3.5 want: ^4.0.4
528 silly placeDep ROOT sharp@0.35.5 OK for: astro@7.3.5 want: ^0.35.4
529 silly placeDep ROOT shiki@4.4.3 OK for: astro@7.3.5 want: ^4.0.2
530 silly placeDep ROOT smol-toml@1.9.0 OK for: astro@7.3.5 want: ^1.8.0
531 silly placeDep ROOT svgo@4.1.0 OK for: astro@7.3.5 want: ^4.1.0
532 silly placeDep ROOT tinyclip@1.0.3 OK for: astro@7.3.5 want: ^1.0.1
533 silly placeDep ROOT tinyexec@1.3.1 OK for: astro@7.3.5 want: ^1.0.4
534 silly placeDep ROOT tinyglobby@0.2.17 OK for: astro@7.3.5 want: ^0.2.15
535 silly placeDep ROOT ultrahtml@1.7.0 OK for: astro@7.3.5 want: ^1.6.0
536 silly placeDep ROOT unifont@0.7.5 OK for: astro@7.3.5 want: ~0.7.5
537 silly placeDep ROOT unstorage@1.17.5 OK for: astro@7.3.5 want: ^1.17.5
538 silly placeDep ROOT verkit@0.4.1 OK for: astro@7.3.5 want: ^0.4.0
539 silly placeDep ROOT vite@8.3.1 OK for: astro@7.3.5 want: ^8.0.13
540 silly placeDep ROOT vitefu@1.1.3 OK for: astro@7.3.5 want: ^1.1.2
541 silly placeDep ROOT xxhash-wasm@1.1.0 OK for: astro@7.3.5 want: ^1.1.0
542 silly placeDep ROOT yargs-parser@22.0.0 OK for: astro@7.3.5 want: ^22.0.0
543 silly placeDep ROOT zod@4.6.5 OK for: astro@7.3.5 want: ^4.5.4
544 silly fetch manifest @astrojs/compiler-binding@0.5.1
545 silly packumentCache full:https://registry.npmjs.org/@astrojs%2fcompiler-binding cache-miss
546 silly fetch manifest js-yaml@^4.3.0
547 silly packumentCache full:https://registry.npmjs.org/js-yaml cache-hit
548 silly fetch manifest unified@^11.0.5
549 silly packumentCache full:https://registry.npmjs.org/unified cache-miss
550 silly fetch manifest smol-toml@^1.6.0
551 silly packumentCache full:https://registry.npmjs.org/smol-toml cache-hit
552 silly fetch manifest @types/hast@^3.0.4
553 silly packumentCache full:https://registry.npmjs.org/@types%2fhast cache-miss
554 http fetch GET 200 https://registry.npmjs.org/unified 39ms (cache revalidated)
555 silly packumentCache full:https://registry.npmjs.org/unified set size:321787 disposed:false
556 silly fetch manifest @types/mdast@^4.0.4
557 silly packumentCache full:https://registry.npmjs.org/@types%2fmdast cache-miss
558 http fetch GET 200 https://registry.npmjs.org/@astrojs%2fcompiler-binding 72ms (cache revalidated)
559 silly packumentCache full:https://registry.npmjs.org/@astrojs%2fcompiler-binding set size:77293 disposed:false
560 silly fetch manifest retext-smartypants@^6.2.0
561 silly packumentCache full:https://registry.npmjs.org/retext-smartypants cache-miss
562 http fetch GET 200 https://registry.npmjs.org/@types%2fhast 71ms (cache revalidated)
563 silly packumentCache full:https://registry.npmjs.org/@types%2fhast set size:35254 disposed:false
564 silly fetch manifest satteri@^0.10.3
565 silly packumentCache full:https://registry.npmjs.org/satteri cache-miss
566 http fetch GET 200 https://registry.npmjs.org/retext-smartypants 27ms (cache revalidated)
567 silly packumentCache full:https://registry.npmjs.org/retext-smartypants set size:84409 disposed:false
568 silly fetch manifest @astrojs/prism@4.0.2
569 silly packumentCache full:https://registry.npmjs.org/@astrojs%2fprism cache-miss
570 http fetch GET 200 https://registry.npmjs.org/@types%2fmdast 54ms (cache revalidated)
571 silly packumentCache full:https://registry.npmjs.org/@types%2fmdast set size:47479 disposed:false
572 silly fetch manifest is-docker@^4.0.0
573 silly packumentCache full:https://registry.npmjs.org/is-docker cache-miss
574 http fetch GET 200 https://registry.npmjs.org/satteri 37ms (cache revalidated)
575 silly packumentCache full:https://registry.npmjs.org/satteri set size:161450 disposed:false
576 silly fetch manifest fontkitten@^1.0.3
577 silly packumentCache full:https://registry.npmjs.org/fontkitten cache-miss
578 http fetch GET 200 https://registry.npmjs.org/is-docker 24ms (cache revalidated)
579 silly packumentCache full:https://registry.npmjs.org/is-docker set size:23690 disposed:false
580 silly fetch manifest sisteransi@^1.0.5
581 silly packumentCache full:https://registry.npmjs.org/sisteransi cache-miss
582 http fetch GET 200 https://registry.npmjs.org/sisteransi 18ms (cache revalidated)
583 silly packumentCache full:https://registry.npmjs.org/sisteransi set size:25723 disposed:false
584 silly fetch manifest @clack/core@1.5.1
585 silly packumentCache full:https://registry.npmjs.org/@clack%2fcore cache-miss
586 http fetch GET 200 https://registry.npmjs.org/@clack%2fcore 40ms (cache revalidated)
587 silly packumentCache full:https://registry.npmjs.org/@clack%2fcore set size:152719 disposed:false
588 silly fetch manifest fast-wrap-ansi@^0.2.0
589 silly packumentCache full:https://registry.npmjs.org/fast-wrap-ansi cache-miss
590 http fetch GET 200 https://registry.npmjs.org/fast-wrap-ansi 27ms (cache revalidated)
591 silly packumentCache full:https://registry.npmjs.org/fast-wrap-ansi set size:18468 disposed:false
592 silly fetch manifest fast-string-width@^3.0.2
593 silly packumentCache full:https://registry.npmjs.org/fast-string-width cache-miss
594 http fetch GET 200 https://registry.npmjs.org/fast-string-width 21ms (cache revalidated)
595 silly packumentCache full:https://registry.npmjs.org/fast-string-width set size:22460 disposed:false
596 silly fetch manifest process-ancestry@^0.1.0
597 silly packumentCache full:https://registry.npmjs.org/process-ancestry cache-miss
598 http fetch GET 200 https://registry.npmjs.org/process-ancestry 21ms (cache revalidated)
599 silly packumentCache full:https://registry.npmjs.org/process-ancestry set size:9718 disposed:false
600 silly fetch manifest @esbuild/aix-ppc64@0.28.2
601 silly packumentCache full:https://registry.npmjs.org/@esbuild%2faix-ppc64 cache-miss
602 http fetch GET 200 https://registry.npmjs.org/@esbuild%2faix-ppc64 28ms (cache revalidated)
603 silly packumentCache full:https://registry.npmjs.org/@esbuild%2faix-ppc64 set size:67797 disposed:false
604 silly fetch manifest @esbuild/linux-arm@0.28.2
605 silly packumentCache full:https://registry.npmjs.org/@esbuild%2flinux-arm cache-miss
606 http fetch GET 200 https://registry.npmjs.org/@astrojs%2fprism 225ms (cache revalidated)
607 silly packumentCache full:https://registry.npmjs.org/@astrojs%2fprism set size:112205 disposed:false
608 silly fetch manifest @esbuild/linux-x64@0.28.2
609 silly packumentCache full:https://registry.npmjs.org/@esbuild%2flinux-x64 cache-miss
610 http fetch GET 200 https://registry.npmjs.org/fontkitten 219ms (cache revalidated)
611 silly packumentCache full:https://registry.npmjs.org/fontkitten set size:43549 disposed:false
612 silly fetch manifest @esbuild/sunos-x64@0.28.2
613 silly packumentCache full:https://registry.npmjs.org/@esbuild%2fsunos-x64 cache-miss
614 http fetch GET 200 https://registry.npmjs.org/@esbuild%2flinux-arm 35ms (cache revalidated)
615 silly packumentCache full:https://registry.npmjs.org/@esbuild%2flinux-arm set size:198596 disposed:false
616 silly fetch manifest @esbuild/win32-x64@0.28.2
617 silly packumentCache full:https://registry.npmjs.org/@esbuild%2fwin32-x64 cache-miss
618 http fetch GET 200 https://registry.npmjs.org/@esbuild%2flinux-x64 37ms (cache revalidated)
619 silly packumentCache full:https://registry.npmjs.org/@esbuild%2flinux-x64 set size:198942 disposed:false
620 silly fetch manifest @esbuild/darwin-x64@0.28.2
621 silly packumentCache full:https://registry.npmjs.org/@esbuild%2fdarwin-x64 cache-miss
622 http fetch GET 200 https://registry.npmjs.org/@esbuild%2fwin32-x64 39ms (cache revalidated)
623 silly packumentCache full:https://registry.npmjs.org/@esbuild%2fwin32-x64 set size:197540 disposed:false
624 silly fetch manifest @esbuild/linux-ia32@0.28.2
625 silly packumentCache full:https://registry.npmjs.org/@esbuild%2flinux-ia32 cache-miss
626 http fetch GET 200 https://registry.npmjs.org/@esbuild%2fsunos-x64 59ms (cache revalidated)
627 silly packumentCache full:https://registry.npmjs.org/@esbuild%2fsunos-x64 set size:199187 disposed:false
628 silly fetch manifest @esbuild/netbsd-x64@0.28.2
629 silly packumentCache full:https://registry.npmjs.org/@esbuild%2fnetbsd-x64 cache-miss
630 http fetch GET 200 https://registry.npmjs.org/@esbuild%2fdarwin-x64 62ms (cache revalidated)
631 silly packumentCache full:https://registry.npmjs.org/@esbuild%2fdarwin-x64 set size:199670 disposed:false
632 silly fetch manifest @esbuild/win32-ia32@0.28.2
633 silly packumentCache full:https://registry.npmjs.org/@esbuild%2fwin32-ia32 cache-miss
634 http fetch GET 200 https://registry.npmjs.org/@esbuild%2flinux-ia32 55ms (cache revalidated)
635 silly packumentCache full:https://registry.npmjs.org/@esbuild%2flinux-ia32 set size:199625 disposed:false
636 silly fetch manifest @esbuild/android-arm@0.28.2
637 silly packumentCache full:https://registry.npmjs.org/@esbuild%2fandroid-arm cache-miss
638 http fetch GET 200 https://registry.npmjs.org/@esbuild%2fnetbsd-x64 53ms (cache revalidated)
639 silly packumentCache full:https://registry.npmjs.org/@esbuild%2fnetbsd-x64 set size:197314 disposed:false
640 silly fetch manifest @esbuild/android-x64@0.28.2
641 silly packumentCache full:https://registry.npmjs.org/@esbuild%2fandroid-x64 cache-miss
642 http fetch GET 200 https://registry.npmjs.org/@esbuild%2fandroid-arm 39ms (cache revalidated)
643 silly packumentCache full:https://registry.npmjs.org/@esbuild%2fandroid-arm set size:225217 disposed:false
644 silly fetch manifest @esbuild/freebsd-x64@0.28.2
645 silly packumentCache full:https://registry.npmjs.org/@esbuild%2ffreebsd-x64 cache-miss
646 http fetch GET 200 https://registry.npmjs.org/@esbuild%2fwin32-ia32 56ms (cache revalidated)
647 silly packumentCache full:https://registry.npmjs.org/@esbuild%2fwin32-ia32 set size:199854 disposed:false
648 silly fetch manifest @esbuild/linux-arm64@0.28.2
649 silly packumentCache full:https://registry.npmjs.org/@esbuild%2flinux-arm64 cache-miss
650 http fetch GET 200 https://registry.npmjs.org/@esbuild%2fandroid-x64 54ms (cache revalidated)
651 silly packumentCache full:https://registry.npmjs.org/@esbuild%2fandroid-x64 set size:199017 disposed:false
652 silly fetch manifest @esbuild/linux-ppc64@0.28.2
653 silly packumentCache full:https://registry.npmjs.org/@esbuild%2flinux-ppc64 cache-miss
654 http fetch GET 200 https://registry.npmjs.org/@esbuild%2ffreebsd-x64 49ms (cache revalidated)
655 silly packumentCache full:https://registry.npmjs.org/@esbuild%2ffreebsd-x64 set size:200565 disposed:false
656 silly fetch manifest @esbuild/linux-s390x@0.28.2
657 silly packumentCache full:https://registry.npmjs.org/@esbuild%2flinux-s390x cache-miss
658 http fetch GET 200 https://registry.npmjs.org/@esbuild%2flinux-arm64 46ms (cache revalidated)
659 silly packumentCache full:https://registry.npmjs.org/@esbuild%2flinux-arm64 set size:200773 disposed:false
660 silly fetch manifest @esbuild/openbsd-x64@0.28.2
661 silly packumentCache full:https://registry.npmjs.org/@esbuild%2fopenbsd-x64 cache-miss
662 http fetch GET 200 https://registry.npmjs.org/@esbuild%2flinux-ppc64 43ms (cache revalidated)
663 silly packumentCache full:https://registry.npmjs.org/@esbuild%2flinux-ppc64 set size:202845 disposed:false
664 silly fetch manifest @esbuild/win32-arm64@0.28.2
665 silly packumentCache full:https://registry.npmjs.org/@esbuild%2fwin32-arm64 cache-miss
666 http fetch GET 200 https://registry.npmjs.org/@esbuild%2fopenbsd-x64 38ms (cache revalidated)
667 silly packumentCache full:https://registry.npmjs.org/@esbuild%2fopenbsd-x64 set size:200576 disposed:false
668 silly fetch manifest @esbuild/darwin-arm64@0.28.2
669 silly packumentCache full:https://registry.npmjs.org/@esbuild%2fdarwin-arm64 cache-miss
670 http fetch GET 200 https://registry.npmjs.org/@esbuild%2flinux-s390x 49ms (cache revalidated)
671 silly packumentCache full:https://registry.npmjs.org/@esbuild%2flinux-s390x set size:202310 disposed:false
672 silly fetch manifest @esbuild/netbsd-arm64@0.28.2
673 silly packumentCache full:https://registry.npmjs.org/@esbuild%2fnetbsd-arm64 cache-miss
674 http fetch GET 200 https://registry.npmjs.org/@esbuild%2fwin32-arm64 45ms (cache revalidated)
675 silly packumentCache full:https://registry.npmjs.org/@esbuild%2fwin32-arm64 set size:201005 disposed:false
676 silly fetch manifest @esbuild/android-arm64@0.28.2
677 silly packumentCache full:https://registry.npmjs.org/@esbuild%2fandroid-arm64 cache-miss
678 http fetch GET 200 https://registry.npmjs.org/@esbuild%2fdarwin-arm64 40ms (cache revalidated)
679 silly packumentCache full:https://registry.npmjs.org/@esbuild%2fdarwin-arm64 set size:201471 disposed:false
680 silly fetch manifest @esbuild/freebsd-arm64@0.28.2
681 silly packumentCache full:https://registry.npmjs.org/@esbuild%2ffreebsd-arm64 cache-miss
682 http fetch GET 200 https://registry.npmjs.org/@esbuild%2fnetbsd-arm64 47ms (cache revalidated)
683 silly packumentCache full:https://registry.npmjs.org/@esbuild%2fnetbsd-arm64 set size:44308 disposed:false
684 silly fetch manifest @esbuild/linux-loong64@0.28.2
685 silly packumentCache full:https://registry.npmjs.org/@esbuild%2flinux-loong64 cache-miss
686 http fetch GET 200 https://registry.npmjs.org/@esbuild%2fandroid-arm64 47ms (cache revalidated)
687 silly packumentCache full:https://registry.npmjs.org/@esbuild%2fandroid-arm64 set size:204216 disposed:false
688 silly fetch manifest @esbuild/linux-riscv64@0.28.2
689 silly packumentCache full:https://registry.npmjs.org/@esbuild%2flinux-riscv64 cache-miss
690 http fetch GET 200 https://registry.npmjs.org/@esbuild%2ffreebsd-arm64 39ms (cache revalidated)
691 silly packumentCache full:https://registry.npmjs.org/@esbuild%2ffreebsd-arm64 set size:202383 disposed:false
692 silly fetch manifest @esbuild/openbsd-arm64@0.28.2
693 silly packumentCache full:https://registry.npmjs.org/@esbuild%2fopenbsd-arm64 cache-miss
694 http fetch GET 200 https://registry.npmjs.org/@esbuild%2flinux-loong64 44ms (cache revalidated)
695 silly packumentCache full:https://registry.npmjs.org/@esbuild%2flinux-loong64 set size:255749 disposed:false
696 silly fetch manifest @esbuild/linux-mips64el@0.28.2
697 silly packumentCache full:https://registry.npmjs.org/@esbuild%2flinux-mips64el cache-miss
698 http fetch GET 200 https://registry.npmjs.org/@esbuild%2flinux-riscv64 47ms (cache revalidated)
699 silly packumentCache full:https://registry.npmjs.org/@esbuild%2flinux-riscv64 set size:202512 disposed:false
700 silly fetch manifest @esbuild/openharmony-arm64@0.28.2
701 silly packumentCache full:https://registry.npmjs.org/@esbuild%2fopenharmony-arm64 cache-miss
702 http fetch GET 200 https://registry.npmjs.org/@esbuild%2fopenbsd-arm64 49ms (cache revalidated)
703 silly packumentCache full:https://registry.npmjs.org/@esbuild%2fopenbsd-arm64 set size:49642 disposed:false
704 silly fetch manifest fontkitten@^1.0.2
705 silly packumentCache full:https://registry.npmjs.org/fontkitten cache-hit
706 silly fetch manifest resolve-pkg-maps@^1.0.0
707 silly packumentCache full:https://registry.npmjs.org/resolve-pkg-maps cache-miss
708 http fetch GET 200 https://registry.npmjs.org/@esbuild%2flinux-mips64el 49ms (cache revalidated)
709 silly packumentCache full:https://registry.npmjs.org/@esbuild%2flinux-mips64el set size:204633 disposed:false
710 silly fetch manifest argparse@^2.0.1
711 silly packumentCache full:https://registry.npmjs.org/argparse cache-miss
712 http fetch GET 200 https://registry.npmjs.org/@esbuild%2fopenharmony-arm64 46ms (cache revalidated)
713 silly packumentCache full:https://registry.npmjs.org/@esbuild%2fopenharmony-arm64 set size:33054 disposed:false
714 silly fetch manifest @jridgewell/sourcemap-codec@^1.6.0
715 silly packumentCache full:https://registry.npmjs.org/@jridgewell%2fsourcemap-codec cache-miss
716 http fetch GET 200 https://registry.npmjs.org/resolve-pkg-maps 20ms (cache revalidated)
717 silly packumentCache full:https://registry.npmjs.org/resolve-pkg-maps set size:11615 disposed:false
718 silly fetch manifest @babel/types@^7.29.7
719 silly packumentCache full:https://registry.npmjs.org/@babel%2ftypes cache-miss
720 http fetch GET 200 https://registry.npmjs.org/argparse 26ms (cache revalidated)
721 silly packumentCache full:https://registry.npmjs.org/argparse set size:55000 disposed:false
722 silly fetch manifest @babel/parser@^7.29.7
723 silly packumentCache full:https://registry.npmjs.org/@babel%2fparser cache-miss
724 http fetch GET 200 https://registry.npmjs.org/@babel%2ftypes 26ms (cache revalidated)
725 silly packumentCache full:https://registry.npmjs.org/@babel%2ftypes set size:507562 disposed:false
726 silly fetch manifest source-map-js@^1.2.1
727 silly packumentCache full:https://registry.npmjs.org/source-map-js cache-miss
728 http fetch GET 200 https://registry.npmjs.org/@jridgewell%2fsourcemap-codec 44ms (cache revalidated)
729 silly packumentCache full:https://registry.npmjs.org/@jridgewell%2fsourcemap-codec set size:65255 disposed:false
730 silly fetch manifest yocto-queue@^1.2.1
731 silly packumentCache full:https://registry.npmjs.org/yocto-queue cache-miss
732 http fetch GET 200 https://registry.npmjs.org/@babel%2fparser 50ms (cache revalidated)
733 silly packumentCache full:https://registry.npmjs.org/@babel%2fparser set size:745724 disposed:false
734 silly fetch manifest eventemitter3@^5.0.4
735 silly packumentCache full:https://registry.npmjs.org/eventemitter3 cache-miss
736 http fetch GET 200 https://registry.npmjs.org/yocto-queue 39ms (cache revalidated)
737 silly packumentCache full:https://registry.npmjs.org/yocto-queue set size:20256 disposed:false
738 silly fetch manifest p-timeout@^7.0.0
739 silly packumentCache full:https://registry.npmjs.org/p-timeout cache-miss
740 http fetch GET 200 https://registry.npmjs.org/source-map-js 48ms (cache updated)
741 silly packumentCache full:https://registry.npmjs.org/source-map-js set size:undefined disposed:false
742 silly fetch manifest semver@^7.8.5
743 silly packumentCache full:https://registry.npmjs.org/semver cache-miss
744 http fetch GET 200 https://registry.npmjs.org/eventemitter3 23ms (cache revalidated)
745 silly packumentCache full:https://registry.npmjs.org/eventemitter3 set size:92292 disposed:false
746 silly fetch manifest @img/colour@^1.1.0
747 silly packumentCache full:https://registry.npmjs.org/@img%2fcolour cache-miss
748 http fetch GET 200 https://registry.npmjs.org/p-timeout 25ms (cache revalidated)
749 silly packumentCache full:https://registry.npmjs.org/p-timeout set size:62805 disposed:false
750 silly fetch manifest detect-libc@^2.1.2
751 silly packumentCache full:https://registry.npmjs.org/detect-libc cache-miss
752 http fetch GET 200 https://registry.npmjs.org/semver 28ms (cache revalidated)
753 silly packumentCache full:https://registry.npmjs.org/semver set size:246128 disposed:false
754 silly fetch manifest @img/sharp-linux-arm@0.35.5
755 silly packumentCache full:https://registry.npmjs.org/@img%2fsharp-linux-arm cache-miss
756 http fetch GET 200 https://registry.npmjs.org/detect-libc 29ms (cache revalidated)
757 silly packumentCache full:https://registry.npmjs.org/detect-libc set size:47861 disposed:false
758 silly fetch manifest @img/sharp-linux-x64@0.35.5
759 silly packumentCache full:https://registry.npmjs.org/@img%2fsharp-linux-x64 cache-miss
760 http fetch GET 200 https://registry.npmjs.org/@img%2fcolour 43ms (cache revalidated)
761 silly packumentCache full:https://registry.npmjs.org/@img%2fcolour set size:9701 disposed:false
762 silly fetch manifest @img/sharp-win32-x64@0.35.5
763 silly packumentCache full:https://registry.npmjs.org/@img%2fsharp-win32-x64 cache-miss
764 http fetch GET 200 https://registry.npmjs.org/@img%2fsharp-linux-arm 42ms (cache revalidated)
765 silly packumentCache full:https://registry.npmjs.org/@img%2fsharp-linux-arm set size:113897 disposed:false
766 silly fetch manifest @img/sharp-darwin-x64@0.35.5
767 silly packumentCache full:https://registry.npmjs.org/@img%2fsharp-darwin-x64 cache-miss
768 http fetch GET 200 https://registry.npmjs.org/@img%2fsharp-linux-x64 47ms (cache revalidated)
769 silly packumentCache full:https://registry.npmjs.org/@img%2fsharp-linux-x64 set size:113357 disposed:false
770 silly fetch manifest @img/sharp-win32-ia32@0.35.5
771 silly packumentCache full:https://registry.npmjs.org/@img%2fsharp-win32-ia32 cache-miss
772 http fetch GET 200 https://registry.npmjs.org/@img%2fsharp-win32-x64 47ms (cache revalidated)
773 silly packumentCache full:https://registry.npmjs.org/@img%2fsharp-win32-x64 set size:114337 disposed:false
774 silly fetch manifest @img/sharp-linux-arm64@0.35.5
775 silly packumentCache full:https://registry.npmjs.org/@img%2fsharp-linux-arm64 cache-miss
776 http fetch GET 200 https://registry.npmjs.org/@img%2fsharp-darwin-x64 45ms (cache revalidated)
777 silly packumentCache full:https://registry.npmjs.org/@img%2fsharp-darwin-x64 set size:115385 disposed:false
778 silly fetch manifest @img/sharp-linux-ppc64@0.35.5
779 silly packumentCache full:https://registry.npmjs.org/@img%2fsharp-linux-ppc64 cache-miss
780 http fetch GET 200 https://registry.npmjs.org/@img%2fsharp-win32-ia32 50ms (cache revalidated)
781 silly packumentCache full:https://registry.npmjs.org/@img%2fsharp-win32-ia32 set size:115401 disposed:false
782 silly fetch manifest @img/sharp-linux-s390x@0.35.5
783 silly packumentCache full:https://registry.npmjs.org/@img%2fsharp-linux-s390x cache-miss
784 http fetch GET 200 https://registry.npmjs.org/@img%2fsharp-linux-arm64 45ms (cache revalidated)
785 silly packumentCache full:https://registry.npmjs.org/@img%2fsharp-linux-arm64 set size:114817 disposed:false
786 silly fetch manifest @img/sharp-win32-arm64@0.35.5
787 silly packumentCache full:https://registry.npmjs.org/@img%2fsharp-win32-arm64 cache-miss
788 http fetch GET 200 https://registry.npmjs.org/@img%2fsharp-linux-ppc64 47ms (cache revalidated)
789 silly packumentCache full:https://registry.npmjs.org/@img%2fsharp-linux-ppc64 set size:79407 disposed:false
790 silly fetch manifest @img/sharp-darwin-arm64@0.35.5
791 silly packumentCache full:https://registry.npmjs.org/@img%2fsharp-darwin-arm64 cache-miss
792 http fetch GET 200 https://registry.npmjs.org/@img%2fsharp-linux-s390x 44ms (cache revalidated)
793 silly packumentCache full:https://registry.npmjs.org/@img%2fsharp-linux-s390x set size:112669 disposed:false
794 silly fetch manifest @img/sharp-linux-riscv64@0.35.5
795 silly packumentCache full:https://registry.npmjs.org/@img%2fsharp-linux-riscv64 cache-miss
796 http fetch GET 200 https://registry.npmjs.org/@img%2fsharp-darwin-arm64 46ms (cache revalidated)
797 silly packumentCache full:https://registry.npmjs.org/@img%2fsharp-darwin-arm64 set size:116891 disposed:false
798 silly fetch manifest @img/sharp-linuxmusl-x64@0.35.5
799 silly packumentCache full:https://registry.npmjs.org/@img%2fsharp-linuxmusl-x64 cache-miss
800 http fetch GET 200 https://registry.npmjs.org/@img%2fsharp-linux-riscv64 29ms (cache revalidated)
801 silly packumentCache full:https://registry.npmjs.org/@img%2fsharp-linux-riscv64 set size:57051 disposed:false
802 silly fetch manifest @img/sharp-freebsd-wasm32@0.35.5
803 silly packumentCache full:https://registry.npmjs.org/@img%2fsharp-freebsd-wasm32 cache-miss
804 http fetch GET 200 https://registry.npmjs.org/@img%2fsharp-linuxmusl-x64 44ms (cache revalidated)
805 silly packumentCache full:https://registry.npmjs.org/@img%2fsharp-linuxmusl-x64 set size:115107 disposed:false
806 silly fetch manifest @img/sharp-linuxmusl-arm64@0.35.5
807 silly packumentCache full:https://registry.npmjs.org/@img%2fsharp-linuxmusl-arm64 cache-miss
808 http fetch GET 200 https://registry.npmjs.org/@img%2fsharp-freebsd-wasm32 34ms (cache revalidated)
809 silly packumentCache full:https://registry.npmjs.org/@img%2fsharp-freebsd-wasm32 set size:54185 disposed:false
810 silly fetch manifest @img/sharp-libvips-linux-arm@1.3.4
811 silly packumentCache full:https://registry.npmjs.org/@img%2fsharp-libvips-linux-arm cache-miss
812 http fetch GET 200 https://registry.npmjs.org/@img%2fsharp-libvips-linux-arm 32ms (cache revalidated)
813 silly packumentCache full:https://registry.npmjs.org/@img%2fsharp-libvips-linux-arm set size:101980 disposed:false
814 silly fetch manifest @img/sharp-libvips-linux-x64@1.3.4
815 silly packumentCache full:https://registry.npmjs.org/@img%2fsharp-libvips-linux-x64 cache-miss
816 http fetch GET 200 https://registry.npmjs.org/@img%2fsharp-linuxmusl-arm64 48ms (cache revalidated)
817 silly packumentCache full:https://registry.npmjs.org/@img%2fsharp-linuxmusl-arm64 set size:116571 disposed:false
818 silly fetch manifest @img/sharp-libvips-darwin-x64@1.3.4
819 silly packumentCache full:https://registry.npmjs.org/@img%2fsharp-libvips-darwin-x64 cache-miss
820 http fetch GET 200 https://registry.npmjs.org/@img%2fsharp-libvips-linux-x64 43ms (cache revalidated)
821 silly packumentCache full:https://registry.npmjs.org/@img%2fsharp-libvips-linux-x64 set size:97791 disposed:false
822 silly fetch manifest @img/sharp-libvips-linux-arm64@1.3.4
823 silly packumentCache full:https://registry.npmjs.org/@img%2fsharp-libvips-linux-arm64 cache-miss
824 http fetch GET 200 https://registry.npmjs.org/@img%2fsharp-libvips-darwin-x64 46ms (cache revalidated)
825 silly packumentCache full:https://registry.npmjs.org/@img%2fsharp-libvips-darwin-x64 set size:94351 disposed:false
826 silly fetch manifest @img/sharp-libvips-linux-ppc64@1.3.4
827 silly packumentCache full:https://registry.npmjs.org/@img%2fsharp-libvips-linux-ppc64 cache-miss
828 http fetch GET 200 https://registry.npmjs.org/@img%2fsharp-win32-arm64 211ms (cache revalidated)
829 silly packumentCache full:https://registry.npmjs.org/@img%2fsharp-win32-arm64 set size:74401 disposed:false
830 silly fetch manifest @img/sharp-libvips-linux-s390x@1.3.4
831 silly packumentCache full:https://registry.npmjs.org/@img%2fsharp-libvips-linux-s390x cache-miss
832 http fetch GET 200 https://registry.npmjs.org/@img%2fsharp-libvips-linux-arm64 30ms (cache revalidated)
833 silly packumentCache full:https://registry.npmjs.org/@img%2fsharp-libvips-linux-arm64 set size:99131 disposed:false
834 silly fetch manifest @img/sharp-libvips-darwin-arm64@1.3.4
835 silly packumentCache full:https://registry.npmjs.org/@img%2fsharp-libvips-darwin-arm64 cache-miss
836 http fetch GET 200 https://registry.npmjs.org/@img%2fsharp-libvips-linux-s390x 30ms (cache revalidated)
837 silly packumentCache full:https://registry.npmjs.org/@img%2fsharp-libvips-linux-s390x set size:93119 disposed:false
838 silly fetch manifest @img/sharp-webcontainers-wasm32@0.35.5
839 silly packumentCache full:https://registry.npmjs.org/@img%2fsharp-webcontainers-wasm32 cache-miss
840 http fetch GET 200 https://registry.npmjs.org/@img%2fsharp-libvips-linux-ppc64 48ms (cache revalidated)
841 silly packumentCache full:https://registry.npmjs.org/@img%2fsharp-libvips-linux-ppc64 set size:84165 disposed:false
842 silly fetch manifest @img/sharp-libvips-linux-riscv64@1.3.4
843 silly packumentCache full:https://registry.npmjs.org/@img%2fsharp-libvips-linux-riscv64 cache-miss
844 http fetch GET 200 https://registry.npmjs.org/@img%2fsharp-libvips-darwin-arm64 30ms (cache revalidated)
845 silly packumentCache full:https://registry.npmjs.org/@img%2fsharp-libvips-darwin-arm64 set size:95366 disposed:false
846 silly fetch manifest @img/sharp-libvips-linuxmusl-x64@1.3.4
847 silly packumentCache full:https://registry.npmjs.org/@img%2fsharp-libvips-linuxmusl-x64 cache-miss
848 http fetch GET 200 https://registry.npmjs.org/@img%2fsharp-webcontainers-wasm32 41ms (cache revalidated)
849 silly packumentCache full:https://registry.npmjs.org/@img%2fsharp-webcontainers-wasm32 set size:53436 disposed:false
850 silly fetch manifest @img/sharp-libvips-linuxmusl-arm64@1.3.4
851 silly packumentCache full:https://registry.npmjs.org/@img%2fsharp-libvips-linuxmusl-arm64 cache-miss
852 http fetch GET 200 https://registry.npmjs.org/@img%2fsharp-libvips-linuxmusl-x64 30ms (cache revalidated)
853 silly packumentCache full:https://registry.npmjs.org/@img%2fsharp-libvips-linuxmusl-x64 set size:95242 disposed:false
854 silly fetch manifest @types/hast@^3.0.5
855 silly packumentCache full:https://registry.npmjs.org/@types%2fhast cache-hit
856 silly fetch manifest @shikijs/core@4.4.3
857 silly packumentCache full:https://registry.npmjs.org/@shikijs%2fcore cache-miss
858 http fetch GET 200 https://registry.npmjs.org/@img%2fsharp-libvips-linux-riscv64 39ms (cache revalidated)
859 silly packumentCache full:https://registry.npmjs.org/@img%2fsharp-libvips-linux-riscv64 set size:70477 disposed:false
860 silly fetch manifest @shikijs/langs@4.4.3
861 silly packumentCache full:https://registry.npmjs.org/@shikijs%2flangs cache-miss
862 http fetch GET 200 https://registry.npmjs.org/@shikijs%2fcore 35ms (cache revalidated)
863 silly packumentCache full:https://registry.npmjs.org/@shikijs%2fcore set size:364638 disposed:false
864 silly fetch manifest @shikijs/types@4.4.3
865 silly packumentCache full:https://registry.npmjs.org/@shikijs%2ftypes cache-miss
866 http fetch GET 200 https://registry.npmjs.org/@shikijs%2flangs 44ms (cache revalidated)
867 silly packumentCache full:https://registry.npmjs.org/@shikijs%2flangs set size:854506 disposed:false
868 silly fetch manifest @shikijs/themes@4.4.3
869 silly packumentCache full:https://registry.npmjs.org/@shikijs%2fthemes cache-miss
870 http fetch GET 200 https://registry.npmjs.org/@shikijs%2fthemes 42ms (cache revalidated)
871 silly packumentCache full:https://registry.npmjs.org/@shikijs%2fthemes set size:339923 disposed:false
872 silly fetch manifest @shikijs/vscode-textmate@^10.0.2
873 silly packumentCache full:https://registry.npmjs.org/@shikijs%2fvscode-textmate cache-miss
874 http fetch GET 200 https://registry.npmjs.org/@shikijs%2fvscode-textmate 49ms (cache revalidated)
875 silly packumentCache full:https://registry.npmjs.org/@shikijs%2fvscode-textmate set size:25645 disposed:false
876 silly fetch manifest @shikijs/engine-oniguruma@4.4.3
877 silly packumentCache full:https://registry.npmjs.org/@shikijs%2fengine-oniguruma cache-miss
878 http fetch GET 200 https://registry.npmjs.org/@shikijs%2fengine-oniguruma 46ms (cache revalidated)
879 silly packumentCache full:https://registry.npmjs.org/@shikijs%2fengine-oniguruma set size:222210 disposed:false
880 silly fetch manifest @shikijs/engine-javascript@4.4.3
881 silly packumentCache full:https://registry.npmjs.org/@shikijs%2fengine-javascript cache-miss
882 http fetch GET 200 https://registry.npmjs.org/@img%2fsharp-libvips-linuxmusl-arm64 237ms (cache revalidated)
883 silly packumentCache full:https://registry.npmjs.org/@img%2fsharp-libvips-linuxmusl-arm64 set size:98430 disposed:false
884 silly fetch manifest sax@1.6.1
885 silly packumentCache full:https://registry.npmjs.org/sax cache-miss
886 http fetch GET 200 https://registry.npmjs.org/sax 22ms (cache revalidated)
887 silly packumentCache full:https://registry.npmjs.org/sax set size:92982 disposed:false
888 silly fetch manifest csso@^5.0.5
889 silly packumentCache full:https://registry.npmjs.org/csso cache-miss
890 http fetch GET 200 https://registry.npmjs.org/@shikijs%2fengine-javascript 62ms (cache revalidated)
891 silly packumentCache full:https://registry.npmjs.org/@shikijs%2fengine-javascript set size:213032 disposed:false
892 silly fetch manifest css-tree@^3.0.1
893 silly packumentCache full:https://registry.npmjs.org/css-tree cache-miss
894 http fetch GET 200 https://registry.npmjs.org/@shikijs%2ftypes 242ms (cache revalidated)
895 silly packumentCache full:https://registry.npmjs.org/@shikijs%2ftypes set size:193623 disposed:false
896 silly fetch manifest css-what@^7.0.0
897 silly packumentCache full:https://registry.npmjs.org/css-what cache-miss
898 http fetch GET 200 https://registry.npmjs.org/csso 41ms (cache revalidated)
899 silly packumentCache full:https://registry.npmjs.org/csso set size:202215 disposed:false
900 silly fetch manifest commander@^11.1.0
901 silly packumentCache full:https://registry.npmjs.org/commander cache-miss
902 http fetch GET 200 https://registry.npmjs.org/css-tree 32ms (cache revalidated)
903 silly packumentCache full:https://registry.npmjs.org/css-tree set size:229638 disposed:false
904 silly fetch manifest css-select@^6.0.0
905 silly packumentCache full:https://registry.npmjs.org/css-select cache-miss
906 http fetch GET 200 https://registry.npmjs.org/css-what 35ms (cache revalidated)
907 silly packumentCache full:https://registry.npmjs.org/css-what set size:81721 disposed:false
908 silly fetch manifest picocolors@^1.1.1
909 silly packumentCache full:https://registry.npmjs.org/picocolors cache-miss
910 http fetch GET 200 https://registry.npmjs.org/css-select 23ms (cache revalidated)
911 silly packumentCache full:https://registry.npmjs.org/css-select set size:111202 disposed:false
912 silly fetch manifest fdir@^6.5.0
913 silly packumentCache full:https://registry.npmjs.org/fdir cache-miss
914 http fetch GET 200 https://registry.npmjs.org/commander 36ms (cache revalidated)
915 silly packumentCache full:https://registry.npmjs.org/commander set size:353104 disposed:false
916 silly fetch manifest ohash@^2.0.11
917 silly packumentCache full:https://registry.npmjs.org/ohash cache-miss
918 http fetch GET 200 https://registry.npmjs.org/picocolors 33ms (cache revalidated)
919 silly packumentCache full:https://registry.npmjs.org/picocolors set size:16648 disposed:false
920 silly fetch manifest undici@^8.0.0
921 silly packumentCache full:https://registry.npmjs.org/undici cache-miss
922 http fetch GET 200 https://registry.npmjs.org/fdir 30ms (cache revalidated)
923 silly packumentCache full:https://registry.npmjs.org/fdir set size:136182 disposed:false
924 silly fetch manifest css-tree@^3.1.0
925 silly packumentCache full:https://registry.npmjs.org/css-tree cache-hit
926 silly fetch manifest h3@^1.15.10
927 silly packumentCache full:https://registry.npmjs.org/h3 cache-hit
928 silly fetch manifest ufo@^1.6.3
929 silly packumentCache full:https://registry.npmjs.org/ufo cache-miss
930 http fetch GET 200 https://registry.npmjs.org/ohash 27ms (cache revalidated)
931 silly packumentCache full:https://registry.npmjs.org/ohash set size:71846 disposed:false
932 silly fetch manifest destr@^2.0.5
933 silly packumentCache full:https://registry.npmjs.org/destr cache-miss
934 http fetch GET 200 https://registry.npmjs.org/undici 38ms (cache revalidated)
935 silly packumentCache full:https://registry.npmjs.org/undici set size:1558776 disposed:false
936 silly fetch manifest ofetch@^1.5.1
937 silly packumentCache full:https://registry.npmjs.org/ofetch cache-miss
938 http fetch GET 200 https://registry.npmjs.org/ufo 36ms (cache revalidated)
939 silly packumentCache full:https://registry.npmjs.org/ufo set size:169119 disposed:false
940 silly fetch manifest anymatch@^3.1.3
941 silly packumentCache full:https://registry.npmjs.org/anymatch cache-miss
942 http fetch GET 200 https://registry.npmjs.org/destr 45ms (cache revalidated)
943 silly packumentCache full:https://registry.npmjs.org/destr set size:65344 disposed:false
944 silly fetch manifest chokidar@^5.0.0
945 silly packumentCache full:https://registry.npmjs.org/chokidar cache-miss
946 http fetch GET 200 https://registry.npmjs.org/anymatch 19ms (cache revalidated)
947 silly packumentCache full:https://registry.npmjs.org/anymatch set size:42974 disposed:false
948 silly fetch manifest lru-cache@^11.2.7
949 silly packumentCache full:https://registry.npmjs.org/lru-cache cache-miss
950 http fetch GET 200 https://registry.npmjs.org/ofetch 32ms (cache revalidated)
951 silly packumentCache full:https://registry.npmjs.org/ofetch set size:75280 disposed:false
952 silly fetch manifest node-fetch-native@^1.6.7
953 silly packumentCache full:https://registry.npmjs.org/node-fetch-native cache-miss
954 http fetch GET 200 https://registry.npmjs.org/chokidar 24ms (cache revalidated)
955 silly packumentCache full:https://registry.npmjs.org/chokidar set size:255902 disposed:false
956 silly fetch manifest postcss@^8.5.28
957 silly packumentCache full:https://registry.npmjs.org/postcss cache-hit
958 silly fetch manifest rolldown@~1.2.9
959 silly packumentCache full:https://registry.npmjs.org/rolldown cache-miss
960 http fetch GET 200 https://registry.npmjs.org/lru-cache 25ms (cache revalidated)
961 silly packumentCache full:https://registry.npmjs.org/lru-cache set size:465506 disposed:false
962 silly fetch manifest lightningcss@^1.33.0
963 silly packumentCache full:https://registry.npmjs.org/lightningcss cache-miss
964 http fetch GET 200 https://registry.npmjs.org/node-fetch-native 33ms (cache revalidated)
965 silly packumentCache full:https://registry.npmjs.org/node-fetch-native set size:114626 disposed:false
966 silly fetch manifest fsevents@~2.3.3
967 silly packumentCache full:https://registry.npmjs.org/fsevents cache-miss
968 http fetch GET 200 https://registry.npmjs.org/rolldown 35ms (cache revalidated)
969 silly packumentCache full:https://registry.npmjs.org/rolldown set size:3834881 disposed:false
970 http fetch GET 200 https://registry.npmjs.org/fsevents 69ms (cache revalidated)
971 silly packumentCache full:https://registry.npmjs.org/fsevents set size:182472 disposed:false
972 http fetch GET 200 https://registry.npmjs.org/lightningcss 83ms (cache revalidated)
973 silly packumentCache full:https://registry.npmjs.org/lightningcss set size:191065 disposed:false
974 silly placeDep ROOT @astrojs/compiler-binding@0.5.1 OK for: @astrojs/compiler-rs@0.5.1 want: 0.5.1
975 silly fetch manifest @astrojs/compiler-binding-darwin-x64@0.5.1
976 silly packumentCache full:https://registry.npmjs.org/@astrojs%2fcompiler-binding-darwin-x64 cache-miss
977 silly fetch manifest @astrojs/compiler-binding-wasm32-wasi@0.5.1
978 silly packumentCache full:https://registry.npmjs.org/@astrojs%2fcompiler-binding-wasm32-wasi cache-miss
979 silly fetch manifest @astrojs/compiler-binding-darwin-arm64@0.5.1
980 silly packumentCache full:https://registry.npmjs.org/@astrojs%2fcompiler-binding-darwin-arm64 cache-miss
981 http fetch GET 200 https://registry.npmjs.org/@astrojs%2fcompiler-binding-darwin-x64 62ms (cache revalidated)
982 silly packumentCache full:https://registry.npmjs.org/@astrojs%2fcompiler-binding-darwin-x64 set size:46269 disposed:false
983 silly fetch manifest @astrojs/compiler-binding-android-arm64@0.5.1
984 silly packumentCache full:https://registry.npmjs.org/@astrojs%2fcompiler-binding-android-arm64 cache-miss
985 http fetch GET 200 https://registry.npmjs.org/@astrojs%2fcompiler-binding-darwin-arm64 63ms (cache revalidated)
986 silly packumentCache full:https://registry.npmjs.org/@astrojs%2fcompiler-binding-darwin-arm64 set size:46638 disposed:false
987 silly fetch manifest @astrojs/compiler-binding-linux-x64-gnu@0.5.1
988 silly packumentCache full:https://registry.npmjs.org/@astrojs%2fcompiler-binding-linux-x64-gnu cache-miss
989 http fetch GET 200 https://registry.npmjs.org/@astrojs%2fcompiler-binding-wasm32-wasi 73ms (cache revalidated)
990 silly packumentCache full:https://registry.npmjs.org/@astrojs%2fcompiler-binding-wasm32-wasi set size:47668 disposed:false
991 silly fetch manifest @astrojs/compiler-binding-linux-x64-musl@0.5.1
992 silly packumentCache full:https://registry.npmjs.org/@astrojs%2fcompiler-binding-linux-x64-musl cache-miss
993 http fetch GET 200 https://registry.npmjs.org/@astrojs%2fcompiler-binding-linux-x64-gnu 58ms (cache revalidated)
994 silly packumentCache full:https://registry.npmjs.org/@astrojs%2fcompiler-binding-linux-x64-gnu set size:47447 disposed:false
995 silly fetch manifest @astrojs/compiler-binding-win32-x64-msvc@0.5.1
996 silly packumentCache full:https://registry.npmjs.org/@astrojs%2fcompiler-binding-win32-x64-msvc cache-miss
997 http fetch GET 200 https://registry.npmjs.org/@astrojs%2fcompiler-binding-win32-x64-msvc 35ms (cache revalidated)
998 silly packumentCache full:https://registry.npmjs.org/@astrojs%2fcompiler-binding-win32-x64-msvc set size:46895 disposed:false
999 silly fetch manifest @astrojs/compiler-binding-linux-arm64-gnu@0.5.1
1000 silly packumentCache full:https://registry.npmjs.org/@astrojs%2fcompiler-binding-linux-arm64-gnu cache-miss
1001 http fetch GET 200 https://registry.npmjs.org/@astrojs%2fcompiler-binding-linux-arm64-gnu 36ms (cache revalidated)
1002 silly packumentCache full:https://registry.npmjs.org/@astrojs%2fcompiler-binding-linux-arm64-gnu set size:47489 disposed:false
1003 silly fetch manifest @astrojs/compiler-binding-linux-arm64-musl@0.5.1
1004 silly packumentCache full:https://registry.npmjs.org/@astrojs%2fcompiler-binding-linux-arm64-musl cache-miss
1005 http fetch GET 200 https://registry.npmjs.org/@astrojs%2fcompiler-binding-linux-arm64-musl 85ms (cache revalidated)
1006 silly packumentCache full:https://registry.npmjs.org/@astrojs%2fcompiler-binding-linux-arm64-musl set size:47625 disposed:false
1007 silly fetch manifest @astrojs/compiler-binding-win32-arm64-msvc@0.5.1
1008 silly packumentCache full:https://registry.npmjs.org/@astrojs%2fcompiler-binding-win32-arm64-msvc cache-miss
1009 http fetch GET 200 https://registry.npmjs.org/@astrojs%2fcompiler-binding-linux-x64-musl 218ms (cache revalidated)
1010 silly packumentCache full:https://registry.npmjs.org/@astrojs%2fcompiler-binding-linux-x64-musl set size:47252 disposed:false
1011 http fetch GET 200 https://registry.npmjs.org/@astrojs%2fcompiler-binding-win32-arm64-msvc 84ms (cache revalidated)
1012 silly packumentCache full:https://registry.npmjs.org/@astrojs%2fcompiler-binding-win32-arm64-msvc set size:47265 disposed:false
1013 http fetch GET 200 https://registry.npmjs.org/@astrojs%2fcompiler-binding-android-arm64 396ms (cache revalidated)
1014 silly packumentCache full:https://registry.npmjs.org/@astrojs%2fcompiler-binding-android-arm64 set size:8992 disposed:false
1015 silly placeDep ROOT @astrojs/compiler-binding-android-arm64@0.5.1 OK for: @astrojs/compiler-binding@0.5.1 want: 0.5.1
1016 silly placeDep ROOT @astrojs/compiler-binding-darwin-arm64@0.5.1 OK for: @astrojs/compiler-binding@0.5.1 want: 0.5.1
1017 silly placeDep ROOT @astrojs/compiler-binding-darwin-x64@0.5.1 OK for: @astrojs/compiler-binding@0.5.1 want: 0.5.1
1018 silly placeDep ROOT @astrojs/compiler-binding-linux-arm64-gnu@0.5.1 OK for: @astrojs/compiler-binding@0.5.1 want: 0.5.1
1019 silly placeDep ROOT @astrojs/compiler-binding-linux-arm64-musl@0.5.1 OK for: @astrojs/compiler-binding@0.5.1 want: 0.5.1
1020 silly placeDep ROOT @astrojs/compiler-binding-linux-x64-gnu@0.5.1 OK for: @astrojs/compiler-binding@0.5.1 want: 0.5.1
1021 silly placeDep ROOT @astrojs/compiler-binding-linux-x64-musl@0.5.1 OK for: @astrojs/compiler-binding@0.5.1 want: 0.5.1
1022 silly placeDep ROOT @astrojs/compiler-binding-wasm32-wasi@0.5.1 OK for: @astrojs/compiler-binding@0.5.1 want: 0.5.1
1023 silly placeDep ROOT @astrojs/compiler-binding-win32-arm64-msvc@0.5.1 OK for: @astrojs/compiler-binding@0.5.1 want: 0.5.1
1024 silly placeDep ROOT @astrojs/compiler-binding-win32-x64-msvc@0.5.1 OK for: @astrojs/compiler-binding@0.5.1 want: 0.5.1
1025 silly fetch manifest @emnapi/core@1.11.3
1026 silly packumentCache full:https://registry.npmjs.org/@emnapi%2fcore cache-miss
1027 silly fetch manifest @emnapi/runtime@1.11.3
1028 silly packumentCache full:https://registry.npmjs.org/@emnapi%2fruntime cache-miss
1029 silly fetch manifest @napi-rs/wasm-runtime@^1.2.4
1030 silly packumentCache full:https://registry.npmjs.org/@napi-rs%2fwasm-runtime cache-miss
1031 http fetch GET 200 https://registry.npmjs.org/@emnapi%2fcore 37ms (cache revalidated)
1032 silly packumentCache full:https://registry.npmjs.org/@emnapi%2fcore set size:126418 disposed:false
1033 http fetch GET 200 https://registry.npmjs.org/@napi-rs%2fwasm-runtime 40ms (cache revalidated)
1034 silly packumentCache full:https://registry.npmjs.org/@napi-rs%2fwasm-runtime set size:90458 disposed:false
1035 http fetch GET 200 https://registry.npmjs.org/@emnapi%2fruntime 45ms (cache revalidated)
1036 silly packumentCache full:https://registry.npmjs.org/@emnapi%2fruntime set size:127256 disposed:false
1037 silly placeDep ROOT @emnapi/core@1.11.3 OK for: @astrojs/compiler-binding-wasm32-wasi@0.5.1 want: 1.11.3
1038 silly placeDep ROOT @emnapi/runtime@1.11.3 OK for: @astrojs/compiler-binding-wasm32-wasi@0.5.1 want: 1.11.3
1039 silly placeDep ROOT @napi-rs/wasm-runtime@1.2.4 OK for: @astrojs/compiler-binding-wasm32-wasi@0.5.1 want: ^1.2.4
1040 silly fetch manifest tslib@^2.4.0
1041 silly packumentCache full:https://registry.npmjs.org/tslib cache-miss
1042 silly fetch manifest @emnapi/wasi-threads@1.2.3
1043 silly packumentCache full:https://registry.npmjs.org/@emnapi%2fwasi-threads cache-miss
1044 silly fetch manifest tslib@^2.4.0
1045 silly packumentCache full:https://registry.npmjs.org/tslib cache-miss
1046 http fetch GET 200 https://registry.npmjs.org/tslib 23ms (cache revalidated)
1047 silly packumentCache full:https://registry.npmjs.org/tslib set size:108843 disposed:false
1048 silly fetch manifest @tybys/wasm-util@^0.10.3
1049 silly packumentCache full:https://registry.npmjs.org/@tybys%2fwasm-util cache-miss
1050 http fetch GET 200 https://registry.npmjs.org/tslib 35ms (cache revalidated)
1051 silly packumentCache full:https://registry.npmjs.org/tslib set size:108843 disposed:false
1052 silly packumentCache full:https://registry.npmjs.org/tslib dispose
1053 http fetch GET 200 https://registry.npmjs.org/@tybys%2fwasm-util 43ms (cache revalidated)
1054 silly packumentCache full:https://registry.npmjs.org/@tybys%2fwasm-util set size:62627 disposed:false
1055 http fetch GET 200 https://registry.npmjs.org/@emnapi%2fwasi-threads 204ms (cache revalidated)
1056 silly packumentCache full:https://registry.npmjs.org/@emnapi%2fwasi-threads set size:35327 disposed:false
1057 silly placeDep ROOT @types/hast@3.0.5 OK for: @astrojs/internal-helpers@0.11.0 want: ^3.0.4
1058 silly placeDep ROOT @types/mdast@4.0.4 OK for: @astrojs/internal-helpers@0.11.0 want: ^4.0.4
1059 silly placeDep ROOT retext-smartypants@6.2.0 OK for: @astrojs/internal-helpers@0.11.0 want: ^6.2.0
1060 silly placeDep ROOT unified@11.0.5 OK for: @astrojs/internal-helpers@0.11.0 want: ^11.0.5
1061 silly fetch manifest @types/unist@*
1062 silly packumentCache full:https://registry.npmjs.org/@types%2funist cache-miss
1063 silly fetch manifest @types/unist@*
1064 silly packumentCache full:https://registry.npmjs.org/@types%2funist cache-miss
1065 silly fetch manifest @types/nlcst@^2.0.0
1066 silly packumentCache full:https://registry.npmjs.org/@types%2fnlcst cache-miss
1067 http fetch GET 200 https://registry.npmjs.org/@types%2funist 31ms (cache revalidated)
1068 silly packumentCache full:https://registry.npmjs.org/@types%2funist set size:39215 disposed:false
1069 silly fetch manifest nlcst-to-string@^4.0.0
1070 silly packumentCache full:https://registry.npmjs.org/nlcst-to-string cache-miss
1071 http fetch GET 200 https://registry.npmjs.org/@types%2funist 33ms (cache revalidated)
1072 silly packumentCache full:https://registry.npmjs.org/@types%2funist set size:39215 disposed:false
1073 silly packumentCache full:https://registry.npmjs.org/@types%2funist dispose
1074 silly fetch manifest unist-util-visit@^5.0.0
1075 silly packumentCache full:https://registry.npmjs.org/unist-util-visit cache-miss
1076 http fetch GET 200 https://registry.npmjs.org/unist-util-visit 25ms (cache revalidated)
1077 silly packumentCache full:https://registry.npmjs.org/unist-util-visit set size:90557 disposed:false
1078 silly fetch manifest @types/unist@^3.0.0
1079 silly packumentCache full:https://registry.npmjs.org/@types%2funist cache-hit
1080 silly fetch manifest bail@^2.0.0
1081 silly packumentCache full:https://registry.npmjs.org/bail cache-miss
1082 http fetch GET 200 https://registry.npmjs.org/nlcst-to-string 45ms (cache revalidated)
1083 silly packumentCache full:https://registry.npmjs.org/nlcst-to-string set size:60981 disposed:false
1084 silly fetch manifest devlop@^1.0.0
1085 silly packumentCache full:https://registry.npmjs.org/devlop cache-miss
1086 http fetch GET 200 https://registry.npmjs.org/devlop 27ms (cache revalidated)
1087 silly packumentCache full:https://registry.npmjs.org/devlop set size:16868 disposed:false
1088 silly fetch manifest extend@^3.0.0
1089 silly packumentCache full:https://registry.npmjs.org/extend cache-miss
1090 http fetch GET 200 https://registry.npmjs.org/extend 26ms (cache revalidated)
1091 silly packumentCache full:https://registry.npmjs.org/extend set size:25974 disposed:false
1092 silly fetch manifest is-plain-obj@^4.0.0
1093 silly packumentCache full:https://registry.npmjs.org/is-plain-obj cache-miss
1094 http fetch GET 200 https://registry.npmjs.org/is-plain-obj 27ms (cache revalidated)
1095 silly packumentCache full:https://registry.npmjs.org/is-plain-obj set size:17899 disposed:false
1096 silly fetch manifest trough@^2.0.0
1097 silly packumentCache full:https://registry.npmjs.org/trough cache-miss
1098 http fetch GET 200 https://registry.npmjs.org/@types%2fnlcst 186ms (cache revalidated)
1099 silly packumentCache full:https://registry.npmjs.org/@types%2fnlcst set size:17041 disposed:false
1100 silly fetch manifest vfile@^6.0.0
1101 silly packumentCache full:https://registry.npmjs.org/vfile cache-miss
1102 http fetch GET 200 https://registry.npmjs.org/trough 25ms (cache revalidated)
1103 silly packumentCache full:https://registry.npmjs.org/trough set size:46749 disposed:false
1104 http fetch GET 200 https://registry.npmjs.org/vfile 24ms (cache revalidated)
1105 silly packumentCache full:https://registry.npmjs.org/vfile set size:172678 disposed:false
1106 http fetch GET 200 https://registry.npmjs.org/bail 210ms (cache revalidated)
1107 silly packumentCache full:https://registry.npmjs.org/bail set size:30511 disposed:false
1108 silly placeDep ROOT @astrojs/prism@4.0.2 OK for: @astrojs/markdown-satteri@0.4.2 want: 4.0.2
1109 silly placeDep ROOT satteri@0.10.5 OK for: @astrojs/markdown-satteri@0.4.2 want: ^0.10.3
1110 silly fetch manifest prismjs@^1.30.0
1111 silly packumentCache full:https://registry.npmjs.org/prismjs cache-miss
1112 silly fetch manifest @types/unist@^3.0.3
1113 silly packumentCache full:https://registry.npmjs.org/@types%2funist cache-hit
1114 silly fetch manifest @types/estree-jsx@^1.0.5
1115 silly packumentCache full:https://registry.npmjs.org/@types%2festree-jsx cache-miss
1116 silly fetch manifest @bruits/satteri-darwin-x64@0.10.5
1117 silly packumentCache full:https://registry.npmjs.org/@bruits%2fsatteri-darwin-x64 cache-miss
1118 http fetch GET 200 https://registry.npmjs.org/@types%2festree-jsx 30ms (cache revalidated)
1119 silly packumentCache full:https://registry.npmjs.org/@types%2festree-jsx set size:18387 disposed:false
1120 silly fetch manifest @bruits/satteri-wasm32-wasi@0.10.5
1121 silly packumentCache full:https://registry.npmjs.org/@bruits%2fsatteri-wasm32-wasi cache-miss
1122 http fetch GET 200 https://registry.npmjs.org/prismjs 36ms (cache revalidated)
1123 silly packumentCache full:https://registry.npmjs.org/prismjs set size:114949 disposed:false
1124 silly fetch manifest @bruits/satteri-darwin-arm64@0.10.5
1125 silly packumentCache full:https://registry.npmjs.org/@bruits%2fsatteri-darwin-arm64 cache-miss
1126 http fetch GET 200 https://registry.npmjs.org/@bruits%2fsatteri-darwin-arm64 36ms (cache revalidated)
1127 silly packumentCache full:https://registry.npmjs.org/@bruits%2fsatteri-darwin-arm64 set size:65222 disposed:false
1128 silly fetch manifest @bruits/satteri-linux-x64-gnu@0.10.5
1129 silly packumentCache full:https://registry.npmjs.org/@bruits%2fsatteri-linux-x64-gnu cache-miss
1130 http fetch GET 200 https://registry.npmjs.org/@bruits%2fsatteri-darwin-x64 77ms (cache revalidated)
1131 silly packumentCache full:https://registry.npmjs.org/@bruits%2fsatteri-darwin-x64 set size:66348 disposed:false
1132 silly fetch manifest @bruits/satteri-linux-x64-musl@0.10.5
1133 silly packumentCache full:https://registry.npmjs.org/@bruits%2fsatteri-linux-x64-musl cache-miss
1134 http fetch GET 200 https://registry.npmjs.org/@bruits%2fsatteri-wasm32-wasi 69ms (cache revalidated)
1135 silly packumentCache full:https://registry.npmjs.org/@bruits%2fsatteri-wasm32-wasi set size:72460 disposed:false
1136 silly fetch manifest @bruits/satteri-win32-x64-msvc@0.10.5
1137 silly packumentCache full:https://registry.npmjs.org/@bruits%2fsatteri-win32-x64-msvc cache-miss
1138 http fetch GET 200 https://registry.npmjs.org/@bruits%2fsatteri-linux-x64-musl 44ms (cache revalidated)
1139 silly packumentCache full:https://registry.npmjs.org/@bruits%2fsatteri-linux-x64-musl set size:15881 disposed:false
1140 silly fetch manifest @bruits/satteri-linux-arm64-gnu@0.10.5
1141 silly packumentCache full:https://registry.npmjs.org/@bruits%2fsatteri-linux-arm64-gnu cache-miss
1142 http fetch GET 200 https://registry.npmjs.org/@bruits%2fsatteri-linux-x64-gnu 72ms (cache revalidated)
1143 silly packumentCache full:https://registry.npmjs.org/@bruits%2fsatteri-linux-x64-gnu set size:68813 disposed:false
1144 silly fetch manifest @bruits/satteri-linux-arm64-musl@0.10.5
1145 silly packumentCache full:https://registry.npmjs.org/@bruits%2fsatteri-linux-arm64-musl cache-miss
1146 http fetch GET 200 https://registry.npmjs.org/@bruits%2fsatteri-win32-x64-msvc 75ms (cache revalidated)
1147 silly packumentCache full:https://registry.npmjs.org/@bruits%2fsatteri-win32-x64-msvc set size:67411 disposed:false
1148 silly fetch manifest @bruits/satteri-win32-arm64-msvc@0.10.5
1149 silly packumentCache full:https://registry.npmjs.org/@bruits%2fsatteri-win32-arm64-msvc cache-miss
1150 http fetch GET 200 https://registry.npmjs.org/@bruits%2fsatteri-linux-arm64-gnu 79ms (cache revalidated)
1151 silly packumentCache full:https://registry.npmjs.org/@bruits%2fsatteri-linux-arm64-gnu set size:17665 disposed:false
1152 http fetch GET 200 https://registry.npmjs.org/@bruits%2fsatteri-linux-arm64-musl 69ms (cache revalidated)
1153 silly packumentCache full:https://registry.npmjs.org/@bruits%2fsatteri-linux-arm64-musl set size:17729 disposed:false
1154 http fetch GET 200 https://registry.npmjs.org/@bruits%2fsatteri-win32-arm64-msvc 63ms (cache revalidated)
1155 silly packumentCache full:https://registry.npmjs.org/@bruits%2fsatteri-win32-arm64-msvc set size:17571 disposed:false
1156 silly placeDep ROOT prismjs@1.30.0 OK for: @astrojs/prism@4.0.2 want: ^1.30.0
1157 silly placeDep ROOT is-docker@4.0.0 OK for: @astrojs/telemetry@3.3.3 want: ^4.0.0
1158 silly placeDep ROOT fontkitten@1.0.3 OK for: @capsizecss/unpack@4.0.1 want: ^1.0.3
1159 silly fetch manifest tiny-inflate@^1.0.3
1160 silly packumentCache full:https://registry.npmjs.org/tiny-inflate cache-miss
1161 http fetch GET 200 https://registry.npmjs.org/tiny-inflate 27ms (cache revalidated)
1162 silly packumentCache full:https://registry.npmjs.org/tiny-inflate set size:8091 disposed:false
1163 silly placeDep ROOT @clack/core@1.5.1 OK for: @clack/prompts@1.8.1 want: 1.5.1
1164 silly placeDep ROOT fast-string-width@3.0.2 OK for: @clack/prompts@1.8.1 want: ^3.0.2
1165 silly placeDep ROOT fast-wrap-ansi@0.2.2 OK for: @clack/prompts@1.8.1 want: ^0.2.0
1166 silly placeDep ROOT sisteransi@1.0.5 OK for: @clack/prompts@1.8.1 want: ^1.0.5
1167 silly fetch manifest fast-string-truncated-width@^3.0.2
1168 silly packumentCache full:https://registry.npmjs.org/fast-string-truncated-width cache-miss
1169 http fetch GET 200 https://registry.npmjs.org/fast-string-truncated-width 22ms (cache revalidated)
1170 silly packumentCache full:https://registry.npmjs.org/fast-string-truncated-width set size:23965 disposed:false
1171 silly placeDep ROOT @emnapi/wasi-threads@1.2.3 OK for: @emnapi/core@1.11.3 want: 1.2.3
1172 silly placeDep ROOT tslib@2.8.1 OK for: @emnapi/core@1.11.3 want: ^2.4.0
1173 silly placeDep ROOT @tybys/wasm-util@0.10.4 OK for: @napi-rs/wasm-runtime@1.2.4 want: ^0.10.3
1174 silly placeDep ROOT @types/unist@3.0.3 OK for: @types/hast@3.0.5 want: *
1175 silly placeDep ROOT process-ancestry@0.1.0 OK for: am-i-vibing@0.4.0 want: ^0.1.0
1176 silly placeDep ROOT @esbuild/aix-ppc64@0.28.2 OK for: esbuild@0.28.2 want: 0.28.2
1177 silly placeDep ROOT @esbuild/android-arm@0.28.2 OK for: esbuild@0.28.2 want: 0.28.2
1178 silly placeDep ROOT @esbuild/android-arm64@0.28.2 OK for: esbuild@0.28.2 want: 0.28.2
1179 silly placeDep ROOT @esbuild/android-x64@0.28.2 OK for: esbuild@0.28.2 want: 0.28.2
1180 silly placeDep ROOT @esbuild/darwin-arm64@0.28.2 OK for: esbuild@0.28.2 want: 0.28.2
1181 silly placeDep ROOT @esbuild/darwin-x64@0.28.2 OK for: esbuild@0.28.2 want: 0.28.2
1182 silly placeDep ROOT @esbuild/freebsd-arm64@0.28.2 OK for: esbuild@0.28.2 want: 0.28.2
1183 silly placeDep ROOT @esbuild/freebsd-x64@0.28.2 OK for: esbuild@0.28.2 want: 0.28.2
1184 silly placeDep ROOT @esbuild/linux-arm@0.28.2 OK for: esbuild@0.28.2 want: 0.28.2
1185 silly placeDep ROOT @esbuild/linux-arm64@0.28.2 OK for: esbuild@0.28.2 want: 0.28.2
1186 silly placeDep ROOT @esbuild/linux-ia32@0.28.2 OK for: esbuild@0.28.2 want: 0.28.2
1187 silly placeDep ROOT @esbuild/linux-loong64@0.28.2 OK for: esbuild@0.28.2 want: 0.28.2
1188 silly placeDep ROOT @esbuild/linux-mips64el@0.28.2 OK for: esbuild@0.28.2 want: 0.28.2
1189 silly placeDep ROOT @esbuild/linux-ppc64@0.28.2 OK for: esbuild@0.28.2 want: 0.28.2
1190 silly placeDep ROOT @esbuild/linux-riscv64@0.28.2 OK for: esbuild@0.28.2 want: 0.28.2
1191 silly placeDep ROOT @esbuild/linux-s390x@0.28.2 OK for: esbuild@0.28.2 want: 0.28.2
1192 silly placeDep ROOT @esbuild/linux-x64@0.28.2 OK for: esbuild@0.28.2 want: 0.28.2
1193 silly placeDep ROOT @esbuild/netbsd-arm64@0.28.2 OK for: esbuild@0.28.2 want: 0.28.2
1194 silly placeDep ROOT @esbuild/netbsd-x64@0.28.2 OK for: esbuild@0.28.2 want: 0.28.2
1195 silly placeDep ROOT @esbuild/openbsd-arm64@0.28.2 OK for: esbuild@0.28.2 want: 0.28.2
1196 silly placeDep ROOT @esbuild/openbsd-x64@0.28.2 OK for: esbuild@0.28.2 want: 0.28.2
1197 silly placeDep ROOT @esbuild/openharmony-arm64@0.28.2 OK for: esbuild@0.28.2 want: 0.28.2
1198 silly placeDep ROOT @esbuild/sunos-x64@0.28.2 OK for: esbuild@0.28.2 want: 0.28.2
1199 silly placeDep ROOT @esbuild/win32-arm64@0.28.2 OK for: esbuild@0.28.2 want: 0.28.2
1200 silly placeDep ROOT @esbuild/win32-ia32@0.28.2 OK for: esbuild@0.28.2 want: 0.28.2
1201 silly placeDep ROOT @esbuild/win32-x64@0.28.2 OK for: esbuild@0.28.2 want: 0.28.2
1202 silly placeDep ROOT fast-string-truncated-width@3.0.3 OK for: fast-string-width@3.0.2 want: ^3.0.2
1203 silly placeDep ROOT tiny-inflate@1.0.3 OK for: fontkitten@1.0.3 want: ^1.0.3
1204 silly placeDep ROOT resolve-pkg-maps@1.0.0 OK for: get-tsconfig@5.0.0-beta.4 want: ^1.0.0
1205 silly placeDep ROOT argparse@2.0.1 OK for: js-yaml@4.3.2 want: ^2.0.1
1206 silly placeDep ROOT @jridgewell/sourcemap-codec@1.6.0 OK for: magic-string@1.4.2 want: ^1.6.0
1207 silly placeDep ROOT @babel/parser@7.29.9 OK for: magicast@0.5.5 want: ^7.29.7
1208 silly placeDep ROOT @babel/types@7.29.8 OK for: magicast@0.5.5 want: ^7.29.7
1209 silly placeDep ROOT source-map-js@1.2.2 OK for: magicast@0.5.5 want: ^1.2.1
1210 silly fetch manifest @babel/types@^7.29.8
1211 silly packumentCache full:https://registry.npmjs.org/@babel%2ftypes cache-hit
1212 silly fetch manifest @babel/helper-string-parser@^7.29.7
1213 silly packumentCache full:https://registry.npmjs.org/@babel%2fhelper-string-parser cache-miss
1214 silly fetch manifest @babel/helper-validator-identifier@^7.29.7
1215 silly packumentCache full:https://registry.npmjs.org/@babel%2fhelper-validator-identifier cache-miss
1216 http fetch GET 200 https://registry.npmjs.org/@babel%2fhelper-string-parser 36ms (cache revalidated)
1217 silly packumentCache full:https://registry.npmjs.org/@babel%2fhelper-string-parser set size:93686 disposed:false
1218 http fetch GET 200 https://registry.npmjs.org/@babel%2fhelper-validator-identifier 195ms (cache revalidated)
1219 silly packumentCache full:https://registry.npmjs.org/@babel%2fhelper-validator-identifier set size:132572 disposed:false
1220 silly placeDep ROOT @babel/helper-string-parser@7.29.7 OK for: @babel/types@7.29.8 want: ^7.29.7
1221 silly placeDep ROOT @babel/helper-validator-identifier@7.29.7 OK for: @babel/types@7.29.8 want: ^7.29.7
1222 silly placeDep ROOT yocto-queue@1.2.2 OK for: p-limit@7.3.3 want: ^1.2.1
1223 silly placeDep ROOT eventemitter3@5.0.4 OK for: p-queue@9.3.3 want: ^5.0.4
1224 silly placeDep ROOT p-timeout@7.0.2 OK for: p-queue@9.3.3 want: ^7.0.0
1225 silly placeDep ROOT @types/nlcst@2.0.3 OK for: retext-smartypants@6.2.0 want: ^2.0.0
1226 silly placeDep ROOT nlcst-to-string@4.0.0 OK for: retext-smartypants@6.2.0 want: ^4.0.0
1227 silly placeDep ROOT unist-util-visit@5.1.0 OK for: retext-smartypants@6.2.0 want: ^5.0.0
1228 silly fetch manifest unist-util-is@^6.0.0
1229 silly packumentCache full:https://registry.npmjs.org/unist-util-is cache-miss
1230 silly fetch manifest unist-util-visit-parents@^6.0.0
1231 silly packumentCache full:https://registry.npmjs.org/unist-util-visit-parents cache-miss
1232 http fetch GET 200 https://registry.npmjs.org/unist-util-is 19ms (cache revalidated)
1233 silly packumentCache full:https://registry.npmjs.org/unist-util-is set size:79350 disposed:false
1234 http fetch GET 200 https://registry.npmjs.org/unist-util-visit-parents 34ms (cache revalidated)
1235 silly packumentCache full:https://registry.npmjs.org/unist-util-visit-parents set size:103476 disposed:false
1236 silly placeDep ROOT @bruits/satteri-darwin-arm64@0.10.5 OK for: satteri@0.10.5 want: 0.10.5
1237 silly placeDep ROOT @bruits/satteri-darwin-x64@0.10.5 OK for: satteri@0.10.5 want: 0.10.5
1238 silly placeDep ROOT @bruits/satteri-linux-arm64-gnu@0.10.5 OK for: satteri@0.10.5 want: 0.10.5
1239 silly placeDep ROOT @bruits/satteri-linux-arm64-musl@0.10.5 OK for: satteri@0.10.5 want: 0.10.5
1240 silly placeDep ROOT @bruits/satteri-linux-x64-gnu@0.10.5 OK for: satteri@0.10.5 want: 0.10.5
1241 silly placeDep ROOT @bruits/satteri-linux-x64-musl@0.10.5 OK for: satteri@0.10.5 want: 0.10.5
1242 silly placeDep ROOT @bruits/satteri-wasm32-wasi@0.10.5 OK for: satteri@0.10.5 want: 0.10.5
1243 silly placeDep ROOT @bruits/satteri-win32-arm64-msvc@0.10.5 OK for: satteri@0.10.5 want: 0.10.5
1244 silly placeDep ROOT @bruits/satteri-win32-x64-msvc@0.10.5 OK for: satteri@0.10.5 want: 0.10.5
1245 silly placeDep ROOT @types/estree-jsx@1.0.5 OK for: satteri@0.10.5 want: ^1.0.5
1246 silly fetch manifest @emnapi/core@1.11.1
1247 silly packumentCache full:https://registry.npmjs.org/@emnapi%2fcore cache-hit
1248 silly fetch manifest @emnapi/runtime@1.11.1
1249 silly packumentCache full:https://registry.npmjs.org/@emnapi%2fruntime cache-hit
1250 silly fetch manifest @types/estree@*
1251 silly packumentCache full:https://registry.npmjs.org/@types%2festree cache-miss
1252 http fetch GET 200 https://registry.npmjs.org/@types%2festree 26ms (cache revalidated)
1253 silly packumentCache full:https://registry.npmjs.org/@types%2festree set size:76072 disposed:false
1254 silly placeDep node_modules/@bruits/satteri-wasm32-wasi @emnapi/core@1.11.1 OK for: @bruits/satteri-wasm32-wasi@0.10.5 want: 1.11.1
1255 silly placeDep node_modules/@bruits/satteri-wasm32-wasi @emnapi/runtime@1.11.1 OK for: @bruits/satteri-wasm32-wasi@0.10.5 want: 1.11.1
1256 silly fetch manifest @emnapi/wasi-threads@1.2.2
1257 silly packumentCache full:https://registry.npmjs.org/@emnapi%2fwasi-threads cache-hit
1258 silly placeDep ROOT @types/estree@1.0.9 OK for: @types/estree-jsx@1.0.5 want: *
1259 silly placeDep ROOT @img/colour@1.1.0 OK for: sharp@0.35.5 want: ^1.1.0
1260 silly placeDep ROOT @img/sharp-darwin-arm64@0.35.5 OK for: sharp@0.35.5 want: 0.35.5
1261 silly placeDep ROOT @img/sharp-darwin-x64@0.35.5 OK for: sharp@0.35.5 want: 0.35.5
1262 silly placeDep ROOT @img/sharp-freebsd-wasm32@0.35.5 OK for: sharp@0.35.5 want: 0.35.5
1263 silly placeDep ROOT @img/sharp-libvips-darwin-arm64@1.3.4 OK for: sharp@0.35.5 want: 1.3.4
1264 silly placeDep ROOT @img/sharp-libvips-darwin-x64@1.3.4 OK for: sharp@0.35.5 want: 1.3.4
1265 silly placeDep ROOT @img/sharp-libvips-linux-arm@1.3.4 OK for: sharp@0.35.5 want: 1.3.4
1266 silly placeDep ROOT @img/sharp-libvips-linux-arm64@1.3.4 OK for: sharp@0.35.5 want: 1.3.4
1267 silly placeDep ROOT @img/sharp-libvips-linux-ppc64@1.3.4 OK for: sharp@0.35.5 want: 1.3.4
1268 silly placeDep ROOT @img/sharp-libvips-linux-riscv64@1.3.4 OK for: sharp@0.35.5 want: 1.3.4
1269 silly placeDep ROOT @img/sharp-libvips-linux-s390x@1.3.4 OK for: sharp@0.35.5 want: 1.3.4
1270 silly placeDep ROOT @img/sharp-libvips-linux-x64@1.3.4 OK for: sharp@0.35.5 want: 1.3.4
1271 silly placeDep ROOT @img/sharp-libvips-linuxmusl-arm64@1.3.4 OK for: sharp@0.35.5 want: 1.3.4
1272 silly placeDep ROOT @img/sharp-libvips-linuxmusl-x64@1.3.4 OK for: sharp@0.35.5 want: 1.3.4
1273 silly placeDep ROOT @img/sharp-linux-arm@0.35.5 OK for: sharp@0.35.5 want: 0.35.5
1274 silly placeDep ROOT @img/sharp-linux-arm64@0.35.5 OK for: sharp@0.35.5 want: 0.35.5
1275 silly placeDep ROOT @img/sharp-linux-ppc64@0.35.5 OK for: sharp@0.35.5 want: 0.35.5
1276 silly placeDep ROOT @img/sharp-linux-riscv64@0.35.5 OK for: sharp@0.35.5 want: 0.35.5
1277 silly placeDep ROOT @img/sharp-linux-s390x@0.35.5 OK for: sharp@0.35.5 want: 0.35.5
1278 silly placeDep ROOT @img/sharp-linux-x64@0.35.5 OK for: sharp@0.35.5 want: 0.35.5
1279 silly placeDep ROOT @img/sharp-linuxmusl-arm64@0.35.5 OK for: sharp@0.35.5 want: 0.35.5
1280 silly placeDep ROOT @img/sharp-linuxmusl-x64@0.35.5 OK for: sharp@0.35.5 want: 0.35.5
1281 silly placeDep ROOT @img/sharp-webcontainers-wasm32@0.35.5 OK for: sharp@0.35.5 want: 0.35.5
1282 silly placeDep ROOT @img/sharp-win32-arm64@0.35.5 OK for: sharp@0.35.5 want: 0.35.5
1283 silly placeDep ROOT @img/sharp-win32-ia32@0.35.5 OK for: sharp@0.35.5 want: 0.35.5
1284 silly placeDep ROOT @img/sharp-win32-x64@0.35.5 OK for: sharp@0.35.5 want: 0.35.5
1285 silly placeDep ROOT detect-libc@2.1.2 OK for: sharp@0.35.5 want: ^2.1.2
1286 silly placeDep ROOT semver@7.8.5 OK for: sharp@0.35.5 want: ^7.8.5
1287 silly fetch manifest @img/sharp-wasm32@0.35.5
1288 silly packumentCache full:https://registry.npmjs.org/@img%2fsharp-wasm32 cache-miss
1289 silly fetch manifest @img/sharp-wasm32@0.35.5
1290 silly packumentCache full:https://registry.npmjs.org/@img%2fsharp-wasm32 cache-miss
1291 http fetch GET 200 https://registry.npmjs.org/@img%2fsharp-wasm32 33ms (cache revalidated)
1292 silly packumentCache full:https://registry.npmjs.org/@img%2fsharp-wasm32 set size:110142 disposed:false
1293 http fetch GET 200 https://registry.npmjs.org/@img%2fsharp-wasm32 45ms (cache revalidated)
1294 silly packumentCache full:https://registry.npmjs.org/@img%2fsharp-wasm32 set size:110142 disposed:false
1295 silly packumentCache full:https://registry.npmjs.org/@img%2fsharp-wasm32 dispose
1296 silly placeDep ROOT @img/sharp-wasm32@0.35.5 OK for: @img/sharp-freebsd-wasm32@0.35.5 want: 0.35.5
1297 silly placeDep ROOT @shikijs/core@4.4.3 OK for: shiki@4.4.3 want: 4.4.3
1298 silly placeDep ROOT @shikijs/engine-javascript@4.4.3 OK for: shiki@4.4.3 want: 4.4.3
1299 silly placeDep ROOT @shikijs/engine-oniguruma@4.4.3 OK for: shiki@4.4.3 want: 4.4.3
1300 silly placeDep ROOT @shikijs/langs@4.4.3 OK for: shiki@4.4.3 want: 4.4.3
1301 silly placeDep ROOT @shikijs/themes@4.4.3 OK for: shiki@4.4.3 want: 4.4.3
1302 silly placeDep ROOT @shikijs/types@4.4.3 OK for: shiki@4.4.3 want: 4.4.3
1303 silly placeDep ROOT @shikijs/vscode-textmate@10.0.2 OK for: shiki@4.4.3 want: ^10.0.2
1304 silly fetch manifest hast-util-to-html@^9.0.5
1305 silly packumentCache full:https://registry.npmjs.org/hast-util-to-html cache-miss
1306 silly fetch manifest @shikijs/primitive@4.4.3
1307 silly packumentCache full:https://registry.npmjs.org/@shikijs%2fprimitive cache-miss
1308 silly fetch manifest oniguruma-to-es@^4.3.6
1309 silly packumentCache full:https://registry.npmjs.org/oniguruma-to-es cache-miss
1310 http fetch GET 200 https://registry.npmjs.org/hast-util-to-html 27ms (cache revalidated)
1311 silly packumentCache full:https://registry.npmjs.org/hast-util-to-html set size:123778 disposed:false
1312 http fetch GET 200 https://registry.npmjs.org/@shikijs%2fprimitive 33ms (cache revalidated)
1313 silly packumentCache full:https://registry.npmjs.org/@shikijs%2fprimitive set size:28527 disposed:false
1314 http fetch GET 200 https://registry.npmjs.org/oniguruma-to-es 34ms (cache revalidated)
1315 silly packumentCache full:https://registry.npmjs.org/oniguruma-to-es set size:143732 disposed:false
1316 silly placeDep ROOT @shikijs/primitive@4.4.3 OK for: @shikijs/core@4.4.3 want: 4.4.3
1317 silly placeDep ROOT hast-util-to-html@9.0.5 OK for: @shikijs/core@4.4.3 want: ^9.0.5
1318 silly fetch manifest ccount@^2.0.0
1319 silly packumentCache full:https://registry.npmjs.org/ccount cache-miss
1320 silly fetch manifest comma-separated-tokens@^2.0.0
1321 silly packumentCache full:https://registry.npmjs.org/comma-separated-tokens cache-miss
1322 silly fetch manifest hast-util-whitespace@^3.0.0
1323 silly packumentCache full:https://registry.npmjs.org/hast-util-whitespace cache-miss
1324 http fetch GET 200 https://registry.npmjs.org/hast-util-whitespace 18ms (cache revalidated)
1325 silly packumentCache full:https://registry.npmjs.org/hast-util-whitespace set size:35245 disposed:false
1326 silly fetch manifest html-void-elements@^3.0.0
1327 silly packumentCache full:https://registry.npmjs.org/html-void-elements cache-miss
1328 http fetch GET 200 https://registry.npmjs.org/comma-separated-tokens 26ms (cache revalidated)
1329 silly packumentCache full:https://registry.npmjs.org/comma-separated-tokens set size:45877 disposed:false
1330 silly fetch manifest mdast-util-to-hast@^13.0.0
1331 silly packumentCache full:https://registry.npmjs.org/mdast-util-to-hast cache-miss
1332 http fetch GET 200 https://registry.npmjs.org/html-void-elements 26ms (cache revalidated)
1333 silly packumentCache full:https://registry.npmjs.org/html-void-elements set size:33031 disposed:false
1334 silly fetch manifest property-information@^7.0.0
1335 silly packumentCache full:https://registry.npmjs.org/property-information cache-miss
1336 http fetch GET 200 https://registry.npmjs.org/mdast-util-to-hast 25ms (cache revalidated)
1337 silly packumentCache full:https://registry.npmjs.org/mdast-util-to-hast set size:257722 disposed:false
1338 silly fetch manifest space-separated-tokens@^2.0.0
1339 silly packumentCache full:https://registry.npmjs.org/space-separated-tokens cache-miss
1340 http fetch GET 200 https://registry.npmjs.org/property-information 36ms (cache revalidated)
1341 silly packumentCache full:https://registry.npmjs.org/property-information set size:188512 disposed:false
1342 silly fetch manifest stringify-entities@^4.0.0
1343 silly packumentCache full:https://registry.npmjs.org/stringify-entities cache-miss
1344 http fetch GET 200 https://registry.npmjs.org/space-separated-tokens 37ms (cache revalidated)
1345 silly packumentCache full:https://registry.npmjs.org/space-separated-tokens set size:36967 disposed:false
1346 silly fetch manifest zwitch@^2.0.4
1347 silly packumentCache full:https://registry.npmjs.org/zwitch cache-miss
1348 http fetch GET 200 https://registry.npmjs.org/zwitch 21ms (cache revalidated)
1349 silly packumentCache full:https://registry.npmjs.org/zwitch set size:39712 disposed:false
1350 http fetch GET 200 https://registry.npmjs.org/stringify-entities 27ms (cache revalidated)
1351 silly packumentCache full:https://registry.npmjs.org/stringify-entities set size:61449 disposed:false
1352 http fetch GET 200 https://registry.npmjs.org/ccount 124ms (cache revalidated)
1353 silly packumentCache full:https://registry.npmjs.org/ccount set size:30836 disposed:false
1354 silly placeDep ROOT oniguruma-to-es@4.3.6 OK for: @shikijs/engine-javascript@4.4.3 want: ^4.3.6
1355 silly fetch manifest oniguruma-parser@^0.12.2
1356 silly packumentCache full:https://registry.npmjs.org/oniguruma-parser cache-miss
1357 silly fetch manifest regex@^6.1.0
1358 silly packumentCache full:https://registry.npmjs.org/regex cache-miss
1359 silly fetch manifest regex-recursion@^6.0.2
1360 silly packumentCache full:https://registry.npmjs.org/regex-recursion cache-miss
1361 http fetch GET 200 https://registry.npmjs.org/oniguruma-parser 19ms (cache revalidated)
1362 silly packumentCache full:https://registry.npmjs.org/oniguruma-parser set size:84201 disposed:false
1363 http fetch GET 200 https://registry.npmjs.org/regex 21ms (cache revalidated)
1364 silly packumentCache full:https://registry.npmjs.org/regex set size:122384 disposed:false
1365 http fetch GET 200 https://registry.npmjs.org/regex-recursion 31ms (cache revalidated)
1366 silly packumentCache full:https://registry.npmjs.org/regex-recursion set size:35271 disposed:false
1367 silly placeDep ROOT ccount@2.0.1 OK for: hast-util-to-html@9.0.5 want: ^2.0.0
1368 silly placeDep ROOT comma-separated-tokens@2.0.3 OK for: hast-util-to-html@9.0.5 want: ^2.0.0
1369 silly placeDep ROOT hast-util-whitespace@3.0.0 OK for: hast-util-to-html@9.0.5 want: ^3.0.0
1370 silly placeDep ROOT html-void-elements@3.0.0 OK for: hast-util-to-html@9.0.5 want: ^3.0.0
1371 silly placeDep ROOT mdast-util-to-hast@13.2.1 OK for: hast-util-to-html@9.0.5 want: ^13.0.0
1372 silly placeDep ROOT property-information@7.2.0 OK for: hast-util-to-html@9.0.5 want: ^7.0.0
1373 silly placeDep ROOT space-separated-tokens@2.0.2 OK for: hast-util-to-html@9.0.5 want: ^2.0.0
1374 silly placeDep ROOT stringify-entities@4.0.4 OK for: hast-util-to-html@9.0.5 want: ^4.0.0
1375 silly placeDep ROOT zwitch@2.0.4 OK for: hast-util-to-html@9.0.5 want: ^2.0.4
1376 silly fetch manifest @ungap/structured-clone@^1.0.0
1377 silly packumentCache full:https://registry.npmjs.org/@ungap%2fstructured-clone cache-miss
1378 silly fetch manifest micromark-util-sanitize-uri@^2.0.0
1379 silly packumentCache full:https://registry.npmjs.org/micromark-util-sanitize-uri cache-miss
1380 silly fetch manifest trim-lines@^3.0.0
1381 silly packumentCache full:https://registry.npmjs.org/trim-lines cache-miss
1382 http fetch GET 200 https://registry.npmjs.org/trim-lines 28ms (cache revalidated)
1383 silly packumentCache full:https://registry.npmjs.org/trim-lines set size:28474 disposed:false
1384 silly fetch manifest unist-util-position@^5.0.0
1385 silly packumentCache full:https://registry.npmjs.org/unist-util-position cache-miss
1386 http fetch GET 200 https://registry.npmjs.org/micromark-util-sanitize-uri 34ms (cache revalidated)
1387 silly packumentCache full:https://registry.npmjs.org/micromark-util-sanitize-uri set size:32376 disposed:false
1388 silly fetch manifest character-entities-html4@^2.0.0
1389 silly packumentCache full:https://registry.npmjs.org/character-entities-html4 cache-miss
1390 http fetch GET 200 https://registry.npmjs.org/@ungap%2fstructured-clone 42ms (cache revalidated)
1391 silly packumentCache full:https://registry.npmjs.org/@ungap%2fstructured-clone set size:68313 disposed:false
1392 silly fetch manifest character-entities-legacy@^3.0.0
1393 silly packumentCache full:https://registry.npmjs.org/character-entities-legacy cache-miss
1394 http fetch GET 200 https://registry.npmjs.org/unist-util-position 30ms (cache revalidated)
1395 silly packumentCache full:https://registry.npmjs.org/unist-util-position set size:51342 disposed:false
1396 http fetch GET 200 https://registry.npmjs.org/character-entities-html4 28ms (cache revalidated)
1397 silly packumentCache full:https://registry.npmjs.org/character-entities-html4 set size:33529 disposed:false
1398 http fetch GET 200 https://registry.npmjs.org/character-entities-legacy 26ms (cache revalidated)
1399 silly packumentCache full:https://registry.npmjs.org/character-entities-legacy set size:34121 disposed:false
1400 silly placeDep ROOT @ungap/structured-clone@1.4.0 OK for: mdast-util-to-hast@13.2.1 want: ^1.0.0
1401 silly placeDep ROOT devlop@1.1.0 OK for: mdast-util-to-hast@13.2.1 want: ^1.0.0
1402 silly placeDep ROOT micromark-util-sanitize-uri@2.0.1 OK for: mdast-util-to-hast@13.2.1 want: ^2.0.0
1403 silly placeDep ROOT trim-lines@3.0.1 OK for: mdast-util-to-hast@13.2.1 want: ^3.0.0
1404 silly placeDep ROOT unist-util-position@5.0.0 OK for: mdast-util-to-hast@13.2.1 want: ^5.0.0
1405 silly placeDep ROOT vfile@6.0.3 OK for: mdast-util-to-hast@13.2.1 want: ^6.0.0
1406 silly fetch manifest dequal@^2.0.0
1407 silly packumentCache full:https://registry.npmjs.org/dequal cache-miss
1408 silly fetch manifest micromark-util-character@^2.0.0
1409 silly packumentCache full:https://registry.npmjs.org/micromark-util-character cache-miss
1410 silly fetch manifest micromark-util-encode@^2.0.0
1411 silly packumentCache full:https://registry.npmjs.org/micromark-util-encode cache-miss
1412 http fetch GET 200 https://registry.npmjs.org/micromark-util-encode 22ms (cache revalidated)
1413 silly packumentCache full:https://registry.npmjs.org/micromark-util-encode set size:28579 disposed:false
1414 silly fetch manifest micromark-util-symbol@^2.0.0
1415 silly packumentCache full:https://registry.npmjs.org/micromark-util-symbol cache-miss
1416 http fetch GET 200 https://registry.npmjs.org/dequal 29ms (cache revalidated)
1417 silly packumentCache full:https://registry.npmjs.org/dequal set size:24037 disposed:false
1418 silly fetch manifest vfile-message@^4.0.0
1419 silly packumentCache full:https://registry.npmjs.org/vfile-message cache-miss
1420 http fetch GET 200 https://registry.npmjs.org/micromark-util-character 36ms (cache revalidated)
1421 silly packumentCache full:https://registry.npmjs.org/micromark-util-character set size:41720 disposed:false
1422 http fetch GET 200 https://registry.npmjs.org/micromark-util-symbol 36ms (cache revalidated)
1423 silly packumentCache full:https://registry.npmjs.org/micromark-util-symbol set size:29566 disposed:false
1424 http fetch GET 200 https://registry.npmjs.org/vfile-message 34ms (cache revalidated)
1425 silly packumentCache full:https://registry.npmjs.org/vfile-message set size:81663 disposed:false
1426 silly placeDep ROOT dequal@2.0.3 OK for: devlop@1.1.0 want: ^2.0.0
1427 silly placeDep ROOT micromark-util-character@2.1.1 OK for: micromark-util-sanitize-uri@2.0.1 want: ^2.0.0
1428 silly placeDep ROOT micromark-util-encode@2.0.1 OK for: micromark-util-sanitize-uri@2.0.1 want: ^2.0.0
1429 silly placeDep ROOT micromark-util-symbol@2.0.1 OK for: micromark-util-sanitize-uri@2.0.1 want: ^2.0.0
1430 silly fetch manifest micromark-util-types@^2.0.0
1431 silly packumentCache full:https://registry.npmjs.org/micromark-util-types cache-miss
1432 http fetch GET 200 https://registry.npmjs.org/micromark-util-types 27ms (cache revalidated)
1433 silly packumentCache full:https://registry.npmjs.org/micromark-util-types set size:34489 disposed:false
1434 silly placeDep ROOT micromark-util-types@2.0.3 OK for: micromark-util-character@2.1.1 want: ^2.0.0
1435 silly placeDep ROOT oniguruma-parser@0.12.2 OK for: oniguruma-to-es@4.3.6 want: ^0.12.2
1436 silly placeDep ROOT regex@6.1.0 OK for: oniguruma-to-es@4.3.6 want: ^6.1.0
1437 silly placeDep ROOT regex-recursion@6.0.2 OK for: oniguruma-to-es@4.3.6 want: ^6.0.2
1438 silly fetch manifest regex-utilities@^2.3.0
1439 silly packumentCache full:https://registry.npmjs.org/regex-utilities cache-miss
1440 silly fetch manifest regex-utilities@^2.3.0
1441 silly packumentCache full:https://registry.npmjs.org/regex-utilities cache-miss
1442 http fetch GET 200 https://registry.npmjs.org/regex-utilities 23ms (cache revalidated)
1443 silly packumentCache full:https://registry.npmjs.org/regex-utilities set size:16214 disposed:false
1444 http fetch GET 200 https://registry.npmjs.org/regex-utilities 26ms (cache revalidated)
1445 silly packumentCache full:https://registry.npmjs.org/regex-utilities set size:16214 disposed:false
1446 silly packumentCache full:https://registry.npmjs.org/regex-utilities dispose
1447 silly placeDep ROOT regex-utilities@2.3.0 OK for: regex@6.1.0 want: ^2.3.0
1448 silly placeDep ROOT character-entities-html4@2.1.0 OK for: stringify-entities@4.0.4 want: ^2.0.0
1449 silly placeDep ROOT character-entities-legacy@3.0.0 OK for: stringify-entities@4.0.4 want: ^3.0.0
1450 silly placeDep ROOT commander@11.1.0 OK for: svgo@4.1.0 want: ^11.1.0
1451 silly placeDep ROOT css-select@6.0.0 OK for: svgo@4.1.0 want: ^6.0.0
1452 silly placeDep ROOT css-tree@3.2.1 OK for: svgo@4.1.0 want: ^3.0.1
1453 silly placeDep ROOT css-what@7.0.0 OK for: svgo@4.1.0 want: ^7.0.0
1454 silly placeDep ROOT csso@5.0.5 OK for: svgo@4.1.0 want: ^5.0.5
1455 silly placeDep ROOT picocolors@1.1.1 OK for: svgo@4.1.0 want: ^1.1.1
1456 silly placeDep ROOT sax@1.6.1 OK for: svgo@4.1.0 want: 1.6.1
1457 silly fetch manifest boolbase@^1.0.0
1458 silly packumentCache full:https://registry.npmjs.org/boolbase cache-miss
1459 silly fetch manifest domutils@^3.2.2
1460 silly packumentCache full:https://registry.npmjs.org/domutils cache-miss
1461 silly fetch manifest nth-check@^2.1.1
1462 silly packumentCache full:https://registry.npmjs.org/nth-check cache-miss
1463 http fetch GET 200 https://registry.npmjs.org/domutils 27ms (cache revalidated)
1464 silly packumentCache full:https://registry.npmjs.org/domutils set size:110068 disposed:false
1465 silly fetch manifest domhandler@^5.0.3
1466 silly packumentCache full:https://registry.npmjs.org/domhandler cache-miss
1467 http fetch GET 200 https://registry.npmjs.org/nth-check 31ms (cache revalidated)
1468 silly packumentCache full:https://registry.npmjs.org/nth-check set size:27445 disposed:false
1469 silly fetch manifest mdn-data@2.27.1
1470 silly packumentCache full:https://registry.npmjs.org/mdn-data cache-miss
1471 http fetch GET 200 https://registry.npmjs.org/boolbase 35ms (cache revalidated)
1472 silly packumentCache full:https://registry.npmjs.org/boolbase set size:4438 disposed:false
1473 silly fetch manifest css-tree@~2.2.0
1474 silly packumentCache full:https://registry.npmjs.org/css-tree cache-hit
1475 http fetch GET 200 https://registry.npmjs.org/mdn-data 28ms (cache revalidated)
1476 silly packumentCache full:https://registry.npmjs.org/mdn-data set size:195606 disposed:false
1477 http fetch GET 200 https://registry.npmjs.org/domhandler 40ms (cache revalidated)
1478 silly packumentCache full:https://registry.npmjs.org/domhandler set size:78187 disposed:false
1479 silly placeDep ROOT boolbase@1.0.0 OK for: css-select@6.0.0 want: ^1.0.0
1480 silly placeDep ROOT domhandler@5.0.3 OK for: css-select@6.0.0 want: ^5.0.3
1481 silly placeDep ROOT domutils@3.2.2 OK for: css-select@6.0.0 want: ^3.2.2
1482 silly placeDep ROOT nth-check@2.1.1 OK for: css-select@6.0.0 want: ^2.1.1
1483 silly fetch manifest domelementtype@^2.3.0
1484 silly packumentCache full:https://registry.npmjs.org/domelementtype cache-miss
1485 silly fetch manifest dom-serializer@^2.0.0
1486 silly packumentCache full:https://registry.npmjs.org/dom-serializer cache-miss
1487 silly fetch manifest domelementtype@^2.3.0
1488 silly packumentCache full:https://registry.npmjs.org/domelementtype cache-miss
1489 http fetch GET 200 https://registry.npmjs.org/dom-serializer 28ms (cache revalidated)
1490 silly packumentCache full:https://registry.npmjs.org/dom-serializer set size:61296 disposed:false
1491 http fetch GET 200 https://registry.npmjs.org/domelementtype 32ms (cache revalidated)
1492 silly packumentCache full:https://registry.npmjs.org/domelementtype set size:33363 disposed:false
1493 http fetch GET 200 https://registry.npmjs.org/domelementtype 37ms (cache revalidated)
1494 silly packumentCache full:https://registry.npmjs.org/domelementtype set size:33363 disposed:false
1495 silly packumentCache full:https://registry.npmjs.org/domelementtype dispose
1496 silly placeDep ROOT mdn-data@2.27.1 OK for: css-tree@3.2.1 want: 2.27.1
1497 silly placeDep node_modules/csso css-tree@2.2.1 OK for: csso@5.0.5 want: ~2.2.0
1498 silly fetch manifest mdn-data@2.0.28
1499 silly packumentCache full:https://registry.npmjs.org/mdn-data cache-hit
1500 silly placeDep ROOT domelementtype@2.3.0 OK for: domhandler@5.0.3 want: ^2.3.0
1501 silly placeDep ROOT dom-serializer@2.0.0 OK for: domutils@3.2.2 want: ^2.0.0
1502 silly fetch manifest entities@^4.2.0
1503 silly packumentCache full:https://registry.npmjs.org/entities cache-miss
1504 http fetch GET 200 https://registry.npmjs.org/entities 20ms (cache revalidated)
1505 silly packumentCache full:https://registry.npmjs.org/entities set size:104868 disposed:false
1506 silly placeDep ROOT entities@4.5.0 OK for: dom-serializer@2.0.0 want: ^4.2.0
1507 silly placeDep ROOT fdir@6.5.0 OK for: tinyglobby@0.2.17 want: ^6.5.0
1508 silly placeDep ROOT bail@2.0.2 OK for: unified@11.0.5 want: ^2.0.0
1509 silly placeDep ROOT extend@3.0.2 OK for: unified@11.0.5 want: ^3.0.0
1510 silly placeDep ROOT is-plain-obj@4.1.0 OK for: unified@11.0.5 want: ^4.0.0
1511 silly placeDep ROOT trough@2.2.0 OK for: unified@11.0.5 want: ^2.0.0
1512 silly placeDep ROOT ohash@2.0.12 OK for: unifont@0.7.5 want: ^2.0.11
1513 silly placeDep ROOT undici@8.11.2 OK for: unifont@0.7.5 want: ^8.0.0
1514 silly placeDep ROOT unist-util-is@6.0.1 OK for: unist-util-visit@5.1.0 want: ^6.0.0
1515 silly placeDep ROOT unist-util-visit-parents@6.0.2 OK for: unist-util-visit@5.1.0 want: ^6.0.0
1516 silly placeDep ROOT anymatch@3.1.3 OK for: unstorage@1.17.5 want: ^3.1.3
1517 silly placeDep ROOT chokidar@5.0.0 OK for: unstorage@1.17.5 want: ^5.0.0
1518 silly placeDep ROOT destr@2.0.5 OK for: unstorage@1.17.5 want: ^2.0.5
1519 silly placeDep ROOT h3@1.15.11 OK for: unstorage@1.17.5 want: ^1.15.10
1520 silly placeDep ROOT lru-cache@11.5.3 OK for: unstorage@1.17.5 want: ^11.2.7
1521 silly placeDep ROOT node-fetch-native@1.6.7 OK for: unstorage@1.17.5 want: ^1.6.7
1522 silly placeDep ROOT ofetch@1.5.1 OK for: unstorage@1.17.5 want: ^1.5.1
1523 silly placeDep ROOT ufo@1.6.4 OK for: unstorage@1.17.5 want: ^1.6.3
1524 silly fetch manifest picomatch@^2.0.4
1525 silly packumentCache full:https://registry.npmjs.org/picomatch cache-hit
1526 silly fetch manifest normalize-path@^3.0.0
1527 silly packumentCache full:https://registry.npmjs.org/normalize-path cache-miss
1528 silly fetch manifest readdirp@^5.0.0
1529 silly packumentCache full:https://registry.npmjs.org/readdirp cache-miss
1530 silly fetch manifest defu@^6.1.6
1531 silly packumentCache full:https://registry.npmjs.org/defu cache-miss
1532 http fetch GET 200 https://registry.npmjs.org/defu 24ms (cache revalidated)
1533 silly packumentCache full:https://registry.npmjs.org/defu set size:87806 disposed:false
1534 silly fetch manifest radix3@^1.1.2
1535 silly packumentCache full:https://registry.npmjs.org/radix3 cache-miss
1536 http fetch GET 200 https://registry.npmjs.org/normalize-path 41ms (cache revalidated)
1537 silly packumentCache full:https://registry.npmjs.org/normalize-path set size:28713 disposed:false
1538 silly fetch manifest crossws@^0.3.5
1539 silly packumentCache full:https://registry.npmjs.org/crossws cache-hit
1540 silly fetch manifest uncrypto@^0.1.3
1541 silly packumentCache full:https://registry.npmjs.org/uncrypto cache-miss
1542 http fetch GET 200 https://registry.npmjs.org/readdirp 44ms (cache revalidated)
1543 silly packumentCache full:https://registry.npmjs.org/readdirp set size:110119 disposed:false
1544 silly fetch manifest cookie-es@^1.2.3
1545 silly packumentCache full:https://registry.npmjs.org/cookie-es cache-miss
1546 http fetch GET 200 https://registry.npmjs.org/radix3 35ms (cache revalidated)
1547 silly packumentCache full:https://registry.npmjs.org/radix3 set size:36680 disposed:false
1548 silly fetch manifest iron-webcrypto@^1.2.1
1549 silly packumentCache full:https://registry.npmjs.org/iron-webcrypto cache-miss
1550 http fetch GET 200 https://registry.npmjs.org/cookie-es 21ms (cache revalidated)
1551 silly packumentCache full:https://registry.npmjs.org/cookie-es set size:30011 disposed:false
1552 silly fetch manifest node-mock-http@^1.0.4
1553 silly packumentCache full:https://registry.npmjs.org/node-mock-http cache-miss
1554 http fetch GET 200 https://registry.npmjs.org/uncrypto 31ms (cache revalidated)
1555 silly packumentCache full:https://registry.npmjs.org/uncrypto set size:15333 disposed:false
1556 silly fetch manifest ufo@^1.6.1
1557 silly packumentCache full:https://registry.npmjs.org/ufo cache-hit
1558 http fetch GET 200 https://registry.npmjs.org/node-mock-http 20ms (cache revalidated)
1559 silly packumentCache full:https://registry.npmjs.org/node-mock-http set size:28745 disposed:false
1560 http fetch GET 200 https://registry.npmjs.org/iron-webcrypto 26ms (cache revalidated)
1561 silly packumentCache full:https://registry.npmjs.org/iron-webcrypto set size:132942 disposed:false
1562 silly placeDep ROOT normalize-path@3.0.0 OK for: anymatch@3.1.3 want: ^3.0.0
1563 silly placeDep node_modules/anymatch picomatch@2.3.2 OK for: anymatch@3.1.3 want: ^2.0.4
1564 silly placeDep ROOT readdirp@5.1.1 OK for: chokidar@5.0.0 want: ^5.0.0
1565 silly placeDep ROOT cookie-es@1.2.3 OK for: h3@1.15.11 want: ^1.2.3
1566 silly placeDep ROOT crossws@0.3.5 OK for: h3@1.15.11 want: ^0.3.5
1567 silly placeDep ROOT defu@6.1.7 OK for: h3@1.15.11 want: ^6.1.6
1568 silly placeDep ROOT iron-webcrypto@1.2.1 OK for: h3@1.15.11 want: ^1.2.1
1569 silly placeDep ROOT node-mock-http@1.0.5 OK for: h3@1.15.11 want: ^1.0.4
1570 silly placeDep ROOT radix3@1.1.2 OK for: h3@1.15.11 want: ^1.1.2
1571 silly placeDep ROOT uncrypto@0.1.3 OK for: h3@1.15.11 want: ^0.1.3
1572 silly placeDep ROOT vfile-message@4.0.3 OK for: vfile@6.0.3 want: ^4.0.0
1573 silly fetch manifest unist-util-stringify-position@^4.0.0
1574 silly packumentCache full:https://registry.npmjs.org/unist-util-stringify-position cache-miss
1575 http fetch GET 200 https://registry.npmjs.org/unist-util-stringify-position 27ms (cache revalidated)
1576 silly packumentCache full:https://registry.npmjs.org/unist-util-stringify-position set size:52357 disposed:false
1577 silly placeDep ROOT unist-util-stringify-position@4.0.0 OK for: vfile-message@4.0.3 want: ^4.0.0
1578 silly placeDep ROOT fsevents@2.3.3 OK for: vite@8.3.1 want: ~2.3.3
1579 silly placeDep ROOT lightningcss@1.33.0 OK for: vite@8.3.1 want: ^1.33.0
1580 silly placeDep ROOT postcss@8.5.28 OK for: vite@8.3.1 want: ^8.5.28
1581 silly placeDep ROOT rolldown@1.2.11 OK for: vite@8.3.1 want: ~1.2.9
1582 silly fetch manifest lightningcss-darwin-x64@1.33.0
1583 silly packumentCache full:https://registry.npmjs.org/lightningcss-darwin-x64 cache-miss
1584 silly fetch manifest lightningcss-linux-x64-gnu@1.33.0
1585 silly packumentCache full:https://registry.npmjs.org/lightningcss-linux-x64-gnu cache-miss
1586 silly fetch manifest lightningcss-win32-x64-msvc@1.33.0
1587 silly packumentCache full:https://registry.npmjs.org/lightningcss-win32-x64-msvc cache-miss
1588 http fetch GET 200 https://registry.npmjs.org/lightningcss-linux-x64-gnu 20ms (cache revalidated)
1589 silly packumentCache full:https://registry.npmjs.org/lightningcss-linux-x64-gnu set size:81819 disposed:false
1590 silly fetch manifest lightningcss-win32-arm64-msvc@1.33.0
1591 silly packumentCache full:https://registry.npmjs.org/lightningcss-win32-arm64-msvc cache-miss
1592 http fetch GET 200 https://registry.npmjs.org/lightningcss-win32-x64-msvc 22ms (cache revalidated)
1593 silly packumentCache full:https://registry.npmjs.org/lightningcss-win32-x64-msvc set size:81347 disposed:false
1594 silly fetch manifest lightningcss-darwin-arm64@1.33.0
1595 silly packumentCache full:https://registry.npmjs.org/lightningcss-darwin-arm64 cache-miss
1596 http fetch GET 200 https://registry.npmjs.org/lightningcss-darwin-x64 27ms (cache revalidated)
1597 silly packumentCache full:https://registry.npmjs.org/lightningcss-darwin-x64 set size:80374 disposed:false
1598 silly fetch manifest lightningcss-linux-arm64-gnu@1.33.0
1599 silly packumentCache full:https://registry.npmjs.org/lightningcss-linux-arm64-gnu cache-miss
1600 http fetch GET 200 https://registry.npmjs.org/lightningcss-win32-arm64-msvc 25ms (cache revalidated)
1601 silly packumentCache full:https://registry.npmjs.org/lightningcss-win32-arm64-msvc set size:28346 disposed:false
1602 silly fetch manifest lightningcss-linux-arm-gnueabihf@1.33.0
1603 silly packumentCache full:https://registry.npmjs.org/lightningcss-linux-arm-gnueabihf cache-miss
1604 http fetch GET 200 https://registry.npmjs.org/lightningcss-darwin-arm64 24ms (cache revalidated)
1605 silly packumentCache full:https://registry.npmjs.org/lightningcss-darwin-arm64 set size:80970 disposed:false
1606 silly fetch manifest lightningcss-linux-arm64-musl@1.33.0
1607 silly packumentCache full:https://registry.npmjs.org/lightningcss-linux-arm64-musl cache-miss
1608 http fetch GET 200 https://registry.npmjs.org/lightningcss-linux-arm64-gnu 28ms (cache revalidated)
1609 silly packumentCache full:https://registry.npmjs.org/lightningcss-linux-arm64-gnu set size:82397 disposed:false
1610 silly fetch manifest lightningcss-linux-x64-musl@1.33.0
1611 silly packumentCache full:https://registry.npmjs.org/lightningcss-linux-x64-musl cache-miss
1612 http fetch GET 200 https://registry.npmjs.org/lightningcss-linux-arm64-musl 19ms (cache revalidated)
1613 silly packumentCache full:https://registry.npmjs.org/lightningcss-linux-arm64-musl set size:82617 disposed:false
1614 silly fetch manifest lightningcss-freebsd-x64@1.33.0
1615 silly packumentCache full:https://registry.npmjs.org/lightningcss-freebsd-x64 cache-miss
1616 http fetch GET 200 https://registry.npmjs.org/lightningcss-linux-arm-gnueabihf 23ms (cache revalidated)
1617 silly packumentCache full:https://registry.npmjs.org/lightningcss-linux-arm-gnueabihf set size:82635 disposed:false
1618 silly fetch manifest lightningcss-android-arm64@1.33.0
1619 silly packumentCache full:https://registry.npmjs.org/lightningcss-android-arm64 cache-miss
1620 http fetch GET 200 https://registry.npmjs.org/lightningcss-freebsd-x64 27ms (cache revalidated)
1621 silly packumentCache full:https://registry.npmjs.org/lightningcss-freebsd-x64 set size:44564 disposed:false
1622 silly fetch manifest nanoid@^3.3.18
1623 silly packumentCache full:https://registry.npmjs.org/nanoid cache-miss
1624 http fetch GET 200 https://registry.npmjs.org/lightningcss-linux-x64-musl 44ms (cache revalidated)
1625 silly packumentCache full:https://registry.npmjs.org/lightningcss-linux-x64-musl set size:82032 disposed:false
1626 silly fetch manifest @oxc-project/types@=0.151.0
1627 silly packumentCache full:https://registry.npmjs.org/@oxc-project%2ftypes cache-miss
1628 http fetch GET 200 https://registry.npmjs.org/lightningcss-android-arm64 32ms (cache revalidated)
1629 silly packumentCache full:https://registry.npmjs.org/lightningcss-android-arm64 set size:9371 disposed:false
1630 silly fetch manifest @rolldown/pluginutils@^1.0.0
1631 silly packumentCache full:https://registry.npmjs.org/@rolldown%2fpluginutils cache-miss
1632 http fetch GET 200 https://registry.npmjs.org/nanoid 38ms (cache revalidated)
1633 silly packumentCache full:https://registry.npmjs.org/nanoid set size:345858 disposed:false
1634 silly fetch manifest @rolldown/binding-darwin-x64@1.2.11
1635 silly packumentCache full:https://registry.npmjs.org/@rolldown%2fbinding-darwin-x64 cache-miss
1636 http fetch GET 200 https://registry.npmjs.org/@rolldown%2fpluginutils 49ms (cache revalidated)
1637 silly packumentCache full:https://registry.npmjs.org/@rolldown%2fpluginutils set size:300388 disposed:false
1638 silly fetch manifest @rolldown/binding-freebsd-x64@1.2.11
1639 silly packumentCache full:https://registry.npmjs.org/@rolldown%2fbinding-freebsd-x64 cache-miss
1640 http fetch GET 200 https://registry.npmjs.org/@rolldown%2fbinding-freebsd-x64 33ms (cache revalidated)
1641 silly packumentCache full:https://registry.npmjs.org/@rolldown%2fbinding-freebsd-x64 set size:1082196 disposed:false
1642 silly fetch manifest @rolldown/binding-darwin-arm64@1.2.11
1643 silly packumentCache full:https://registry.npmjs.org/@rolldown%2fbinding-darwin-arm64 cache-miss
1644 http fetch GET 200 https://registry.npmjs.org/@rolldown%2fbinding-darwin-x64 62ms (cache revalidated)
1645 silly packumentCache full:https://registry.npmjs.org/@rolldown%2fbinding-darwin-x64 set size:1402411 disposed:false
1646 silly fetch manifest @rolldown/binding-android-arm64@1.2.11
1647 silly packumentCache full:https://registry.npmjs.org/@rolldown%2fbinding-android-arm64 cache-miss
1648 http fetch GET 200 https://registry.npmjs.org/@rolldown%2fbinding-darwin-arm64 35ms (cache revalidated)
1649 silly packumentCache full:https://registry.npmjs.org/@rolldown%2fbinding-darwin-arm64 set size:1414316 disposed:false
1650 silly fetch manifest @rolldown/binding-linux-x64-gnu@1.2.11
1651 silly packumentCache full:https://registry.npmjs.org/@rolldown%2fbinding-linux-x64-gnu cache-miss
1652 http fetch GET 200 https://registry.npmjs.org/@rolldown%2fbinding-android-arm64 41ms (cache revalidated)
1653 silly packumentCache full:https://registry.npmjs.org/@rolldown%2fbinding-android-arm64 set size:188900 disposed:false
1654 silly fetch manifest @rolldown/binding-linux-x64-musl@1.2.11
1655 silly packumentCache full:https://registry.npmjs.org/@rolldown%2fbinding-linux-x64-musl cache-miss
1656 http fetch GET 200 https://registry.npmjs.org/@rolldown%2fbinding-linux-x64-gnu 47ms (cache revalidated)
1657 silly packumentCache full:https://registry.npmjs.org/@rolldown%2fbinding-linux-x64-gnu set size:1428246 disposed:false
1658 silly fetch manifest @rolldown/binding-win32-x64-msvc@1.2.11
1659 silly packumentCache full:https://registry.npmjs.org/@rolldown%2fbinding-win32-x64-msvc cache-miss
1660 http fetch GET 200 https://registry.npmjs.org/@oxc-project%2ftypes 216ms (cache revalidated)
1661 silly packumentCache full:https://registry.npmjs.org/@oxc-project%2ftypes set size:260338 disposed:false
1662 silly fetch manifest @rolldown/binding-linux-arm64-gnu@1.2.11
1663 silly packumentCache full:https://registry.npmjs.org/@rolldown%2fbinding-linux-arm64-gnu cache-miss
1664 http fetch GET 200 https://registry.npmjs.org/@rolldown%2fbinding-linux-x64-musl 60ms (cache revalidated)
1665 silly packumentCache full:https://registry.npmjs.org/@rolldown%2fbinding-linux-x64-musl set size:1432979 disposed:false
1666 silly fetch manifest @rolldown/binding-linux-ppc64-gnu@1.2.11
1667 silly packumentCache full:https://registry.npmjs.org/@rolldown%2fbinding-linux-ppc64-gnu cache-miss
1668 http fetch GET 200 https://registry.npmjs.org/@rolldown%2fbinding-win32-x64-msvc 61ms (cache revalidated)
1669 silly packumentCache full:https://registry.npmjs.org/@rolldown%2fbinding-win32-x64-msvc set size:1420787 disposed:false
1670 silly fetch manifest @rolldown/binding-linux-s390x-gnu@1.2.11
1671 silly packumentCache full:https://registry.npmjs.org/@rolldown%2fbinding-linux-s390x-gnu cache-miss
1672 http fetch GET 200 https://registry.npmjs.org/@rolldown%2fbinding-linux-arm64-gnu 72ms (cache revalidated)
1673 silly packumentCache full:https://registry.npmjs.org/@rolldown%2fbinding-linux-arm64-gnu set size:1440183 disposed:false
1674 silly fetch manifest @rolldown/binding-android-arm-eabi@1.2.11
1675 silly packumentCache full:https://registry.npmjs.org/@rolldown%2fbinding-android-arm-eabi cache-miss
1676 http fetch GET 200 https://registry.npmjs.org/@rolldown%2fbinding-linux-ppc64-gnu 70ms (cache revalidated)
1677 silly packumentCache full:https://registry.npmjs.org/@rolldown%2fbinding-linux-ppc64-gnu set size:76770 disposed:false
1678 silly fetch manifest @rolldown/binding-linux-arm64-musl@1.2.11
1679 silly packumentCache full:https://registry.npmjs.org/@rolldown%2fbinding-linux-arm64-musl cache-miss
1680 http fetch GET 200 https://registry.npmjs.org/@rolldown%2fbinding-linux-s390x-gnu 49ms (cache revalidated)
1681 silly packumentCache full:https://registry.npmjs.org/@rolldown%2fbinding-linux-s390x-gnu set size:76767 disposed:false
1682 silly fetch manifest @rolldown/binding-win32-arm64-msvc@1.2.11
1683 silly packumentCache full:https://registry.npmjs.org/@rolldown%2fbinding-win32-arm64-msvc cache-miss
1684 http fetch GET 200 https://registry.npmjs.org/@rolldown%2fbinding-android-arm-eabi 40ms (cache revalidated)
1685 silly packumentCache full:https://registry.npmjs.org/@rolldown%2fbinding-android-arm-eabi set size:24514 disposed:false
1686 silly fetch manifest @rolldown/binding-openharmony-arm64@1.2.11
1687 silly packumentCache full:https://registry.npmjs.org/@rolldown%2fbinding-openharmony-arm64 cache-miss
1688 http fetch GET 200 https://registry.npmjs.org/@rolldown%2fbinding-linux-arm64-musl 54ms (cache revalidated)
1689 silly packumentCache full:https://registry.npmjs.org/@rolldown%2fbinding-linux-arm64-musl set size:1444882 disposed:false
1690 silly fetch manifest @rolldown/binding-linux-arm-gnueabihf@1.2.11
1691 silly packumentCache full:https://registry.npmjs.org/@rolldown%2fbinding-linux-arm-gnueabihf cache-miss
1692 http fetch GET 200 https://registry.npmjs.org/@rolldown%2fbinding-openharmony-arm64 36ms (cache revalidated)
1693 silly packumentCache full:https://registry.npmjs.org/@rolldown%2fbinding-openharmony-arm64 set size:151164 disposed:false
1694 http fetch GET 200 https://registry.npmjs.org/@rolldown%2fbinding-win32-arm64-msvc 46ms (cache revalidated)
1695 silly packumentCache full:https://registry.npmjs.org/@rolldown%2fbinding-win32-arm64-msvc set size:1435070 disposed:false
1696 http fetch GET 200 https://registry.npmjs.org/@rolldown%2fbinding-linux-arm-gnueabihf 64ms (cache revalidated)
1697 silly packumentCache full:https://registry.npmjs.org/@rolldown%2fbinding-linux-arm-gnueabihf set size:1449846 disposed:false
1698 silly placeDep ROOT lightningcss-android-arm64@1.33.0 OK for: lightningcss@1.33.0 want: 1.33.0
1699 silly placeDep ROOT lightningcss-darwin-arm64@1.33.0 OK for: lightningcss@1.33.0 want: 1.33.0
1700 silly placeDep ROOT lightningcss-darwin-x64@1.33.0 OK for: lightningcss@1.33.0 want: 1.33.0
1701 silly placeDep ROOT lightningcss-freebsd-x64@1.33.0 OK for: lightningcss@1.33.0 want: 1.33.0
1702 silly placeDep ROOT lightningcss-linux-arm-gnueabihf@1.33.0 OK for: lightningcss@1.33.0 want: 1.33.0
1703 silly placeDep ROOT lightningcss-linux-arm64-gnu@1.33.0 OK for: lightningcss@1.33.0 want: 1.33.0
1704 silly placeDep ROOT lightningcss-linux-arm64-musl@1.33.0 OK for: lightningcss@1.33.0 want: 1.33.0
1705 silly placeDep ROOT lightningcss-linux-x64-gnu@1.33.0 OK for: lightningcss@1.33.0 want: 1.33.0
1706 silly placeDep ROOT lightningcss-linux-x64-musl@1.33.0 OK for: lightningcss@1.33.0 want: 1.33.0
1707 silly placeDep ROOT lightningcss-win32-arm64-msvc@1.33.0 OK for: lightningcss@1.33.0 want: 1.33.0
1708 silly placeDep ROOT lightningcss-win32-x64-msvc@1.33.0 OK for: lightningcss@1.33.0 want: 1.33.0
1709 silly placeDep ROOT nanoid@3.3.19 OK for: postcss@8.5.28 want: ^3.3.18
1710 silly placeDep ROOT @oxc-project/types@0.151.0 OK for: rolldown@1.2.11 want: =0.151.0
1711 silly placeDep ROOT @rolldown/binding-android-arm-eabi@1.2.11 OK for: rolldown@1.2.11 want: 1.2.11
1712 silly placeDep ROOT @rolldown/binding-android-arm64@1.2.11 OK for: rolldown@1.2.11 want: 1.2.11
1713 silly placeDep ROOT @rolldown/binding-darwin-arm64@1.2.11 OK for: rolldown@1.2.11 want: 1.2.11
1714 silly placeDep ROOT @rolldown/binding-darwin-x64@1.2.11 OK for: rolldown@1.2.11 want: 1.2.11
1715 silly placeDep ROOT @rolldown/binding-freebsd-x64@1.2.11 OK for: rolldown@1.2.11 want: 1.2.11
1716 silly placeDep ROOT @rolldown/binding-linux-arm-gnueabihf@1.2.11 OK for: rolldown@1.2.11 want: 1.2.11
1717 silly placeDep ROOT @rolldown/binding-linux-arm64-gnu@1.2.11 OK for: rolldown@1.2.11 want: 1.2.11
1718 silly placeDep ROOT @rolldown/binding-linux-arm64-musl@1.2.11 OK for: rolldown@1.2.11 want: 1.2.11
1719 silly placeDep ROOT @rolldown/binding-linux-ppc64-gnu@1.2.11 OK for: rolldown@1.2.11 want: 1.2.11
1720 silly placeDep ROOT @rolldown/binding-linux-s390x-gnu@1.2.11 OK for: rolldown@1.2.11 want: 1.2.11
1721 silly placeDep ROOT @rolldown/binding-linux-x64-gnu@1.2.11 OK for: rolldown@1.2.11 want: 1.2.11
1722 silly placeDep ROOT @rolldown/binding-linux-x64-musl@1.2.11 OK for: rolldown@1.2.11 want: 1.2.11
1723 silly placeDep ROOT @rolldown/binding-openharmony-arm64@1.2.11 OK for: rolldown@1.2.11 want: 1.2.11
1724 silly placeDep ROOT @rolldown/binding-win32-arm64-msvc@1.2.11 OK for: rolldown@1.2.11 want: 1.2.11
1725 silly placeDep ROOT @rolldown/binding-win32-x64-msvc@1.2.11 OK for: rolldown@1.2.11 want: 1.2.11
1726 silly placeDep ROOT @rolldown/pluginutils@1.0.1 OK for: rolldown@1.2.11 want: ^1.0.0
1727 silly placeDep node_modules/@bruits/satteri-wasm32-wasi @emnapi/wasi-threads@1.2.2 OK for: @emnapi/core@1.11.1 want: 1.2.2
1728 silly placeDep node_modules/csso mdn-data@2.0.28 OK for: css-tree@2.2.1 want: 2.0.28
1729 silly reify moves {}
1730 silly audit bulk request {
1730 silly audit   astro: [ '7.3.5' ],
1730 silly audit   '@astrojs/compiler-rs': [ '0.5.1' ],
1730 silly audit   '@astrojs/internal-helpers': [ '0.11.0' ],
1730 silly audit   '@astrojs/markdown-satteri': [ '0.4.2' ],
1730 silly audit   '@astrojs/telemetry': [ '3.3.3' ],
1730 silly audit   '@capsizecss/unpack': [ '4.0.1' ],
1730 silly audit   '@clack/prompts': [ '1.8.1' ],
1730 silly audit   '@oslojs/encoding': [ '1.1.0' ],
1730 silly audit   'am-i-vibing': [ '0.4.0' ],
1730 silly audit   'aria-query': [ '5.3.2' ],
1730 silly audit   'axobject-query': [ '4.1.0' ],
1730 silly audit   'ci-info': [ '4.4.0' ],
1730 silly audit   clsx: [ '2.1.1' ],
1730 silly audit   'common-ancestor-path': [ '2.0.0' ],
1730 silly audit   cookie: [ '2.0.1' ],
1730 silly audit   devalue: [ '5.9.4' ],
1730 silly audit   diff: [ '9.0.0' ],
1730 silly audit   dset: [ '3.1.4' ],
1730 silly audit   'es-module-lexer': [ '2.3.2' ],
1730 silly audit   esbuild: [ '0.28.2' ],
1730 silly audit   'find-proc': [ '0.2.0' ],
1730 silly audit   flattie: [ '1.1.1' ],
1730 silly audit   fontace: [ '0.4.1' ],
1730 silly audit   'get-tsconfig': [ '5.0.0-beta.4' ],
1730 silly audit   'github-slugger': [ '2.0.0' ],
1730 silly audit   'html-escaper': [ '3.0.3' ],
1730 silly audit   'http-cache-semantics': [ '4.2.0' ],
1730 silly audit   'js-yaml': [ '4.3.2' ],
1730 silly audit   'jsonc-parser': [ '3.3.1' ],
1730 silly audit   'magic-string': [ '1.4.2' ],
1730 silly audit   magicast: [ '0.5.5' ],
1730 silly audit   mrmime: [ '2.0.1' ],
1730 silly audit   neotraverse: [ '1.0.1' ],
1730 silly audit   obug: [ '3.0.0' ],
1730 silly audit   'p-limit': [ '7.3.3' ],
1730 silly audit   'p-queue': [ '9.3.3' ],
1730 silly audit   'package-manager-detector': [ '1.8.0' ],
1730 silly audit   piccolore: [ '0.1.3' ],
1730 silly audit   picomatch: [ '4.0.7', '2.3.2' ],
1730 silly audit   sharp: [ '0.35.5' ],
1730 silly audit   shiki: [ '4.4.3' ],
1730 silly audit   'smol-toml': [ '1.9.0' ],
1730 silly audit   svgo: [ '4.1.0' ],
1730 silly audit   tinyclip: [ '1.0.3' ],
1730 silly audit   tinyexec: [ '1.3.1' ],
1730 silly audit   tinyglobby: [ '0.2.17' ],
1730 silly audit   ultrahtml: [ '1.7.0' ],
1730 silly audit   unifont: [ '0.7.5' ],
1730 silly audit   unstorage: [ '1.17.5' ],
1730 silly audit   verkit: [ '0.4.1' ],
1730 silly audit   vite: [ '8.3.1' ],
1730 silly audit   vitefu: [ '1.1.3' ],
1730 silly audit   'xxhash-wasm': [ '1.1.0' ],
1730 silly audit   'yargs-parser': [ '22.0.0' ],
1730 silly audit   zod: [ '4.6.5' ],
1730 silly audit   '@astrojs/compiler-binding': [ '0.5.1' ],
1730 silly audit   '@astrojs/compiler-binding-android-arm64': [ '0.5.1' ],
1730 silly audit   '@astrojs/compiler-binding-darwin-arm64': [ '0.5.1' ],
1730 silly audit   '@astrojs/compiler-binding-darwin-x64': [ '0.5.1' ],
1730 silly audit   '@astrojs/compiler-binding-linux-arm64-gnu': [ '0.5.1' ],
1730 silly audit   '@astrojs/compiler-binding-linux-arm64-musl': [ '0.5.1' ],
1730 silly audit   '@astrojs/compiler-binding-linux-x64-gnu': [ '0.5.1' ],
1730 silly audit   '@astrojs/compiler-binding-linux-x64-musl': [ '0.5.1' ],
1730 silly audit   '@astrojs/compiler-binding-wasm32-wasi': [ '0.5.1' ],
1730 silly audit   '@astrojs/compiler-binding-win32-arm64-msvc': [ '0.5.1' ],
1730 silly audit   '@astrojs/compiler-binding-win32-x64-msvc': [ '0.5.1' ],
1730 silly audit   '@emnapi/core': [ '1.11.3', '1.11.1' ],
1730 silly audit   '@emnapi/runtime': [ '1.11.3', '1.11.1' ],
1730 silly audit   '@napi-rs/wasm-runtime': [ '1.2.4' ],
1730 silly audit   '@types/hast': [ '3.0.5' ],
1730 silly audit   '@types/mdast': [ '4.0.4' ],
1730 silly audit   'retext-smartypants': [ '6.2.0' ],
1730 silly audit   unified: [ '11.0.5' ],
1730 silly audit   '@astrojs/prism': [ '4.0.2' ],
1730 silly audit   satteri: [ '0.10.5' ],
1730 silly audit   prismjs: [ '1.30.0' ],
1730 silly audit   'is-docker': [ '4.0.0' ],
1730 silly audit   fontkitten: [ '1.0.3' ],
1730 silly audit   '@clack/core': [ '1.5.1' ],
1730 silly audit   'fast-string-width': [ '3.0.2' ],
1730 silly audit   'fast-wrap-ansi': [ '0.2.2' ],
1730 silly audit   sisteransi: [ '1.0.5' ],
1730 silly audit   '@emnapi/wasi-threads': [ '1.2.3', '1.2.2' ],
1730 silly audit   tslib: [ '2.8.1' ],
1730 silly audit   '@tybys/wasm-util': [ '0.10.4' ],
1730 silly audit   '@types/unist': [ '3.0.3' ],
1730 silly audit   'process-ancestry': [ '0.1.0' ],
1730 silly audit   '@esbuild/aix-ppc64': [ '0.28.2' ],
1730 silly audit   '@esbuild/android-arm': [ '0.28.2' ],
1730 silly audit   '@esbuild/android-arm64': [ '0.28.2' ],
1730 silly audit   '@esbuild/android-x64': [ '0.28.2' ],
1730 silly audit   '@esbuild/darwin-arm64': [ '0.28.2' ],
1730 silly audit   '@esbuild/darwin-x64': [ '0.28.2' ],
1730 silly audit   '@esbuild/freebsd-arm64': [ '0.28.2' ],
1730 silly audit   '@esbuild/freebsd-x64': [ '0.28.2' ],
1730 silly audit   '@esbuild/linux-arm': [ '0.28.2' ],
1730 silly audit   '@esbuild/linux-arm64': [ '0.28.2' ],
1730 silly audit   '@esbuild/linux-ia32': [ '0.28.2' ],
1730 silly audit   '@esbuild/linux-loong64': [ '0.28.2' ],
1730 silly audit   '@esbuild/linux-mips64el': [ '0.28.2' ],
1730 silly audit   '@esbuild/linux-ppc64': [ '0.28.2' ],
1730 silly audit   '@esbuild/linux-riscv64': [ '0.28.2' ],
1730 silly audit   '@esbuild/linux-s390x': [ '0.28.2' ],
1730 silly audit   '@esbuild/linux-x64': [ '0.28.2' ],
1730 silly audit   '@esbuild/netbsd-arm64': [ '0.28.2' ],
1730 silly audit   '@esbuild/netbsd-x64': [ '0.28.2' ],
1730 silly audit   '@esbuild/openbsd-arm64': [ '0.28.2' ],
1730 silly audit   '@esbuild/openbsd-x64': [ '0.28.2' ],
1730 silly audit   '@esbuild/openharmony-arm64': [ '0.28.2' ],
1730 silly audit   '@esbuild/sunos-x64': [ '0.28.2' ],
1730 silly audit   '@esbuild/win32-arm64': [ '0.28.2' ],
1730 silly audit   '@esbuild/win32-ia32': [ '0.28.2' ],
1730 silly audit   '@esbuild/win32-x64': [ '0.28.2' ],
1730 silly audit   'fast-string-truncated-width': [ '3.0.3' ],
1730 silly audit   'tiny-inflate': [ '1.0.3' ],
1730 silly audit   'resolve-pkg-maps': [ '1.0.0' ],
1730 silly audit   argparse: [ '2.0.1' ],
1730 silly audit   '@jridgewell/sourcemap-codec': [ '1.6.0' ],
1730 silly audit   '@babel/parser': [ '7.29.9' ],
1730 silly audit   '@babel/types': [ '7.29.8' ],
1730 silly audit   'source-map-js': [ '1.2.2' ],
1730 silly audit   '@babel/helper-string-parser': [ '7.29.7' ],
1730 silly audit   '@babel/helper-validator-identifier': [ '7.29.7' ],
1730 silly audit   'yocto-queue': [ '1.2.2' ],
1730 silly audit   eventemitter3: [ '5.0.4' ],
1730 silly audit   'p-timeout': [ '7.0.2' ],
1730 silly audit   '@types/nlcst': [ '2.0.3' ],
1730 silly audit   'nlcst-to-string': [ '4.0.0' ],
1730 silly audit   'unist-util-visit': [ '5.1.0' ],
1730 silly audit   '@bruits/satteri-darwin-arm64': [ '0.10.5' ],
1730 silly audit   '@bruits/satteri-darwin-x64': [ '0.10.5' ],
1730 silly audit   '@bruits/satteri-linux-arm64-gnu': [ '0.10.5' ],
1730 silly audit   '@bruits/satteri-linux-arm64-musl': [ '0.10.5' ],
1730 silly audit   '@bruits/satteri-linux-x64-gnu': [ '0.10.5' ],
1730 silly audit   '@bruits/satteri-linux-x64-musl': [ '0.10.5' ],
1730 silly audit   '@bruits/satteri-wasm32-wasi': [ '0.10.5' ],
1730 silly audit   '@bruits/satteri-win32-arm64-msvc': [ '0.10.5' ],
1730 silly audit   '@bruits/satteri-win32-x64-msvc': [ '0.10.5' ],
1730 silly audit   '@types/estree-jsx': [ '1.0.5' ],
1730 silly audit   '@types/estree': [ '1.0.9' ],
1730 silly audit   '@img/colour': [ '1.1.0' ],
1730 silly audit   '@img/sharp-darwin-arm64': [ '0.35.5' ],
1730 silly audit   '@img/sharp-darwin-x64': [ '0.35.5' ],
1730 silly audit   '@img/sharp-freebsd-wasm32': [ '0.35.5' ],
1730 silly audit   '@img/sharp-libvips-darwin-arm64': [ '1.3.4' ],
1730 silly audit   '@img/sharp-libvips-darwin-x64': [ '1.3.4' ],
1730 silly audit   '@img/sharp-libvips-linux-arm': [ '1.3.4' ],
1730 silly audit   '@img/sharp-libvips-linux-arm64': [ '1.3.4' ],
1730 silly audit   '@img/sharp-libvips-linux-ppc64': [ '1.3.4' ],
1730 silly audit   '@img/sharp-libvips-linux-riscv64': [ '1.3.4' ],
1730 silly audit   '@img/sharp-libvips-linux-s390x': [ '1.3.4' ],
1730 silly audit   '@img/sharp-libvips-linux-x64': [ '1.3.4' ],
1730 silly audit   '@img/sharp-libvips-linuxmusl-arm64': [ '1.3.4' ],
1730 silly audit   '@img/sharp-libvips-linuxmusl-x64': [ '1.3.4' ],
1730 silly audit   '@img/sharp-linux-arm': [ '0.35.5' ],
1730 silly audit   '@img/sharp-linux-arm64': [ '0.35.5' ],
1730 silly audit   '@img/sharp-linux-ppc64': [ '0.35.5' ],
1730 silly audit   '@img/sharp-linux-riscv64': [ '0.35.5' ],
1730 silly audit   '@img/sharp-linux-s390x': [ '0.35.5' ],
1730 silly audit   '@img/sharp-linux-x64': [ '0.35.5' ],
1730 silly audit   '@img/sharp-linuxmusl-arm64': [ '0.35.5' ],
1730 silly audit   '@img/sharp-linuxmusl-x64': [ '0.35.5' ],
1730 silly audit   '@img/sharp-webcontainers-wasm32': [ '0.35.5' ],
1730 silly audit   '@img/sharp-win32-arm64': [ '0.35.5' ],
1730 silly audit   '@img/sharp-win32-ia32': [ '0.35.5' ],
1730 silly audit   '@img/sharp-win32-x64': [ '0.35.5' ],
1730 silly audit   'detect-libc': [ '2.1.2' ],
1730 silly audit   semver: [ '7.8.5' ],
1730 silly audit   '@img/sharp-wasm32': [ '0.35.5' ],
1730 silly audit   '@shikijs/core': [ '4.4.3' ],
1730 silly audit   '@shikijs/engine-javascript': [ '4.4.3' ],
1730 silly audit   '@shikijs/engine-oniguruma': [ '4.4.3' ],
1730 silly audit   '@shikijs/langs': [ '4.4.3' ],
1730 silly audit   '@shikijs/themes': [ '4.4.3' ],
1730 silly audit   '@shikijs/types': [ '4.4.3' ],
1730 silly audit   '@shikijs/vscode-textmate': [ '10.0.2' ],
1730 silly audit   '@shikijs/primitive': [ '4.4.3' ],
1730 silly audit   'hast-util-to-html': [ '9.0.5' ],
1730 silly audit   'oniguruma-to-es': [ '4.3.6' ],
1730 silly audit   ccount: [ '2.0.1' ],
1730 silly audit   'comma-separated-tokens': [ '2.0.3' ],
1730 silly audit   'hast-util-whitespace': [ '3.0.0' ],
1730 silly audit   'html-void-elements': [ '3.0.0' ],
1730 silly audit   'mdast-util-to-hast': [ '13.2.1' ],
1730 silly audit   'property-information': [ '7.2.0' ],
1730 silly audit   'space-separated-tokens': [ '2.0.2' ],
1730 silly audit   'stringify-entities': [ '4.0.4' ],
1730 silly audit   zwitch: [ '2.0.4' ],
1730 silly audit   '@ungap/structured-clone': [ '1.4.0' ],
1730 silly audit   devlop: [ '1.1.0' ],
1730 silly audit   'micromark-util-sanitize-uri': [ '2.0.1' ],
1730 silly audit   'trim-lines': [ '3.0.1' ],
1730 silly audit   'unist-util-position': [ '5.0.0' ],
1730 silly audit   vfile: [ '6.0.3' ],
1730 silly audit   dequal: [ '2.0.3' ],
1730 silly audit   'micromark-util-character': [ '2.1.1' ],
1730 silly audit   'micromark-util-encode': [ '2.0.1' ],
1730 silly audit   'micromark-util-symbol': [ '2.0.1' ],
1730 silly audit   'micromark-util-types': [ '2.0.3' ],
1730 silly audit   'oniguruma-parser': [ '0.12.2' ],
1730 silly audit   regex: [ '6.1.0' ],
1730 silly audit   'regex-recursion': [ '6.0.2' ],
1730 silly audit   'regex-utilities': [ '2.3.0' ],
1730 silly audit   'character-entities-html4': [ '2.1.0' ],
1730 silly audit   'character-entities-legacy': [ '3.0.0' ],
1730 silly audit   commander: [ '11.1.0' ],
1730 silly audit   'css-select': [ '6.0.0' ],
1730 silly audit   'css-tree': [ '3.2.1', '2.2.1' ],
1730 silly audit   'css-what': [ '7.0.0' ],
1730 silly audit   csso: [ '5.0.5' ],
1730 silly audit   picocolors: [ '1.1.1' ],
1730 silly audit   sax: [ '1.6.1' ],
1730 silly audit   boolbase: [ '1.0.0' ],
1730 silly audit   domhandler: [ '5.0.3' ],
1730 silly audit   domutils: [ '3.2.2' ],
1730 silly audit   'nth-check': [ '2.1.1' ],
1730 silly audit   'mdn-data': [ '2.27.1', '2.0.28' ],
1730 silly audit   domelementtype: [ '2.3.0' ],
1730 silly audit   'dom-serializer': [ '2.0.0' ],
1730 silly audit   entities: [ '4.5.0' ],
1730 silly audit   fdir: [ '6.5.0' ],
1730 silly audit   bail: [ '2.0.2' ],
1730 silly audit   extend: [ '3.0.2' ],
1730 silly audit   'is-plain-obj': [ '4.1.0' ],
1730 silly audit   trough: [ '2.2.0' ],
1730 silly audit   ohash: [ '2.0.12' ],
1730 silly audit   undici: [ '8.11.2' ],
1730 silly audit   'unist-util-is': [ '6.0.1' ],
1730 silly audit   'unist-util-visit-parents': [ '6.0.2' ],
1730 silly audit   anymatch: [ '3.1.3' ],
1730 silly audit   chokidar: [ '5.0.0' ],
1730 silly audit   destr: [ '2.0.5' ],
1730 silly audit   h3: [ '1.15.11' ],
1730 silly audit   'lru-cache': [ '11.5.3' ],
1730 silly audit   'node-fetch-native': [ '1.6.7' ],
1730 silly audit   ofetch: [ '1.5.1' ],
1730 silly audit   ufo: [ '1.6.4' ],
1730 silly audit   'normalize-path': [ '3.0.0' ],
1730 silly audit   readdirp: [ '5.1.1' ],
1730 silly audit   'cookie-es': [ '1.2.3' ],
1730 silly audit   crossws: [ '0.3.5' ],
1730 silly audit   defu: [ '6.1.7' ],
1730 silly audit   'iron-webcrypto': [ '1.2.1' ],
1730 silly audit   'node-mock-http': [ '1.0.5' ],
1730 silly audit   radix3: [ '1.1.2' ],
1730 silly audit   uncrypto: [ '0.1.3' ],
1730 silly audit   'vfile-message': [ '4.0.3' ],
1730 silly audit   'unist-util-stringify-position': [ '4.0.0' ],
1730 silly audit   fsevents: [ '2.3.3' ],
1730 silly audit   lightningcss: [ '1.33.0' ],
1730 silly audit   postcss: [ '8.5.28' ],
1730 silly audit   rolldown: [ '1.2.11' ],
1730 silly audit   'lightningcss-android-arm64': [ '1.33.0' ],
1730 silly audit   'lightningcss-darwin-arm64': [ '1.33.0' ],
1730 silly audit   'lightningcss-darwin-x64': [ '1.33.0' ],
1730 silly audit   'lightningcss-freebsd-x64': [ '1.33.0' ],
1730 silly audit   'lightningcss-linux-arm-gnueabihf': [ '1.33.0' ],
1730 silly audit   'lightningcss-linux-arm64-gnu': [ '1.33.0' ],
1730 silly audit   'lightningcss-linux-arm64-musl': [ '1.33.0' ],
1730 silly audit   'lightningcss-linux-x64-gnu': [ '1.33.0' ],
1730 silly audit   'lightningcss-linux-x64-musl': [ '1.33.0' ],
1730 silly audit   'lightningcss-win32-arm64-msvc': [ '1.33.0' ],
1730 silly audit   'lightningcss-win32-x64-msvc': [ '1.33.0' ],
1730 silly audit   nanoid: [ '3.3.19' ],
1730 silly audit   '@oxc-project/types': [ '0.151.0' ],
1730 silly audit   '@rolldown/binding-android-arm-eabi': [ '1.2.11' ],
1730 silly audit   '@rolldown/binding-android-arm64': [ '1.2.11' ],
1730 silly audit   '@rolldown/binding-darwin-arm64': [ '1.2.11' ],
1730 silly audit   '@rolldown/binding-darwin-x64': [ '1.2.11' ],
1730 silly audit   '@rolldown/binding-freebsd-x64': [ '1.2.11' ],
1730 silly audit   '@rolldown/binding-linux-arm-gnueabihf': [ '1.2.11' ],
1730 silly audit   '@rolldown/binding-linux-arm64-gnu': [ '1.2.11' ],
1730 silly audit   '@rolldown/binding-linux-arm64-musl': [ '1.2.11' ],
1730 silly audit   '@rolldown/binding-linux-ppc64-gnu': [ '1.2.11' ],
1730 silly audit   '@rolldown/binding-linux-s390x-gnu': [ '1.2.11' ],
1730 silly audit   '@rolldown/binding-linux-x64-gnu': [ '1.2.11' ],
1730 silly audit   '@rolldown/binding-linux-x64-musl': [ '1.2.11' ],
1730 silly audit   '@rolldown/binding-openharmony-arm64': [ '1.2.11' ],
1730 silly audit   '@rolldown/binding-win32-arm64-msvc': [ '1.2.11' ],
1730 silly audit   '@rolldown/binding-win32-x64-msvc': [ '1.2.11' ],
1730 silly audit   '@rolldown/pluginutils': [ '1.0.1' ]
1730 silly audit }
1731 verbose reify failed optional dependency /root/.npm/_npx/aa98e6899c6baff3/node_modules/@rolldown/binding-win32-x64-msvc
1732 silly reify mark deleted [
1732 silly reify   '/root/.npm/_npx/aa98e6899c6baff3/node_modules/@rolldown/binding-win32-x64-msvc'
1732 silly reify ]
1733 verbose reify failed optional dependency /root/.npm/_npx/aa98e6899c6baff3/node_modules/@rolldown/binding-win32-arm64-msvc
1734 silly reify mark deleted [
1734 silly reify   '/root/.npm/_npx/aa98e6899c6baff3/node_modules/@rolldown/binding-win32-arm64-msvc'
1734 silly reify ]
1735 verbose reify failed optional dependency /root/.npm/_npx/aa98e6899c6baff3/node_modules/@rolldown/binding-openharmony-arm64
1736 silly reify mark deleted [
1736 silly reify   '/root/.npm/_npx/aa98e6899c6baff3/node_modules/@rolldown/binding-openharmony-arm64'
1736 silly reify ]
1737 verbose reify failed optional dependency /root/.npm/_npx/aa98e6899c6baff3/node_modules/@rolldown/binding-linux-x64-musl
1738 silly reify mark deleted [
1738 silly reify   '/root/.npm/_npx/aa98e6899c6baff3/node_modules/@rolldown/binding-linux-x64-musl'
1738 silly reify ]
1739 verbose reify failed optional dependency /root/.npm/_npx/aa98e6899c6baff3/node_modules/@rolldown/binding-linux-s390x-gnu
1740 silly reify mark deleted [
1740 silly reify   '/root/.npm/_npx/aa98e6899c6baff3/node_modules/@rolldown/binding-linux-s390x-gnu'
1740 silly reify ]
1741 verbose reify failed optional dependency /root/.npm/_npx/aa98e6899c6baff3/node_modules/@rolldown/binding-linux-ppc64-gnu
1742 silly reify mark deleted [
1742 silly reify   '/root/.npm/_npx/aa98e6899c6baff3/node_modules/@rolldown/binding-linux-ppc64-gnu'
1742 silly reify ]
1743 verbose reify failed optional dependency /root/.npm/_npx/aa98e6899c6baff3/node_modules/@rolldown/binding-linux-arm64-musl
1744 silly reify mark deleted [
1744 silly reify   '/root/.npm/_npx/aa98e6899c6baff3/node_modules/@rolldown/binding-linux-arm64-musl'
1744 silly reify ]
1745 verbose reify failed optional dependency /root/.npm/_npx/aa98e6899c6baff3/node_modules/@rolldown/binding-linux-arm64-gnu
1746 silly reify mark deleted [
1746 silly reify   '/root/.npm/_npx/aa98e6899c6baff3/node_modules/@rolldown/binding-linux-arm64-gnu'
1746 silly reify ]
1747 verbose reify failed optional dependency /root/.npm/_npx/aa98e6899c6baff3/node_modules/@rolldown/binding-linux-arm-gnueabihf
1748 silly reify mark deleted [
1748 silly reify   '/root/.npm/_npx/aa98e6899c6baff3/node_modules/@rolldown/binding-linux-arm-gnueabihf'
1748 silly reify ]
1749 verbose reify failed optional dependency /root/.npm/_npx/aa98e6899c6baff3/node_modules/@rolldown/binding-freebsd-x64
1750 silly reify mark deleted [
1750 silly reify   '/root/.npm/_npx/aa98e6899c6baff3/node_modules/@rolldown/binding-freebsd-x64'
1750 silly reify ]
1751 verbose reify failed optional dependency /root/.npm/_npx/aa98e6899c6baff3/node_modules/@rolldown/binding-darwin-x64
1752 silly reify mark deleted [
1752 silly reify   '/root/.npm/_npx/aa98e6899c6baff3/node_modules/@rolldown/binding-darwin-x64'
1752 silly reify ]
1753 verbose reify failed optional dependency /root/.npm/_npx/aa98e6899c6baff3/node_modules/@rolldown/binding-darwin-arm64
1754 silly reify mark deleted [
1754 silly reify   '/root/.npm/_npx/aa98e6899c6baff3/node_modules/@rolldown/binding-darwin-arm64'
1754 silly reify ]
1755 verbose reify failed optional dependency /root/.npm/_npx/aa98e6899c6baff3/node_modules/@rolldown/binding-android-arm64
1756 silly reify mark deleted [
1756 silly reify   '/root/.npm/_npx/aa98e6899c6baff3/node_modules/@rolldown/binding-android-arm64'
1756 silly reify ]
1757 verbose reify failed optional dependency /root/.npm/_npx/aa98e6899c6baff3/node_modules/@rolldown/binding-android-arm-eabi
1758 silly reify mark deleted [
1758 silly reify   '/root/.npm/_npx/aa98e6899c6baff3/node_modules/@rolldown/binding-android-arm-eabi'
1758 silly reify ]
1759 verbose reify failed optional dependency /root/.npm/_npx/aa98e6899c6baff3/node_modules/lightningcss-win32-x64-msvc
1760 silly reify mark deleted [
1760 silly reify   '/root/.npm/_npx/aa98e6899c6baff3/node_modules/lightningcss-win32-x64-msvc'
1760 silly reify ]
1761 verbose reify failed optional dependency /root/.npm/_npx/aa98e6899c6baff3/node_modules/lightningcss-win32-arm64-msvc
1762 silly reify mark deleted [
1762 silly reify   '/root/.npm/_npx/aa98e6899c6baff3/node_modules/lightningcss-win32-arm64-msvc'
1762 silly reify ]
1763 verbose reify failed optional dependency /root/.npm/_npx/aa98e6899c6baff3/node_modules/lightningcss-linux-x64-musl
1764 silly reify mark deleted [
1764 silly reify   '/root/.npm/_npx/aa98e6899c6baff3/node_modules/lightningcss-linux-x64-musl'
1764 silly reify ]
1765 verbose reify failed optional dependency /root/.npm/_npx/aa98e6899c6baff3/node_modules/lightningcss-linux-arm64-musl
1766 silly reify mark deleted [
1766 silly reify   '/root/.npm/_npx/aa98e6899c6baff3/node_modules/lightningcss-linux-arm64-musl'
1766 silly reify ]
1767 verbose reify failed optional dependency /root/.npm/_npx/aa98e6899c6baff3/node_modules/lightningcss-linux-arm64-gnu
1768 silly reify mark deleted [
1768 silly reify   '/root/.npm/_npx/aa98e6899c6baff3/node_modules/lightningcss-linux-arm64-gnu'
1768 silly reify ]
1769 verbose reify failed optional dependency /root/.npm/_npx/aa98e6899c6baff3/node_modules/lightningcss-linux-arm-gnueabihf
1770 silly reify mark deleted [
1770 silly reify   '/root/.npm/_npx/aa98e6899c6baff3/node_modules/lightningcss-linux-arm-gnueabihf'
1770 silly reify ]
1771 verbose reify failed optional dependency /root/.npm/_npx/aa98e6899c6baff3/node_modules/lightningcss-freebsd-x64
1772 silly reify mark deleted [
1772 silly reify   '/root/.npm/_npx/aa98e6899c6baff3/node_modules/lightningcss-freebsd-x64'
1772 silly reify ]
1773 verbose reify failed optional dependency /root/.npm/_npx/aa98e6899c6baff3/node_modules/lightningcss-darwin-x64
1774 silly reify mark deleted [
1774 silly reify   '/root/.npm/_npx/aa98e6899c6baff3/node_modules/lightningcss-darwin-x64'
1774 silly reify ]
1775 verbose reify failed optional dependency /root/.npm/_npx/aa98e6899c6baff3/node_modules/lightningcss-darwin-arm64
1776 silly reify mark deleted [
1776 silly reify   '/root/.npm/_npx/aa98e6899c6baff3/node_modules/lightningcss-darwin-arm64'
1776 silly reify ]
1777 verbose reify failed optional dependency /root/.npm/_npx/aa98e6899c6baff3/node_modules/lightningcss-android-arm64
1778 silly reify mark deleted [
1778 silly reify   '/root/.npm/_npx/aa98e6899c6baff3/node_modules/lightningcss-android-arm64'
1778 silly reify ]
1779 verbose reify failed optional dependency /root/.npm/_npx/aa98e6899c6baff3/node_modules/fsevents
1780 silly reify mark deleted [ '/root/.npm/_npx/aa98e6899c6baff3/node_modules/fsevents' ]
1781 verbose reify failed optional dependency /root/.npm/_npx/aa98e6899c6baff3/node_modules/@img/sharp-win32-x64
1782 silly reify mark deleted [
1782 silly reify   '/root/.npm/_npx/aa98e6899c6baff3/node_modules/@img/sharp-win32-x64'
1782 silly reify ]
1783 verbose reify failed optional dependency /root/.npm/_npx/aa98e6899c6baff3/node_modules/@img/sharp-win32-ia32
1784 silly reify mark deleted [
1784 silly reify   '/root/.npm/_npx/aa98e6899c6baff3/node_modules/@img/sharp-win32-ia32'
1784 silly reify ]
1785 verbose reify failed optional dependency /root/.npm/_npx/aa98e6899c6baff3/node_modules/@img/sharp-win32-arm64
1786 silly reify mark deleted [
1786 silly reify   '/root/.npm/_npx/aa98e6899c6baff3/node_modules/@img/sharp-win32-arm64'
1786 silly reify ]
1787 verbose reify failed optional dependency /root/.npm/_npx/aa98e6899c6baff3/node_modules/@img/sharp-webcontainers-wasm32
1788 silly reify mark deleted [
1788 silly reify   '/root/.npm/_npx/aa98e6899c6baff3/node_modules/@img/sharp-webcontainers-wasm32'
1788 silly reify ]
1789 verbose reify failed optional dependency /root/.npm/_npx/aa98e6899c6baff3/node_modules/@img/sharp-linuxmusl-x64
1790 silly reify mark deleted [
1790 silly reify   '/root/.npm/_npx/aa98e6899c6baff3/node_modules/@img/sharp-linuxmusl-x64'
1790 silly reify ]
1791 verbose reify failed optional dependency /root/.npm/_npx/aa98e6899c6baff3/node_modules/@img/sharp-linuxmusl-arm64
1792 silly reify mark deleted [
1792 silly reify   '/root/.npm/_npx/aa98e6899c6baff3/node_modules/@img/sharp-linuxmusl-arm64'
1792 silly reify ]
1793 verbose reify failed optional dependency /root/.npm/_npx/aa98e6899c6baff3/node_modules/@img/sharp-linux-s390x
1794 silly reify mark deleted [
1794 silly reify   '/root/.npm/_npx/aa98e6899c6baff3/node_modules/@img/sharp-linux-s390x'
1794 silly reify ]
1795 verbose reify failed optional dependency /root/.npm/_npx/aa98e6899c6baff3/node_modules/@img/sharp-linux-riscv64
1796 silly reify mark deleted [
1796 silly reify   '/root/.npm/_npx/aa98e6899c6baff3/node_modules/@img/sharp-linux-riscv64'
1796 silly reify ]
1797 verbose reify failed optional dependency /root/.npm/_npx/aa98e6899c6baff3/node_modules/@img/sharp-linux-ppc64
1798 silly reify mark deleted [
1798 silly reify   '/root/.npm/_npx/aa98e6899c6baff3/node_modules/@img/sharp-linux-ppc64'
1798 silly reify ]
1799 verbose reify failed optional dependency /root/.npm/_npx/aa98e6899c6baff3/node_modules/@img/sharp-linux-arm64
1800 silly reify mark deleted [
1800 silly reify   '/root/.npm/_npx/aa98e6899c6baff3/node_modules/@img/sharp-linux-arm64'
1800 silly reify ]
1801 verbose reify failed optional dependency /root/.npm/_npx/aa98e6899c6baff3/node_modules/@img/sharp-linux-arm
1802 silly reify mark deleted [
1802 silly reify   '/root/.npm/_npx/aa98e6899c6baff3/node_modules/@img/sharp-linux-arm'
1802 silly reify ]
1803 verbose reify failed optional dependency /root/.npm/_npx/aa98e6899c6baff3/node_modules/@img/sharp-libvips-linuxmusl-x64
1804 silly reify mark deleted [
1804 silly reify   '/root/.npm/_npx/aa98e6899c6baff3/node_modules/@img/sharp-libvips-linuxmusl-x64'
1804 silly reify ]
1805 verbose reify failed optional dependency /root/.npm/_npx/aa98e6899c6baff3/node_modules/@img/sharp-libvips-linuxmusl-arm64
1806 silly reify mark deleted [
1806 silly reify   '/root/.npm/_npx/aa98e6899c6baff3/node_modules/@img/sharp-libvips-linuxmusl-arm64'
1806 silly reify ]
1807 verbose reify failed optional dependency /root/.npm/_npx/aa98e6899c6baff3/node_modules/@img/sharp-libvips-linux-s390x
1808 silly reify mark deleted [
1808 silly reify   '/root/.npm/_npx/aa98e6899c6baff3/node_modules/@img/sharp-libvips-linux-s390x'
1808 silly reify ]
1809 verbose reify failed optional dependency /root/.npm/_npx/aa98e6899c6baff3/node_modules/@img/sharp-libvips-linux-riscv64
1810 silly reify mark deleted [
1810 silly reify   '/root/.npm/_npx/aa98e6899c6baff3/node_modules/@img/sharp-libvips-linux-riscv64'
1810 silly reify ]
1811 verbose reify failed optional dependency /root/.npm/_npx/aa98e6899c6baff3/node_modules/@img/sharp-libvips-linux-ppc64
1812 silly reify mark deleted [
1812 silly reify   '/root/.npm/_npx/aa98e6899c6baff3/node_modules/@img/sharp-libvips-linux-ppc64'
1812 silly reify ]
1813 verbose reify failed optional dependency /root/.npm/_npx/aa98e6899c6baff3/node_modules/@img/sharp-libvips-linux-arm64
1814 silly reify mark deleted [
1814 silly reify   '/root/.npm/_npx/aa98e6899c6baff3/node_modules/@img/sharp-libvips-linux-arm64'
1814 silly reify ]
1815 verbose reify failed optional dependency /root/.npm/_npx/aa98e6899c6baff3/node_modules/@img/sharp-libvips-linux-arm
1816 silly reify mark deleted [
1816 silly reify   '/root/.npm/_npx/aa98e6899c6baff3/node_modules/@img/sharp-libvips-linux-arm'
1816 silly reify ]
1817 verbose reify failed optional dependency /root/.npm/_npx/aa98e6899c6baff3/node_modules/@img/sharp-libvips-darwin-x64
1818 silly reify mark deleted [
1818 silly reify   '/root/.npm/_npx/aa98e6899c6baff3/node_modules/@img/sharp-libvips-darwin-x64'
1818 silly reify ]
1819 verbose reify failed optional dependency /root/.npm/_npx/aa98e6899c6baff3/node_modules/@img/sharp-libvips-darwin-arm64
1820 silly reify mark deleted [
1820 silly reify   '/root/.npm/_npx/aa98e6899c6baff3/node_modules/@img/sharp-libvips-darwin-arm64'
1820 silly reify ]
1821 verbose reify failed optional dependency /root/.npm/_npx/aa98e6899c6baff3/node_modules/@img/sharp-freebsd-wasm32
1822 silly reify mark deleted [
1822 silly reify   '/root/.npm/_npx/aa98e6899c6baff3/node_modules/@img/sharp-freebsd-wasm32'
1822 silly reify ]
1823 verbose reify failed optional dependency /root/.npm/_npx/aa98e6899c6baff3/node_modules/@img/sharp-darwin-x64
1824 silly reify mark deleted [
1824 silly reify   '/root/.npm/_npx/aa98e6899c6baff3/node_modules/@img/sharp-darwin-x64'
1824 silly reify ]
1825 verbose reify failed optional dependency /root/.npm/_npx/aa98e6899c6baff3/node_modules/@img/sharp-darwin-arm64
1826 silly reify mark deleted [
1826 silly reify   '/root/.npm/_npx/aa98e6899c6baff3/node_modules/@img/sharp-darwin-arm64'
1826 silly reify ]
1827 verbose reify failed optional dependency /root/.npm/_npx/aa98e6899c6baff3/node_modules/@bruits/satteri-win32-x64-msvc
1828 silly reify mark deleted [
1828 silly reify   '/root/.npm/_npx/aa98e6899c6baff3/node_modules/@bruits/satteri-win32-x64-msvc'
1828 silly reify ]
1829 verbose reify failed optional dependency /root/.npm/_npx/aa98e6899c6baff3/node_modules/@bruits/satteri-win32-arm64-msvc
1830 silly reify mark deleted [
1830 silly reify   '/root/.npm/_npx/aa98e6899c6baff3/node_modules/@bruits/satteri-win32-arm64-msvc'
1830 silly reify ]
1831 verbose reify failed optional dependency /root/.npm/_npx/aa98e6899c6baff3/node_modules/@bruits/satteri-wasm32-wasi
1832 silly reify mark deleted [
1832 silly reify   '/root/.npm/_npx/aa98e6899c6baff3/node_modules/@bruits/satteri-wasm32-wasi'
1832 silly reify ]
1833 verbose reify failed optional dependency /root/.npm/_npx/aa98e6899c6baff3/node_modules/@bruits/satteri-wasm32-wasi/node_modules/@emnapi/core
1834 silly reify mark deleted [
1834 silly reify   '/root/.npm/_npx/aa98e6899c6baff3/node_modules/@bruits/satteri-wasm32-wasi/node_modules/@emnapi/core'
1834 silly reify ]
1835 verbose reify failed optional dependency /root/.npm/_npx/aa98e6899c6baff3/node_modules/@bruits/satteri-wasm32-wasi/node_modules/@emnapi/runtime
1836 silly reify mark deleted [
1836 silly reify   '/root/.npm/_npx/aa98e6899c6baff3/node_modules/@bruits/satteri-wasm32-wasi/node_modules/@emnapi/runtime'
1836 silly reify ]
1837 verbose reify failed optional dependency /root/.npm/_npx/aa98e6899c6baff3/node_modules/@bruits/satteri-wasm32-wasi/node_modules/@emnapi/wasi-threads
1838 silly reify mark deleted [
1838 silly reify   '/root/.npm/_npx/aa98e6899c6baff3/node_modules/@bruits/satteri-wasm32-wasi/node_modules/@emnapi/wasi-threads'
1838 silly reify ]
1839 verbose reify failed optional dependency /root/.npm/_npx/aa98e6899c6baff3/node_modules/@bruits/satteri-linux-x64-musl
1840 silly reify mark deleted [
1840 silly reify   '/root/.npm/_npx/aa98e6899c6baff3/node_modules/@bruits/satteri-linux-x64-musl'
1840 silly reify ]
1841 verbose reify failed optional dependency /root/.npm/_npx/aa98e6899c6baff3/node_modules/@bruits/satteri-linux-arm64-musl
1842 silly reify mark deleted [
1842 silly reify   '/root/.npm/_npx/aa98e6899c6baff3/node_modules/@bruits/satteri-linux-arm64-musl'
1842 silly reify ]
1843 verbose reify failed optional dependency /root/.npm/_npx/aa98e6899c6baff3/node_modules/@bruits/satteri-linux-arm64-gnu
1844 silly reify mark deleted [
1844 silly reify   '/root/.npm/_npx/aa98e6899c6baff3/node_modules/@bruits/satteri-linux-arm64-gnu'
1844 silly reify ]
1845 verbose reify failed optional dependency /root/.npm/_npx/aa98e6899c6baff3/node_modules/@bruits/satteri-darwin-x64
1846 silly reify mark deleted [
1846 silly reify   '/root/.npm/_npx/aa98e6899c6baff3/node_modules/@bruits/satteri-darwin-x64'
1846 silly reify ]
1847 verbose reify failed optional dependency /root/.npm/_npx/aa98e6899c6baff3/node_modules/@bruits/satteri-darwin-arm64
1848 silly reify mark deleted [
1848 silly reify   '/root/.npm/_npx/aa98e6899c6baff3/node_modules/@bruits/satteri-darwin-arm64'
1848 silly reify ]
1849 verbose reify failed optional dependency /root/.npm/_npx/aa98e6899c6baff3/node_modules/@esbuild/win32-x64
1850 silly reify mark deleted [ '/root/.npm/_npx/aa98e6899c6baff3/node_modules/@esbuild/win32-x64' ]
1851 verbose reify failed optional dependency /root/.npm/_npx/aa98e6899c6baff3/node_modules/@esbuild/win32-ia32
1852 silly reify mark deleted [ '/root/.npm/_npx/aa98e6899c6baff3/node_modules/@esbuild/win32-ia32' ]
1853 verbose reify failed optional dependency /root/.npm/_npx/aa98e6899c6baff3/node_modules/@esbuild/win32-arm64
1854 silly reify mark deleted [
1854 silly reify   '/root/.npm/_npx/aa98e6899c6baff3/node_modules/@esbuild/win32-arm64'
1854 silly reify ]
1855 verbose reify failed optional dependency /root/.npm/_npx/aa98e6899c6baff3/node_modules/@esbuild/sunos-x64
1856 silly reify mark deleted [ '/root/.npm/_npx/aa98e6899c6baff3/node_modules/@esbuild/sunos-x64' ]
1857 verbose reify failed optional dependency /root/.npm/_npx/aa98e6899c6baff3/node_modules/@esbuild/openharmony-arm64
1858 silly reify mark deleted [
1858 silly reify   '/root/.npm/_npx/aa98e6899c6baff3/node_modules/@esbuild/openharmony-arm64'
1858 silly reify ]
1859 verbose reify failed optional dependency /root/.npm/_npx/aa98e6899c6baff3/node_modules/@esbuild/openbsd-x64
1860 silly reify mark deleted [
1860 silly reify   '/root/.npm/_npx/aa98e6899c6baff3/node_modules/@esbuild/openbsd-x64'
1860 silly reify ]
1861 verbose reify failed optional dependency /root/.npm/_npx/aa98e6899c6baff3/node_modules/@esbuild/openbsd-arm64
1862 silly reify mark deleted [
1862 silly reify   '/root/.npm/_npx/aa98e6899c6baff3/node_modules/@esbuild/openbsd-arm64'
1862 silly reify ]
1863 verbose reify failed optional dependency /root/.npm/_npx/aa98e6899c6baff3/node_modules/@esbuild/netbsd-x64
1864 silly reify mark deleted [ '/root/.npm/_npx/aa98e6899c6baff3/node_modules/@esbuild/netbsd-x64' ]
1865 verbose reify failed optional dependency /root/.npm/_npx/aa98e6899c6baff3/node_modules/@esbuild/netbsd-arm64
1866 silly reify mark deleted [
1866 silly reify   '/root/.npm/_npx/aa98e6899c6baff3/node_modules/@esbuild/netbsd-arm64'
1866 silly reify ]
1867 verbose reify failed optional dependency /root/.npm/_npx/aa98e6899c6baff3/node_modules/@esbuild/linux-s390x
1868 silly reify mark deleted [
1868 silly reify   '/root/.npm/_npx/aa98e6899c6baff3/node_modules/@esbuild/linux-s390x'
1868 silly reify ]
1869 verbose reify failed optional dependency /root/.npm/_npx/aa98e6899c6baff3/node_modules/@esbuild/linux-riscv64
1870 silly reify mark deleted [
1870 silly reify   '/root/.npm/_npx/aa98e6899c6baff3/node_modules/@esbuild/linux-riscv64'
1870 silly reify ]
1871 verbose reify failed optional dependency /root/.npm/_npx/aa98e6899c6baff3/node_modules/@esbuild/linux-ppc64
1872 silly reify mark deleted [
1872 silly reify   '/root/.npm/_npx/aa98e6899c6baff3/node_modules/@esbuild/linux-ppc64'
1872 silly reify ]
1873 verbose reify failed optional dependency /root/.npm/_npx/aa98e6899c6baff3/node_modules/@esbuild/linux-mips64el
1874 silly reify mark deleted [
1874 silly reify   '/root/.npm/_npx/aa98e6899c6baff3/node_modules/@esbuild/linux-mips64el'
1874 silly reify ]
1875 verbose reify failed optional dependency /root/.npm/_npx/aa98e6899c6baff3/node_modules/@esbuild/linux-loong64
1876 silly reify mark deleted [
1876 silly reify   '/root/.npm/_npx/aa98e6899c6baff3/node_modules/@esbuild/linux-loong64'
1876 silly reify ]
1877 verbose reify failed optional dependency /root/.npm/_npx/aa98e6899c6baff3/node_modules/@esbuild/linux-ia32
1878 silly reify mark deleted [ '/root/.npm/_npx/aa98e6899c6baff3/node_modules/@esbuild/linux-ia32' ]
1879 verbose reify failed optional dependency /root/.npm/_npx/aa98e6899c6baff3/node_modules/@esbuild/linux-arm64
1880 silly reify mark deleted [
1880 silly reify   '/root/.npm/_npx/aa98e6899c6baff3/node_modules/@esbuild/linux-arm64'
1880 silly reify ]
1881 verbose reify failed optional dependency /root/.npm/_npx/aa98e6899c6baff3/node_modules/@esbuild/linux-arm
1882 silly reify mark deleted [ '/root/.npm/_npx/aa98e6899c6baff3/node_modules/@esbuild/linux-arm' ]
1883 verbose reify failed optional dependency /root/.npm/_npx/aa98e6899c6baff3/node_modules/@esbuild/freebsd-x64
1884 silly reify mark deleted [
1884 silly reify   '/root/.npm/_npx/aa98e6899c6baff3/node_modules/@esbuild/freebsd-x64'
1884 silly reify ]
1885 verbose reify failed optional dependency /root/.npm/_npx/aa98e6899c6baff3/node_modules/@esbuild/freebsd-arm64
1886 silly reify mark deleted [
1886 silly reify   '/root/.npm/_npx/aa98e6899c6baff3/node_modules/@esbuild/freebsd-arm64'
1886 silly reify ]
1887 verbose reify failed optional dependency /root/.npm/_npx/aa98e6899c6baff3/node_modules/@esbuild/darwin-x64
1888 silly reify mark deleted [ '/root/.npm/_npx/aa98e6899c6baff3/node_modules/@esbuild/darwin-x64' ]
1889 verbose reify failed optional dependency /root/.npm/_npx/aa98e6899c6baff3/node_modules/@esbuild/darwin-arm64
1890 silly reify mark deleted [
1890 silly reify   '/root/.npm/_npx/aa98e6899c6baff3/node_modules/@esbuild/darwin-arm64'
1890 silly reify ]
1891 verbose reify failed optional dependency /root/.npm/_npx/aa98e6899c6baff3/node_modules/@esbuild/android-x64
1892 silly reify mark deleted [
1892 silly reify   '/root/.npm/_npx/aa98e6899c6baff3/node_modules/@esbuild/android-x64'
1892 silly reify ]
1893 verbose reify failed optional dependency /root/.npm/_npx/aa98e6899c6baff3/node_modules/@esbuild/android-arm64
1894 silly reify mark deleted [
1894 silly reify   '/root/.npm/_npx/aa98e6899c6baff3/node_modules/@esbuild/android-arm64'
1894 silly reify ]
1895 verbose reify failed optional dependency /root/.npm/_npx/aa98e6899c6baff3/node_modules/@esbuild/android-arm
1896 silly reify mark deleted [
1896 silly reify   '/root/.npm/_npx/aa98e6899c6baff3/node_modules/@esbuild/android-arm'
1896 silly reify ]
1897 verbose reify failed optional dependency /root/.npm/_npx/aa98e6899c6baff3/node_modules/@esbuild/aix-ppc64
1898 silly reify mark deleted [ '/root/.npm/_npx/aa98e6899c6baff3/node_modules/@esbuild/aix-ppc64' ]
1899 verbose reify failed optional dependency /root/.npm/_npx/aa98e6899c6baff3/node_modules/@astrojs/compiler-binding-win32-x64-msvc
1900 silly reify mark deleted [
1900 silly reify   '/root/.npm/_npx/aa98e6899c6baff3/node_modules/@astrojs/compiler-binding-win32-x64-msvc'
1900 silly reify ]
1901 verbose reify failed optional dependency /root/.npm/_npx/aa98e6899c6baff3/node_modules/@astrojs/compiler-binding-win32-arm64-msvc
1902 silly reify mark deleted [
1902 silly reify   '/root/.npm/_npx/aa98e6899c6baff3/node_modules/@astrojs/compiler-binding-win32-arm64-msvc'
1902 silly reify ]
1903 verbose reify failed optional dependency /root/.npm/_npx/aa98e6899c6baff3/node_modules/@astrojs/compiler-binding-wasm32-wasi
1904 silly reify mark deleted [
1904 silly reify   '/root/.npm/_npx/aa98e6899c6baff3/node_modules/@astrojs/compiler-binding-wasm32-wasi'
1904 silly reify ]
1905 verbose reify failed optional dependency /root/.npm/_npx/aa98e6899c6baff3/node_modules/@astrojs/compiler-binding-linux-x64-musl
1906 silly reify mark deleted [
1906 silly reify   '/root/.npm/_npx/aa98e6899c6baff3/node_modules/@astrojs/compiler-binding-linux-x64-musl'
1906 silly reify ]
1907 verbose reify failed optional dependency /root/.npm/_npx/aa98e6899c6baff3/node_modules/@astrojs/compiler-binding-linux-arm64-musl
1908 silly reify mark deleted [
1908 silly reify   '/root/.npm/_npx/aa98e6899c6baff3/node_modules/@astrojs/compiler-binding-linux-arm64-musl'
1908 silly reify ]
1909 verbose reify failed optional dependency /root/.npm/_npx/aa98e6899c6baff3/node_modules/@astrojs/compiler-binding-linux-arm64-gnu
1910 silly reify mark deleted [
1910 silly reify   '/root/.npm/_npx/aa98e6899c6baff3/node_modules/@astrojs/compiler-binding-linux-arm64-gnu'
1910 silly reify ]
1911 verbose reify failed optional dependency /root/.npm/_npx/aa98e6899c6baff3/node_modules/@astrojs/compiler-binding-darwin-x64
1912 silly reify mark deleted [
1912 silly reify   '/root/.npm/_npx/aa98e6899c6baff3/node_modules/@astrojs/compiler-binding-darwin-x64'
1912 silly reify ]
1913 verbose reify failed optional dependency /root/.npm/_npx/aa98e6899c6baff3/node_modules/@astrojs/compiler-binding-darwin-arm64
1914 silly reify mark deleted [
1914 silly reify   '/root/.npm/_npx/aa98e6899c6baff3/node_modules/@astrojs/compiler-binding-darwin-arm64'
1914 silly reify ]
1915 verbose reify failed optional dependency /root/.npm/_npx/aa98e6899c6baff3/node_modules/@astrojs/compiler-binding-android-arm64
1916 silly reify mark deleted [
1916 silly reify   '/root/.npm/_npx/aa98e6899c6baff3/node_modules/@astrojs/compiler-binding-android-arm64'
1916 silly reify ]
1917 http cache @rolldown/pluginutils@https://registry.npmjs.org/@rolldown/pluginutils/-/pluginutils-1.0.1.tgz 0ms (cache hit)
1918 http cache @rolldown/binding-linux-x64-gnu@https://registry.npmjs.org/@rolldown/binding-linux-x64-gnu/-/binding-linux-x64-gnu-1.2.11.tgz 0ms (cache hit)
1919 http cache nanoid@https://registry.npmjs.org/nanoid/-/nanoid-3.3.19.tgz 0ms (cache hit)
1920 http cache lightningcss-linux-x64-gnu@https://registry.npmjs.org/lightningcss-linux-x64-gnu/-/lightningcss-linux-x64-gnu-1.33.0.tgz 0ms (cache hit)
1921 http cache @oxc-project/types@https://registry.npmjs.org/@oxc-project/types/-/types-0.151.0.tgz 0ms (cache hit)
1922 http cache rolldown@https://registry.npmjs.org/rolldown/-/rolldown-1.2.11.tgz 0ms (cache hit)
1923 http cache postcss@https://registry.npmjs.org/postcss/-/postcss-8.5.28.tgz 0ms (cache hit)
1924 http cache unist-util-stringify-position@https://registry.npmjs.org/unist-util-stringify-position/-/unist-util-stringify-position-4.0.0.tgz 0ms (cache hit)
1925 http cache lightningcss@https://registry.npmjs.org/lightningcss/-/lightningcss-1.33.0.tgz 0ms (cache hit)
1926 http cache vfile-message@https://registry.npmjs.org/vfile-message/-/vfile-message-4.0.3.tgz 0ms (cache hit)
1927 http cache uncrypto@https://registry.npmjs.org/uncrypto/-/uncrypto-0.1.3.tgz 0ms (cache hit)
1928 http cache radix3@https://registry.npmjs.org/radix3/-/radix3-1.1.2.tgz 0ms (cache hit)
1929 http cache node-mock-http@https://registry.npmjs.org/node-mock-http/-/node-mock-http-1.0.5.tgz 0ms (cache hit)
1930 http cache iron-webcrypto@https://registry.npmjs.org/iron-webcrypto/-/iron-webcrypto-1.2.1.tgz 0ms (cache hit)
1931 http cache defu@https://registry.npmjs.org/defu/-/defu-6.1.7.tgz 0ms (cache hit)
1932 http cache crossws@https://registry.npmjs.org/crossws/-/crossws-0.3.5.tgz 0ms (cache hit)
1933 http cache cookie-es@https://registry.npmjs.org/cookie-es/-/cookie-es-1.2.3.tgz 0ms (cache hit)
1934 http cache readdirp@https://registry.npmjs.org/readdirp/-/readdirp-5.1.1.tgz 0ms (cache hit)
1935 http cache normalize-path@https://registry.npmjs.org/normalize-path/-/normalize-path-3.0.0.tgz 0ms (cache hit)
1936 http cache ufo@https://registry.npmjs.org/ufo/-/ufo-1.6.4.tgz 0ms (cache hit)
1937 http cache ofetch@https://registry.npmjs.org/ofetch/-/ofetch-1.5.1.tgz 0ms (cache hit)
1938 http cache node-fetch-native@https://registry.npmjs.org/node-fetch-native/-/node-fetch-native-1.6.7.tgz 0ms (cache hit)
1939 http cache lru-cache@https://registry.npmjs.org/lru-cache/-/lru-cache-11.5.3.tgz 0ms (cache hit)
1940 http cache h3@https://registry.npmjs.org/h3/-/h3-1.15.11.tgz 0ms (cache hit)
1941 http cache destr@https://registry.npmjs.org/destr/-/destr-2.0.5.tgz 0ms (cache hit)
1942 http cache chokidar@https://registry.npmjs.org/chokidar/-/chokidar-5.0.0.tgz 0ms (cache hit)
1943 http cache anymatch@https://registry.npmjs.org/anymatch/-/anymatch-3.1.3.tgz 0ms (cache hit)
1944 http cache unist-util-is@https://registry.npmjs.org/unist-util-is/-/unist-util-is-6.0.1.tgz 0ms (cache hit)
1945 http cache unist-util-visit-parents@https://registry.npmjs.org/unist-util-visit-parents/-/unist-util-visit-parents-6.0.2.tgz 0ms (cache hit)
1946 http cache undici@https://registry.npmjs.org/undici/-/undici-8.11.2.tgz 0ms (cache hit)
1947 http cache trough@https://registry.npmjs.org/trough/-/trough-2.2.0.tgz 0ms (cache hit)
1948 http cache ohash@https://registry.npmjs.org/ohash/-/ohash-2.0.12.tgz 0ms (cache hit)
1949 http cache is-plain-obj@https://registry.npmjs.org/is-plain-obj/-/is-plain-obj-4.1.0.tgz 0ms (cache hit)
1950 http cache bail@https://registry.npmjs.org/bail/-/bail-2.0.2.tgz 0ms (cache hit)
1951 http cache extend@https://registry.npmjs.org/extend/-/extend-3.0.2.tgz 0ms (cache hit)
1952 http cache fdir@https://registry.npmjs.org/fdir/-/fdir-6.5.0.tgz 0ms (cache hit)
1953 http cache entities@https://registry.npmjs.org/entities/-/entities-4.5.0.tgz 0ms (cache hit)
1954 http cache dom-serializer@https://registry.npmjs.org/dom-serializer/-/dom-serializer-2.0.0.tgz 0ms (cache hit)
1955 http cache domelementtype@https://registry.npmjs.org/domelementtype/-/domelementtype-2.3.0.tgz 0ms (cache hit)
1956 http cache mdn-data@https://registry.npmjs.org/mdn-data/-/mdn-data-2.27.1.tgz 0ms (cache hit)
1957 http cache nth-check@https://registry.npmjs.org/nth-check/-/nth-check-2.1.1.tgz 0ms (cache hit)
1958 http cache domutils@https://registry.npmjs.org/domutils/-/domutils-3.2.2.tgz 0ms (cache hit)
1959 http cache domhandler@https://registry.npmjs.org/domhandler/-/domhandler-5.0.3.tgz 0ms (cache hit)
1960 http cache boolbase@https://registry.npmjs.org/boolbase/-/boolbase-1.0.0.tgz 0ms (cache hit)
1961 http cache csso@https://registry.npmjs.org/csso/-/csso-5.0.5.tgz 0ms (cache hit)
1962 http cache sax@https://registry.npmjs.org/sax/-/sax-1.6.1.tgz 0ms (cache hit)
1963 http cache css-what@https://registry.npmjs.org/css-what/-/css-what-7.0.0.tgz 0ms (cache hit)
1964 http cache picocolors@https://registry.npmjs.org/picocolors/-/picocolors-1.1.1.tgz 0ms (cache hit)
1965 http cache css-tree@https://registry.npmjs.org/css-tree/-/css-tree-3.2.1.tgz 0ms (cache hit)
1966 http cache css-select@https://registry.npmjs.org/css-select/-/css-select-6.0.0.tgz 0ms (cache hit)
1967 http cache commander@https://registry.npmjs.org/commander/-/commander-11.1.0.tgz 0ms (cache hit)
1968 http cache character-entities-html4@https://registry.npmjs.org/character-entities-html4/-/character-entities-html4-2.1.0.tgz 0ms (cache hit)
1969 http cache character-entities-legacy@https://registry.npmjs.org/character-entities-legacy/-/character-entities-legacy-3.0.0.tgz 0ms (cache hit)
1970 http cache regex-utilities@https://registry.npmjs.org/regex-utilities/-/regex-utilities-2.3.0.tgz 0ms (cache hit)
1971 http cache regex-recursion@https://registry.npmjs.org/regex-recursion/-/regex-recursion-6.0.2.tgz 0ms (cache hit)
1972 http cache regex@https://registry.npmjs.org/regex/-/regex-6.1.0.tgz 0ms (cache hit)
1973 http cache oniguruma-parser@https://registry.npmjs.org/oniguruma-parser/-/oniguruma-parser-0.12.2.tgz 0ms (cache hit)
1974 http cache micromark-util-types@https://registry.npmjs.org/micromark-util-types/-/micromark-util-types-2.0.3.tgz 0ms (cache hit)
1975 http cache micromark-util-symbol@https://registry.npmjs.org/micromark-util-symbol/-/micromark-util-symbol-2.0.1.tgz 0ms (cache hit)
1976 http cache micromark-util-encode@https://registry.npmjs.org/micromark-util-encode/-/micromark-util-encode-2.0.1.tgz 0ms (cache hit)
1977 http cache dequal@https://registry.npmjs.org/dequal/-/dequal-2.0.3.tgz 0ms (cache hit)
1978 http cache unist-util-position@https://registry.npmjs.org/unist-util-position/-/unist-util-position-5.0.0.tgz 0ms (cache hit)
1979 http cache vfile@https://registry.npmjs.org/vfile/-/vfile-6.0.3.tgz 0ms (cache hit)
1980 http cache micromark-util-character@https://registry.npmjs.org/micromark-util-character/-/micromark-util-character-2.1.1.tgz 0ms (cache hit)
1981 http cache micromark-util-sanitize-uri@https://registry.npmjs.org/micromark-util-sanitize-uri/-/micromark-util-sanitize-uri-2.0.1.tgz 0ms (cache hit)
1982 http cache trim-lines@https://registry.npmjs.org/trim-lines/-/trim-lines-3.0.1.tgz 0ms (cache hit)
1983 http cache devlop@https://registry.npmjs.org/devlop/-/devlop-1.1.0.tgz 0ms (cache hit)
1984 http cache @ungap/structured-clone@https://registry.npmjs.org/@ungap/structured-clone/-/structured-clone-1.4.0.tgz 0ms (cache hit)
1985 http cache zwitch@https://registry.npmjs.org/zwitch/-/zwitch-2.0.4.tgz 0ms (cache hit)
1986 http cache space-separated-tokens@https://registry.npmjs.org/space-separated-tokens/-/space-separated-tokens-2.0.2.tgz 0ms (cache hit)
1987 http cache stringify-entities@https://registry.npmjs.org/stringify-entities/-/stringify-entities-4.0.4.tgz 0ms (cache hit)
1988 http cache property-information@https://registry.npmjs.org/property-information/-/property-information-7.2.0.tgz 0ms (cache hit)
1989 http cache mdast-util-to-hast@https://registry.npmjs.org/mdast-util-to-hast/-/mdast-util-to-hast-13.2.1.tgz 0ms (cache hit)
1990 http cache html-void-elements@https://registry.npmjs.org/html-void-elements/-/html-void-elements-3.0.0.tgz 0ms (cache hit)
1991 http cache comma-separated-tokens@https://registry.npmjs.org/comma-separated-tokens/-/comma-separated-tokens-2.0.3.tgz 0ms (cache hit)
1992 http cache ccount@https://registry.npmjs.org/ccount/-/ccount-2.0.1.tgz 0ms (cache hit)
1993 http cache hast-util-whitespace@https://registry.npmjs.org/hast-util-whitespace/-/hast-util-whitespace-3.0.0.tgz 0ms (cache hit)
1994 http cache oniguruma-to-es@https://registry.npmjs.org/oniguruma-to-es/-/oniguruma-to-es-4.3.6.tgz 0ms (cache hit)
1995 http cache hast-util-to-html@https://registry.npmjs.org/hast-util-to-html/-/hast-util-to-html-9.0.5.tgz 0ms (cache hit)
1996 http cache @shikijs/primitive@https://registry.npmjs.org/@shikijs/primitive/-/primitive-4.4.3.tgz 0ms (cache hit)
1997 http cache @shikijs/vscode-textmate@https://registry.npmjs.org/@shikijs/vscode-textmate/-/vscode-textmate-10.0.2.tgz 0ms (cache hit)
1998 http cache @shikijs/themes@https://registry.npmjs.org/@shikijs/themes/-/themes-4.4.3.tgz 0ms (cache hit)
1999 http cache @shikijs/types@https://registry.npmjs.org/@shikijs/types/-/types-4.4.3.tgz 0ms (cache hit)
2000 http cache @shikijs/langs@https://registry.npmjs.org/@shikijs/langs/-/langs-4.4.3.tgz 0ms (cache hit)
2001 http cache @shikijs/engine-oniguruma@https://registry.npmjs.org/@shikijs/engine-oniguruma/-/engine-oniguruma-4.4.3.tgz 0ms (cache hit)
2002 http cache @shikijs/engine-javascript@https://registry.npmjs.org/@shikijs/engine-javascript/-/engine-javascript-4.4.3.tgz 0ms (cache hit)
2003 http cache @img/sharp-wasm32@https://registry.npmjs.org/@img/sharp-wasm32/-/sharp-wasm32-0.35.5.tgz 0ms (cache hit)
2004 http cache @shikijs/core@https://registry.npmjs.org/@shikijs/core/-/core-4.4.3.tgz 0ms (cache hit)
2005 http cache semver@https://registry.npmjs.org/semver/-/semver-7.8.5.tgz 0ms (cache hit)
2006 http cache detect-libc@https://registry.npmjs.org/detect-libc/-/detect-libc-2.1.2.tgz 0ms (cache hit)
2007 http cache @img/sharp-linux-x64@https://registry.npmjs.org/@img/sharp-linux-x64/-/sharp-linux-x64-0.35.5.tgz 0ms (cache hit)
2008 http cache @img/sharp-libvips-linux-x64@https://registry.npmjs.org/@img/sharp-libvips-linux-x64/-/sharp-libvips-linux-x64-1.3.4.tgz 0ms (cache hit)
2009 http cache @img/colour@https://registry.npmjs.org/@img/colour/-/colour-1.1.0.tgz 0ms (cache hit)
2010 http cache @types/estree@https://registry.npmjs.org/@types/estree/-/estree-1.0.9.tgz 0ms (cache hit)
2011 http cache @types/estree-jsx@https://registry.npmjs.org/@types/estree-jsx/-/estree-jsx-1.0.5.tgz 0ms (cache hit)
2012 http cache unist-util-visit@https://registry.npmjs.org/unist-util-visit/-/unist-util-visit-5.1.0.tgz 0ms (cache hit)
2013 http cache @bruits/satteri-linux-x64-gnu@https://registry.npmjs.org/@bruits/satteri-linux-x64-gnu/-/satteri-linux-x64-gnu-0.10.5.tgz 0ms (cache hit)
2014 http cache nlcst-to-string@https://registry.npmjs.org/nlcst-to-string/-/nlcst-to-string-4.0.0.tgz 0ms (cache hit)
2015 http cache @types/nlcst@https://registry.npmjs.org/@types/nlcst/-/nlcst-2.0.3.tgz 0ms (cache hit)
2016 http cache p-timeout@https://registry.npmjs.org/p-timeout/-/p-timeout-7.0.2.tgz 0ms (cache hit)
2017 http cache yocto-queue@https://registry.npmjs.org/yocto-queue/-/yocto-queue-1.2.2.tgz 0ms (cache hit)
2018 http cache eventemitter3@https://registry.npmjs.org/eventemitter3/-/eventemitter3-5.0.4.tgz 0ms (cache hit)
2019 http cache @babel/helper-validator-identifier@https://registry.npmjs.org/@babel/helper-validator-identifier/-/helper-validator-identifier-7.29.7.tgz 0ms (cache hit)
2020 http cache @babel/helper-string-parser@https://registry.npmjs.org/@babel/helper-string-parser/-/helper-string-parser-7.29.7.tgz 0ms (cache hit)
2021 http cache source-map-js@https://registry.npmjs.org/source-map-js/-/source-map-js-1.2.2.tgz 0ms (cache hit)
2022 http cache @babel/types@https://registry.npmjs.org/@babel/types/-/types-7.29.8.tgz 0ms (cache hit)
2023 http cache @babel/parser@https://registry.npmjs.org/@babel/parser/-/parser-7.29.9.tgz 0ms (cache hit)
2024 http cache argparse@https://registry.npmjs.org/argparse/-/argparse-2.0.1.tgz 0ms (cache hit)
2025 http cache @jridgewell/sourcemap-codec@https://registry.npmjs.org/@jridgewell/sourcemap-codec/-/sourcemap-codec-1.6.0.tgz 0ms (cache hit)
2026 http cache resolve-pkg-maps@https://registry.npmjs.org/resolve-pkg-maps/-/resolve-pkg-maps-1.0.0.tgz 0ms (cache hit)
2027 http cache tiny-inflate@https://registry.npmjs.org/tiny-inflate/-/tiny-inflate-1.0.3.tgz 0ms (cache hit)
2028 http cache @esbuild/linux-x64@https://registry.npmjs.org/@esbuild/linux-x64/-/linux-x64-0.28.2.tgz 0ms (cache hit)
2029 http cache process-ancestry@https://registry.npmjs.org/process-ancestry/-/process-ancestry-0.1.0.tgz 0ms (cache hit)
2030 http cache fast-string-truncated-width@https://registry.npmjs.org/fast-string-truncated-width/-/fast-string-truncated-width-3.0.3.tgz 0ms (cache hit)
2031 http cache @types/unist@https://registry.npmjs.org/@types/unist/-/unist-3.0.3.tgz 0ms (cache hit)
2032 http cache @tybys/wasm-util@https://registry.npmjs.org/@tybys/wasm-util/-/wasm-util-0.10.4.tgz 0ms (cache hit)
2033 http cache tslib@https://registry.npmjs.org/tslib/-/tslib-2.8.1.tgz 0ms (cache hit)
2034 http cache sisteransi@https://registry.npmjs.org/sisteransi/-/sisteransi-1.0.5.tgz 0ms (cache hit)
2035 http cache @emnapi/wasi-threads@https://registry.npmjs.org/@emnapi/wasi-threads/-/wasi-threads-1.2.3.tgz 0ms (cache hit)
2036 http cache fast-wrap-ansi@https://registry.npmjs.org/fast-wrap-ansi/-/fast-wrap-ansi-0.2.2.tgz 0ms (cache hit)
2037 http cache @clack/core@https://registry.npmjs.org/@clack/core/-/core-1.5.1.tgz 0ms (cache hit)
2038 http cache fast-string-width@https://registry.npmjs.org/fast-string-width/-/fast-string-width-3.0.2.tgz 0ms (cache hit)
2039 http cache fontkitten@https://registry.npmjs.org/fontkitten/-/fontkitten-1.0.3.tgz 0ms (cache hit)
2040 http cache is-docker@https://registry.npmjs.org/is-docker/-/is-docker-4.0.0.tgz 0ms (cache hit)
2041 http cache prismjs@https://registry.npmjs.org/prismjs/-/prismjs-1.30.0.tgz 0ms (cache hit)
2042 http cache satteri@https://registry.npmjs.org/satteri/-/satteri-0.10.5.tgz 0ms (cache hit)
2043 http cache @astrojs/prism@https://registry.npmjs.org/@astrojs/prism/-/prism-4.0.2.tgz 0ms (cache hit)
2044 http cache unified@https://registry.npmjs.org/unified/-/unified-11.0.5.tgz 0ms (cache hit)
2045 http cache retext-smartypants@https://registry.npmjs.org/retext-smartypants/-/retext-smartypants-6.2.0.tgz 0ms (cache hit)
2046 http cache @types/mdast@https://registry.npmjs.org/@types/mdast/-/mdast-4.0.4.tgz 0ms (cache hit)
2047 http cache @types/hast@https://registry.npmjs.org/@types/hast/-/hast-3.0.5.tgz 0ms (cache hit)
2048 http cache @napi-rs/wasm-runtime@https://registry.npmjs.org/@napi-rs/wasm-runtime/-/wasm-runtime-1.2.4.tgz 0ms (cache hit)
2049 http cache @emnapi/runtime@https://registry.npmjs.org/@emnapi/runtime/-/runtime-1.11.3.tgz 0ms (cache hit)
2050 http cache @emnapi/core@https://registry.npmjs.org/@emnapi/core/-/core-1.11.3.tgz 0ms (cache hit)
2051 http cache @astrojs/compiler-binding-linux-x64-gnu@https://registry.npmjs.org/@astrojs/compiler-binding-linux-x64-gnu/-/compiler-binding-linux-x64-gnu-0.5.1.tgz 0ms (cache hit)
2052 http cache @astrojs/compiler-binding@https://registry.npmjs.org/@astrojs/compiler-binding/-/compiler-binding-0.5.1.tgz 0ms (cache hit)
2053 http cache zod@https://registry.npmjs.org/zod/-/zod-4.6.5.tgz 0ms (cache hit)
2054 http cache yargs-parser@https://registry.npmjs.org/yargs-parser/-/yargs-parser-22.0.0.tgz 0ms (cache hit)
2055 http cache xxhash-wasm@https://registry.npmjs.org/xxhash-wasm/-/xxhash-wasm-1.1.0.tgz 0ms (cache hit)
2056 http cache vitefu@https://registry.npmjs.org/vitefu/-/vitefu-1.1.3.tgz 0ms (cache hit)
2057 http cache vite@https://registry.npmjs.org/vite/-/vite-8.3.1.tgz 0ms (cache hit)
2058 http cache verkit@https://registry.npmjs.org/verkit/-/verkit-0.4.1.tgz 0ms (cache hit)
2059 http cache ultrahtml@https://registry.npmjs.org/ultrahtml/-/ultrahtml-1.7.0.tgz 0ms (cache hit)
2060 http cache unifont@https://registry.npmjs.org/unifont/-/unifont-0.7.5.tgz 0ms (cache hit)
2061 http cache tinyglobby@https://registry.npmjs.org/tinyglobby/-/tinyglobby-0.2.17.tgz 0ms (cache hit)
2062 http cache tinyexec@https://registry.npmjs.org/tinyexec/-/tinyexec-1.3.1.tgz 0ms (cache hit)
2063 http cache tinyclip@https://registry.npmjs.org/tinyclip/-/tinyclip-1.0.3.tgz 0ms (cache hit)
2064 http cache svgo@https://registry.npmjs.org/svgo/-/svgo-4.1.0.tgz 0ms (cache hit)
2065 http cache unstorage@https://registry.npmjs.org/unstorage/-/unstorage-1.17.5.tgz 0ms (cache hit)
2066 http cache smol-toml@https://registry.npmjs.org/smol-toml/-/smol-toml-1.9.0.tgz 0ms (cache hit)
2067 http cache shiki@https://registry.npmjs.org/shiki/-/shiki-4.4.3.tgz 0ms (cache hit)
2068 http cache sharp@https://registry.npmjs.org/sharp/-/sharp-0.35.5.tgz 0ms (cache hit)
2069 http cache picomatch@https://registry.npmjs.org/picomatch/-/picomatch-4.0.7.tgz 0ms (cache hit)
2070 http cache piccolore@https://registry.npmjs.org/piccolore/-/piccolore-0.1.3.tgz 0ms (cache hit)
2071 http cache package-manager-detector@https://registry.npmjs.org/package-manager-detector/-/package-manager-detector-1.8.0.tgz 0ms (cache hit)
2072 http cache p-queue@https://registry.npmjs.org/p-queue/-/p-queue-9.3.3.tgz 0ms (cache hit)
2073 http cache p-limit@https://registry.npmjs.org/p-limit/-/p-limit-7.3.3.tgz 0ms (cache hit)
2074 http cache obug@https://registry.npmjs.org/obug/-/obug-3.0.0.tgz 0ms (cache hit)
2075 http cache neotraverse@https://registry.npmjs.org/neotraverse/-/neotraverse-1.0.1.tgz 0ms (cache hit)
2076 http cache mrmime@https://registry.npmjs.org/mrmime/-/mrmime-2.0.1.tgz 0ms (cache hit)
2077 http cache magicast@https://registry.npmjs.org/magicast/-/magicast-0.5.5.tgz 0ms (cache hit)
2078 http cache magic-string@https://registry.npmjs.org/magic-string/-/magic-string-1.4.2.tgz 0ms (cache hit)
2079 http cache jsonc-parser@https://registry.npmjs.org/jsonc-parser/-/jsonc-parser-3.3.1.tgz 0ms (cache hit)
2080 http cache js-yaml@https://registry.npmjs.org/js-yaml/-/js-yaml-4.3.2.tgz 0ms (cache hit)
2081 http cache html-escaper@https://registry.npmjs.org/html-escaper/-/html-escaper-3.0.3.tgz 0ms (cache hit)
2082 http cache http-cache-semantics@https://registry.npmjs.org/http-cache-semantics/-/http-cache-semantics-4.2.0.tgz 0ms (cache hit)
2083 http cache github-slugger@https://registry.npmjs.org/github-slugger/-/github-slugger-2.0.0.tgz 0ms (cache hit)
2084 http cache fontace@https://registry.npmjs.org/fontace/-/fontace-0.4.1.tgz 0ms (cache hit)
2085 http cache get-tsconfig@https://registry.npmjs.org/get-tsconfig/-/get-tsconfig-5.0.0-beta.4.tgz 0ms (cache hit)
2086 http cache flattie@https://registry.npmjs.org/flattie/-/flattie-1.1.1.tgz 0ms (cache hit)
2087 http cache find-proc@https://registry.npmjs.org/find-proc/-/find-proc-0.2.0.tgz 0ms (cache hit)
2088 http cache es-module-lexer@https://registry.npmjs.org/es-module-lexer/-/es-module-lexer-2.3.2.tgz 0ms (cache hit)
2089 http cache esbuild@https://registry.npmjs.org/esbuild/-/esbuild-0.28.2.tgz 0ms (cache hit)
2090 http cache dset@https://registry.npmjs.org/dset/-/dset-3.1.4.tgz 0ms (cache hit)
2091 http cache diff@https://registry.npmjs.org/diff/-/diff-9.0.0.tgz 0ms (cache hit)
2092 http cache cookie@https://registry.npmjs.org/cookie/-/cookie-2.0.1.tgz 0ms (cache hit)
2093 http cache common-ancestor-path@https://registry.npmjs.org/common-ancestor-path/-/common-ancestor-path-2.0.0.tgz 0ms (cache hit)
2094 http cache devalue@https://registry.npmjs.org/devalue/-/devalue-5.9.4.tgz 0ms (cache hit)
2095 http cache clsx@https://registry.npmjs.org/clsx/-/clsx-2.1.1.tgz 0ms (cache hit)
2096 http cache ci-info@https://registry.npmjs.org/ci-info/-/ci-info-4.4.0.tgz 0ms (cache hit)
2097 http cache axobject-query@https://registry.npmjs.org/axobject-query/-/axobject-query-4.1.0.tgz 0ms (cache hit)
2098 http cache aria-query@https://registry.npmjs.org/aria-query/-/aria-query-5.3.2.tgz 0ms (cache hit)
2099 http cache am-i-vibing@https://registry.npmjs.org/am-i-vibing/-/am-i-vibing-0.4.0.tgz 0ms (cache hit)
2100 http cache @oslojs/encoding@https://registry.npmjs.org/@oslojs/encoding/-/encoding-1.1.0.tgz 0ms (cache hit)
2101 http cache @clack/prompts@https://registry.npmjs.org/@clack/prompts/-/prompts-1.8.1.tgz 0ms (cache hit)
2102 http cache @capsizecss/unpack@https://registry.npmjs.org/@capsizecss/unpack/-/unpack-4.0.1.tgz 0ms (cache hit)
2103 http cache @astrojs/telemetry@https://registry.npmjs.org/@astrojs/telemetry/-/telemetry-3.3.3.tgz 0ms (cache hit)
2104 http cache @astrojs/markdown-satteri@https://registry.npmjs.org/@astrojs/markdown-satteri/-/markdown-satteri-0.4.2.tgz 0ms (cache hit)
2105 http cache @astrojs/internal-helpers@https://registry.npmjs.org/@astrojs/internal-helpers/-/internal-helpers-0.11.0.tgz 0ms (cache hit)
2106 http cache @astrojs/compiler-rs@https://registry.npmjs.org/@astrojs/compiler-rs/-/compiler-rs-0.5.1.tgz 0ms (cache hit)
2107 http cache astro@https://registry.npmjs.org/astro/-/astro-7.3.5.tgz 0ms (cache hit)
2108 http cache picomatch@https://registry.npmjs.org/picomatch/-/picomatch-2.3.2.tgz 0ms (cache hit)
2109 http cache mdn-data@https://registry.npmjs.org/mdn-data/-/mdn-data-2.0.28.tgz 0ms (cache hit)
2110 http cache css-tree@https://registry.npmjs.org/css-tree/-/css-tree-2.2.1.tgz 0ms (cache hit)
2111 http cache @emnapi/wasi-threads@https://registry.npmjs.org/@emnapi/wasi-threads/-/wasi-threads-1.2.2.tgz 0ms (cache hit)
2112 http cache @emnapi/runtime@https://registry.npmjs.org/@emnapi/runtime/-/runtime-1.11.1.tgz 0ms (cache hit)
2113 http cache @emnapi/core@https://registry.npmjs.org/@emnapi/core/-/core-1.11.1.tgz 0ms (cache hit)
2114 silly tarball no local data for source-map-js@https://registry.npmjs.org/source-map-js/-/source-map-js-1.2.2.tgz. Extracting by manifest.
2115 http fetch POST 200 https://registry.npmjs.org/-/npm/v1/security/advisories/bulk 1276ms
2116 silly audit report {}
2117 http fetch GET 200 https://registry.npmjs.org/source-map-js/-/source-map-js-1.2.2.tgz 1591ms (cache miss)
2118 info run esbuild@0.28.2 postinstall node_modules/esbuild node install.js
2119 info run esbuild@0.28.2 postinstall { code: 0, signal: null }
